group	accession	protein_length	double_core	repeat1	repeat1_i_evalue	repeat2	repeat2_i_evalue
CMD-like	tr|I7Z8J4|I7Z8J4_9GAMM	129	0				
CMD-like	tr|A0A010S689|A0A010S689_9PEZI	153	0				
CMD-like	tr|A0A023BMX0|A0A023BMX0_9FLAO	146	0				
CMD-like	tr|A0A023BRL1|A0A023BRL1_9FLAO	150	0				
CMD-like	tr|A0A023CUR5|A0A023CUR5_9LACO	124	0				
CMD-like	tr|A0A023D4P7|A0A023D4P7_ACIMT	127	0				
CMD-like	tr|A0A023D7K9|A0A023D7K9_ACIMT	138	0				
CMD-like	tr|A0A024K4G9|A0A024K4G9_9MYCO	126	0				
CMD-like	tr|A0A024P9Y6|A0A024P9Y6_9BACI	135	0				
CMD-like	tr|A0A051TXB5|A0A051TXB5_9MYCO	198	0				
CMD-like	tr|A0A058ZHT7|A0A058ZHT7_9RHOB	151	0				
CMD-like	tr|A0A059FTL2|A0A059FTL2_9PROT	194	0				
CMD-like	tr|A0A059FTU8|A0A059FTU8_9PROT	191	0				
CMD-like	tr|A0A059G5X8|A0A059G5X8_9PROT	178	0				
CMD-like	tr|A0A059MME1|A0A059MME1_9NOCA	197	0				
CMD-like	tr|A0A059XZZ4|A0A059XZZ4_9BACT	139	0				
CMD-like	tr|A0A059ZFV3|A0A059ZFV3_ACIBA	137	0				
CMD-like	tr|A0A060M629|A0A060M629_9BACI	121	0				
CMD-like	tr|A0A060V099|A0A060V099_9PROT	136	0				
CMD-like	tr|A0A061SSK1|A0A061SSK1_9RHOB	188	0				
CMD-like	tr|A0A062UKZ8|A0A062UKZ8_9PROT	190	0				
CMD-like	tr|A0A062UZZ9|A0A062UZZ9_9EURY	130	0				
CMD-like	tr|A0A066RMY7|A0A066RMY7_9GAMM	194	0				
CMD-like	tr|A0A066UP90|A0A066UP90_9VIBR	188	0				
CMD-like	tr|A0A066Z381|A0A066Z381_9ACTN	160	0				
CMD-like	tr|A0A068R319|A0A068R319_9GAMM	168	0				
CMD-like	tr|A0A069P380|A0A069P380_9BURK	198	0				
CMD-like	tr|A0A069PBD1|A0A069PBD1_9BURK	150	0				
CMD-like	tr|A0A069PCN1|A0A069PCN1_9BURK	129	0				
CMD-like	tr|A0A069PSM6|A0A069PSM6_9BURK	175	0				
CMD-like	tr|A0A069PTS4|A0A069PTS4_9BURK	131	0				
CMD-like	tr|A0A072PL28|A0A072PL28_9EURO	179	0				
CMD-like	tr|A0A073B8C1|A0A073B8C1_9PSEU	131	0				
CMD-like	tr|A0A074MKG0|A0A074MKG0_9SPHN	188	0				
CMD-like	tr|A0A074WPU6|A0A074WPU6_9PEZI	199	0				
CMD-like	tr|A0A075ULG2|A0A075ULG2_9PSEU	167	0				
CMD-like	tr|A0A076MU83|A0A076MU83_AMYME	172	0				
CMD-like	tr|A0A077M5Z6|A0A077M5Z6_9MICO	197	0				
CMD-like	tr|A0A077PJA5|A0A077PJA5_XENBV	140	0				
CMD-like	tr|A0A081BFC8|A0A081BFC8_9HYPH	181	0				
CMD-like	tr|A0A081C5Y5|A0A081C5Y5_VECG1	120	0				
CMD-like	tr|A0A081C9I9|A0A081C9I9_VECG1	129	0				
CMD-like	tr|A0A081CAQ8|A0A081CAQ8_VECG1	133	0				
CMD-like	tr|A0A081G4R0|A0A081G4R0_9GAMM	130	0				
CMD-like	tr|A0A081LCL1|A0A081LCL1_9BACI	124	0				
CMD-like	tr|A0A085G4R9|A0A085G4R9_9ENTR	142	0				
CMD-like	tr|A0A085Z5E7|A0A085Z5E7_9FLAO	147	0				
CMD-like	tr|A0A086A823|A0A086A823_9FLAO	148	0				
CMD-like	tr|A0A086ADJ1|A0A086ADJ1_9FLAO	138	0				
CMD-like	tr|A0A086AUD2|A0A086AUD2_FLAHY	151	0				
CMD-like	tr|A0A086Z2F1|A0A086Z2F1_9BIFI	132	0				
CMD-like	tr|A0A087LY64|A0A087LY64_DEVRI	131	0				
CMD-like	tr|A0A089LZU4|A0A089LZU4_9BACL	131	0				
CMD-like	tr|A0A089ZJ83|A0A089ZJ83_METFO	151	0				
CMD-like	tr|A0A090UZV0|A0A090UZV0_PSEVU	120	0				
CMD-like	tr|A0A091ID22|A0A091ID22_CALAN	195	0				
CMD-like	tr|A0A091RGX5|A0A091RGX5_9AVES	148	0				
CMD-like	tr|A0A093HKU0|A0A093HKU0_STRCA	205	0				
CMD-like	tr|A0A094IW00|A0A094IW00_9GAMM	182	0				
CMD-like	tr|A0A094YPF2|A0A094YPF2_9PROT	125	0				
CMD-like	tr|A0A097EJI6|A0A097EJI6_9SPHN	187	0				
CMD-like	tr|A0A098C1B4|A0A098C1B4_9BACT	157	0				
CMD-like	tr|A0A098G9Z1|A0A098G9Z1_9GAMM	188	0				
CMD-like	tr|A0A098R599|A0A098R599_9LACO	127	0				
CMD-like	tr|A0A098YC93|A0A098YC93_9ACTN	136	0				
CMD-like	tr|A0A0A0EBU2|A0A0A0EBU2_9RHOB	187	0				
CMD-like	tr|A0A0A0ELC3|A0A0A0ELC3_9GAMM	149	0				
CMD-like	tr|A0A0A0JMX6|A0A0A0JMX6_9MICO	170	0				
CMD-like	tr|A0A0A0JVK1|A0A0A0JVK1_9MICO	192	0				
CMD-like	tr|A0A0A1DL70|A0A0A1DL70_NOCSI	149	0				
CMD-like	tr|A0A0A1MBI4|A0A0A1MBI4_9BACI	150	0				
CMD-like	tr|A0A0A1YQV4|A0A0A1YQV4_9PSED	130	0				
CMD-like	tr|A0A0A2LI06|A0A0A2LI06_9FLAO	144	0				
CMD-like	tr|A0A0A2LN51|A0A0A2LN51_9FLAO	159	0				
CMD-like	tr|A0A0A2M3X0|A0A0A2M3X0_9FLAO	144	0				
CMD-like	tr|A0A0A2WRF9|A0A0A2WRF9_THEFI	128	0				
CMD-like	tr|A0A0A6NYC7|A0A0A6NYC7_9GAMM	141	0				
CMD-like	tr|A0A0A6UID6|A0A0A6UID6_ACTUT	146	0				
CMD-like	tr|A0A0A6YBU5|A0A0A6YBU5_KOCRO	186	0				
CMD-like	tr|A0A0A7PDX2|A0A0A7PDX2_9SPHN	152	0				
CMD-like	tr|A0A0B1ZMW1|A0A0B1ZMW1_9SPHN	138	0				
CMD-like	tr|A0A0B1ZR43|A0A0B1ZR43_9SPHN	206	0				
CMD-like	tr|A0A0B1ZR52|A0A0B1ZR52_9SPHN	121	0				
CMD-like	tr|A0A0B2AE41|A0A0B2AE41_9MICC	155	0				
CMD-like	tr|A0A0B3S3U7|A0A0B3S3U7_9RHOB	134	0				
CMD-like	tr|A0A0B4GVL1|A0A0B4GVL1_METGA	174	0				
CMD-like	tr|A0A0B4X086|A0A0B4X086_9HYPH	153	0				
CMD-like	tr|A0A0B5CRH1|A0A0B5CRH1_NEIEG	210	0				
CMD-like	tr|A0A0B5D8G2|A0A0B5D8G2_9ACTN	154	0				
CMD-like	tr|A0A0B5E6V4|A0A0B5E6V4_9RHOB	184	0				
CMD-like	tr|A0A0B6AGT0|A0A0B6AGT0_PRIM2	138	0				
CMD-like	tr|A0A0B6ALD1|A0A0B6ALD1_PRIM2	143	0				
CMD-like	tr|A0A0B6S1C4|A0A0B6S1C4_BURPL	137	0				
CMD-like	tr|A0A0B6S8E0|A0A0B6S8E0_BURPL	185	0				
CMD-like	tr|A0A0B6SBB6|A0A0B6SBB6_BURPL	188	0				
CMD-like	tr|A0A0B6SC99|A0A0B6SC99_BURPL	184	0				
CMD-like	tr|A0A0B6TTD9|A0A0B6TTD9_9CORY	140	0				
CMD-like	tr|A0A0B7MGP6|A0A0B7MGP6_9FIRM	126	0				
CMD-like	tr|A0A0B8N161|A0A0B8N161_9NOCA	131	0				
CMD-like	tr|A0A0B8NN78|A0A0B8NN78_9NOCA	160	0				
CMD-like	tr|A0A0B8NNC3|A0A0B8NNC3_9NOCA	199	0				
CMD-like	tr|A0A0B8ZSG0|A0A0B8ZSG0_9SPHN	189	0				
CMD-like	tr|A0A0C1DKS5|A0A0C1DKS5_9SPHI	144	0				
CMD-like	tr|A0A0C1FF27|A0A0C1FF27_9FLAO	145	0				
CMD-like	tr|A0A0C1FHD9|A0A0C1FHD9_9SPHI	150	0				
CMD-like	tr|A0A0C1IIP4|A0A0C1IIP4_9BACT	155	0				
CMD-like	tr|A0A0C1L782|A0A0C1L782_9BACT	184	0				
CMD-like	tr|A0A0C1QLP5|A0A0C1QLP5_9RICK	121	0				
CMD-like	tr|A0A0C1YQ76|A0A0C1YQ76_9BURK	139	0				
CMD-like	tr|A0A0C2Y6I2|A0A0C2Y6I2_HEBCY	134	0				
CMD-like	tr|A0A0C3CY75|A0A0C3CY75_OIDMZ	137	0				
CMD-like	tr|A0A0C3F1X9|A0A0C3F1X9_PILCF	132	0				
CMD-like	tr|A0A0C3HR46|A0A0C3HR46_OIDMZ	189	0				
CMD-like	tr|A0A0C5VDM5|A0A0C5VDM5_9GAMM	147	0				
CMD-like	tr|A0A0C9U1L6|A0A0C9U1L6_SPHS4	151	0				
CMD-like	tr|A0A0C9UP56|A0A0C9UP56_SPHS4	180	0				
CMD-like	tr|A0A0C9VCP5|A0A0C9VCP5_SPHS4	196	0				
CMD-like	tr|A0A0D0GJE4|A0A0D0GJE4_9SPHI	141	0				
CMD-like	tr|A0A0D0QDH8|A0A0D0QDH8_9RHOB	126	0				
CMD-like	tr|A0A0D0QDY6|A0A0D0QDY6_9RHOB	177	0				
CMD-like	tr|A0A0D1JTW5|A0A0D1JTW5_9MYCO	190	0				
CMD-like	tr|A0A0D1L776|A0A0D1L776_9MYCO	160	0				
CMD-like	tr|A0A0D1WGU7|A0A0D1WGU7_ANEMI	148	0				
CMD-like	tr|A0A0D1ZNA5|A0A0D1ZNA5_9EURO	130	0				
CMD-like	tr|A0A0D2A0M9|A0A0D2A0M9_9PEZI	165	0				
CMD-like	tr|A0A0D2BM31|A0A0D2BM31_9EURO	190	0				
CMD-like	tr|A0A0D2CJ91|A0A0D2CJ91_9EURO	139	0				
CMD-like	tr|A0A0D2CTW4|A0A0D2CTW4_9EURO	203	0				
CMD-like	tr|A0A0D2D8B1|A0A0D2D8B1_9EURO	191	0				
CMD-like	tr|A0A0D2GYJ1|A0A0D2GYJ1_9EURO	208	0				
CMD-like	tr|A0A0D2HK43|A0A0D2HK43_9EURO	141	0				
CMD-like	tr|A0A0D2IVB4|A0A0D2IVB4_9EURO	199	0				
CMD-like	tr|A0A0D5YE62|A0A0D5YE62_ACIBA	138	0				
CMD-like	tr|A0A0D6ML74|A0A0D6ML74_9PROT	197	0				
CMD-like	tr|A0A0D6PED6|A0A0D6PED6_9PROT	135	0				
CMD-like	tr|A0A0D8FRD0|A0A0D8FRD0_9ACTN	195	0				
CMD-like	tr|A0A0D8FUU2|A0A0D8FUU2_9ACTN	130	0				
CMD-like	tr|A0A0D8HFK4|A0A0D8HFK4_9ACTN	126	0				
CMD-like	tr|A0A0D8HGG7|A0A0D8HGG7_9ACTN	189	0				
CMD-like	tr|A0A0D8HII7|A0A0D8HII7_9ACTN	196	0				
CMD-like	tr|A0A0D8HIP5|A0A0D8HIP5_9ACTN	120	0				
CMD-like	tr|A0A0E3Q558|A0A0E3Q558_9EURY	122	0				
CMD-like	tr|A0A0E3SAF2|A0A0E3SAF2_9EURY	135	0				
CMD-like	tr|A0A0E3ZL20|A0A0E3ZL20_9BURK	183	0				
CMD-like	tr|A0A0E9MXW3|A0A0E9MXW3_9BACT	181	0				
CMD-like	tr|A0A0E9MYT1|A0A0E9MYT1_9BACT	183	0				
CMD-like	tr|A0A0E9N6G1|A0A0E9N6G1_9BACT	146	0				
CMD-like	tr|A0A0F0HDI9|A0A0F0HDI9_LENAE	148	0				
CMD-like	tr|A0A0F0KVR5|A0A0F0KVR5_9MICO	204	0				
CMD-like	tr|A0A0F0LM35|A0A0F0LM35_9MICO	198	0				
CMD-like	tr|A0A0F3IHR0|A0A0F3IHR0_9GAMM	189	0				
CMD-like	tr|A0A0F4GI87|A0A0F4GI87_9PEZI	186	0				
CMD-like	tr|A0A0F4LA32|A0A0F4LA32_9LACO	135	0				
CMD-like	tr|A0A0F4PPC6|A0A0F4PPC6_9GAMM	141	0				
CMD-like	tr|A0A0F5FQC7|A0A0F5FQC7_9HYPH	151	0				
CMD-like	tr|A0A0F5HR88|A0A0F5HR88_BACTR	129	0				
CMD-like	tr|A0A0F5LQ16|A0A0F5LQ16_9HYPH	196	0				
CMD-like	tr|A0A0F5MZ28|A0A0F5MZ28_9MYCO	192	0				
CMD-like	tr|A0A0F6R129|A0A0F6R129_9CORY	133	0				
CMD-like	tr|A0A0F6SGT7|A0A0F6SGT7_9BACT	184	0				
CMD-like	tr|A0A0F6W1B4|A0A0F6W1B4_9BACT	148	0				
CMD-like	tr|A0A0F7JP83|A0A0F7JP83_9DEIO	124	0				
CMD-like	tr|A0A0F7KGL6|A0A0F7KGL6_9PROT	130	0				
CMD-like	tr|A0A0F8AVK0|A0A0F8AVK0_9EURY	180	0				
CMD-like	tr|A0A0F8VSQ2|A0A0F8VSQ2_9EURO	194	0				
CMD-like	tr|A0A0G2FJP6|A0A0G2FJP6_9PEZI	193	0				
CMD-like	tr|A0A0G2FY14|A0A0G2FY14_9PEZI	159	0				
CMD-like	tr|A0A0G3BFW0|A0A0G3BFW0_9BURK	158	0				
CMD-like	tr|A0A0G3BIU9|A0A0G3BIU9_9BURK	186	0				
CMD-like	tr|A0A0G3BSG7|A0A0G3BSG7_9BURK	135	0				
CMD-like	tr|A0A0G3EM14|A0A0G3EM14_9BURK	145	0				
CMD-like	tr|A0A0G3GMI2|A0A0G3GMI2_9PSED	134	0				
CMD-like	tr|A0A0G3H2Y6|A0A0G3H2Y6_9CORY	140	0				
CMD-like	tr|A0A0G3LYH0|A0A0G3LYH0_CHRGL	154	0				
CMD-like	tr|A0A0G4JAS9|A0A0G4JAS9_9BURK	151	0				
CMD-like	tr|A0A0H2KS92|A0A0H2KS92_9MICO	175	0				
CMD-like	tr|A0A0H2LWT2|A0A0H2LWT2_VARPD	154	0				
CMD-like	tr|A0A0H2M224|A0A0H2M224_VARPD	177	0				
CMD-like	tr|A0A0H2ME08|A0A0H2ME08_9PROT	190	0				
CMD-like	tr|A0A0H2MHN3|A0A0H2MHN3_9PROT	142	0				
CMD-like	tr|A0A0H2MUG5|A0A0H2MUG5_9PROT	126	0				
CMD-like	tr|A0A0H2S147|A0A0H2S147_9AGAM	192	0				
CMD-like	tr|A0A0H2VA19|A0A0H2VA19_ECOL6	161	0				
CMD-like	tr|A0A0H2WIY5|A0A0H2WIY5_BURMA	150	0				
CMD-like	tr|A0A0H2XGT6|A0A0H2XGT6_STAA3	140	0				
CMD-like	tr|A0A0H3F6C0|A0A0H3F6C0_RAHSY	143	0				
CMD-like	tr|A0A0H3H0E0|A0A0H3H0E0_KLEM8	143	0				
CMD-like	tr|A0A0H3H1T7|A0A0H3H1T7_KLEPH	143	0				
CMD-like	tr|A0A0H3KF57|A0A0H3KF57_BURM1	145	0				
CMD-like	tr|A0A0H3LIJ0|A0A0H3LIJ0_BORBR	127	0				
CMD-like	tr|A0A0J1BHG4|A0A0J1BHG4_RHOIS	170	0				
CMD-like	tr|A0A0J6HHA1|A0A0J6HHA1_9BACI	130	0				
CMD-like	tr|A0A0J6SPS4|A0A0J6SPS4_9HYPH	206	0				
CMD-like	tr|A0A0J6WK03|A0A0J6WK03_9MYCO	194	0				
CMD-like	tr|A0A0J6WPL5|A0A0J6WPL5_9MYCO	194	0				
CMD-like	tr|A0A0J6Y146|A0A0J6Y146_9MYCO	195	0				
CMD-like	tr|A0A0J8VBV1|A0A0J8VBV1_9GAMM	208	0				
CMD-like	tr|A0A0K0Y334|A0A0K0Y334_9RHOB	197	0				
CMD-like	tr|A0A0K1EH59|A0A0K1EH59_CHOCO	155	0				
CMD-like	tr|A0A0K1PGL8|A0A0K1PGL8_9BACT	193	0				
CMD-like	tr|A0A0K1PKF6|A0A0K1PKF6_9BACT	154	0				
CMD-like	tr|A0A0K1RA57|A0A0K1RA57_9CORY	159	0				
CMD-like	tr|A0A0K2GAX9|A0A0K2GAX9_NITMO	194	0				
CMD-like	tr|A0A0K6G8Q1|A0A0K6G8Q1_9AGAM	156	0				
CMD-like	tr|A0A0K8QKW2|A0A0K8QKW2_9GAMM	182	0				
CMD-like	tr|A0A0K9GSW2|A0A0K9GSW2_9BACI	206	0				
CMD-like	tr|A0A0L0G149|A0A0L0G149_9EUKA	174	0				
CMD-like	tr|A0A0L0HDL3|A0A0L0HDL3_SPIPD	183	0				
CMD-like	tr|A0A0L1JL42|A0A0L1JL42_9RHOB	129	0				
CMD-like	tr|A0A0L1JL84|A0A0L1JL84_9RHOB	130	0				
CMD-like	tr|A0A0L6CND5|A0A0L6CND5_9MICO	159	0				
CMD-like	tr|A0A0L8AP01|A0A0L8AP01_9BACT	151	0				
CMD-like	tr|A0A0M0F9Y4|A0A0M0F9Y4_CELCE	124	0				
CMD-like	tr|A0A0M2GHZ3|A0A0M2GHZ3_9ACTN	150	0				
CMD-like	tr|A0A0M2HS30|A0A0M2HS30_9MICO	184	0				
CMD-like	tr|A0A0M2V419|A0A0M2V419_9GAMM	131	0				
CMD-like	tr|A0A0M3AP09|A0A0M3AP09_9SPHN	143	0				
CMD-like	tr|A0A0M4M166|A0A0M4M166_9GAMM	128	0				
CMD-like	tr|A0A0M5ILX1|A0A0M5ILX1_9CORY	150	0				
CMD-like	tr|A0A0M7B7A5|A0A0M7B7A5_9RHOB	131	0				
CMD-like	tr|A0A0M8P0J5|A0A0M8P0J5_9EURO	168	0				
CMD-like	tr|A0A0M9VVV7|A0A0M9VVV7_ESCWE	149	0				
CMD-like	tr|A0A0N0MB42|A0A0N0MB42_9HYPH	132	0				
CMD-like	tr|A0A0N0XSR4|A0A0N0XSR4_9ACTN	148	0				
CMD-like	tr|A0A0N7LAV8|A0A0N7LAV8_9BASI	163	0				
CMD-like	tr|A0A0N9HZB0|A0A0N9HZB0_9PSEU	153	0				
CMD-like	tr|A0A0N9I2J3|A0A0N9I2J3_9PSEU	184	0				
CMD-like	tr|A0A0N9MSD3|A0A0N9MSD3_9ACTN	126	0				
CMD-like	tr|A0A0N9NCX9|A0A0N9NCX9_9ACTN	154	0				
CMD-like	tr|A0A0P1F7I1|A0A0P1F7I1_9RHOB	143	0				
CMD-like	tr|A0A0P1GPI4|A0A0P1GPI4_9RHOB	183	0				
CMD-like	tr|A0A0P1IXG2|A0A0P1IXG2_9RHOB	182	0				
CMD-like	tr|A0A0P1J5B1|A0A0P1J5B1_9RHOB	135	0				
CMD-like	tr|A0A0P1MR08|A0A0P1MR08_9BACT	194	0				
CMD-like	tr|A0A0P4R029|A0A0P4R029_9ACTN	166	0				
CMD-like	tr|A0A0P6XBF9|A0A0P6XBF9_9CHLR	162	0				
CMD-like	tr|A0A0P7Z3Y0|A0A0P7Z3Y0_9RHOB	184	0				
CMD-like	tr|A0A0P9CAL1|A0A0P9CAL1_9BACL	137	0				
CMD-like	tr|A0A0P9EY41|A0A0P9EY41_9BACL	152	0				
CMD-like	tr|A0A0P9FGA8|A0A0P9FGA8_9CHLR	181	0				
CMD-like	tr|A0A0Q3TK30|A0A0Q3TK30_9BACI	148	0				
CMD-like	tr|A0A0R0CR36|A0A0R0CR36_9GAMM	193	0				
CMD-like	tr|A0A2T0Q7N0|A0A2T0Q7N0_9ACTN	144	0				
CMD-like	tr|A0A2T0QUU6|A0A2T0QUU6_9ACTN	154	0				
CMD-like	tr|A0A2T0SV48|A0A2T0SV48_9PSEU	122	0				
CMD-like	tr|A0A2T0W459|A0A2T0W459_9RHOB	147	0				
CMD-like	tr|A0A2T0WKP2|A0A2T0WKP2_9RHOB	178	0				
CMD-like	tr|A0A2T0X6Q9|A0A2T0X6Q9_9RHOB	122	0				
CMD-like	tr|A0A2T0XBD9|A0A2T0XBD9_9BURK	165	0				
CMD-like	tr|A0A2T1A1P3|A0A2T1A1P3_9ACTN	179	0				
CMD-like	tr|A0A2T1E9G0|A0A2T1E9G0_9CYAN	132	0				
CMD-like	tr|A0A1G9TAI0|A0A1G9TAI0_9BACI	131	0				
CMD-like	tr|A0A1G9WAJ2|A0A1G9WAJ2_9ACTN	141	0				
CMD-like	tr|A0A1H0HVG9|A0A1H0HVG9_9BACI	133	0				
CMD-like	tr|A0A1H0M544|A0A1H0M544_9ACTN	131	0				
CMD-like	tr|A0A1H1GT74|A0A1H1GT74_9ACTN	198	0				
CMD-like	tr|A0A1H1H561|A0A1H1H561_9ACTN	134	0				
CMD-like	tr|A0A1H1HUE3|A0A1H1HUE3_9ACTN	123	0				
CMD-like	tr|A0A1H1HWR7|A0A1H1HWR7_9MICC	134	0				
CMD-like	tr|A0A1H1JUC1|A0A1H1JUC1_9BURK	142	0				
CMD-like	tr|A0A1H1S452|A0A1H1S452_9ACTN	143	0				
CMD-like	tr|A0A1H2NJL8|A0A1H2NJL8_PSEVA	147	0				
CMD-like	tr|A0A1H2PM82|A0A1H2PM82_9BURK	132	0				
CMD-like	tr|A0A1H2PTV3|A0A1H2PTV3_9BURK	128	0				
CMD-like	tr|A0A1H2THI8|A0A1H2THI8_9RHOB	182	0				
CMD-like	tr|A0A1H3CPS0|A0A1H3CPS0_9PSEU	192	1	70-114	7.16e-05	143-180	9.41e-06
CMD-like	tr|A0A1H3IWZ2|A0A1H3IWZ2_9EURY	184	0				
CMD-like	tr|A0A1H3QYP0|A0A1H3QYP0_9PSEU	129	0				
CMD-like	tr|A0A1H3RK70|A0A1H3RK70_9ACTN	128	0				
CMD-like	tr|A0A1H3S0H9|A0A1H3S0H9_9PSEU	207	0				
CMD-like	tr|A0A1H4E2R1|A0A1H4E2R1_9BURK	151	0				
CMD-like	tr|A0A1H4YRM9|A0A1H4YRM9_9PSEU	209	0				
CMD-like	tr|A0A1H5AUW4|A0A1H5AUW4_9PSEU	159	0				
CMD-like	tr|A0A1H5C7L8|A0A1H5C7L8_TSUTY	136	0				
CMD-like	tr|A0A1H5RDQ2|A0A1H5RDQ2_9PSEU	132	0				
CMD-like	tr|A0A1H5SJF9|A0A1H5SJF9_9RHOB	134	0				
CMD-like	tr|A0A1H5XT18|A0A1H5XT18_9HYPH	135	0				
CMD-like	tr|A0A1H6BFR7|A0A1H6BFR7_9ACTN	178	0				
CMD-like	tr|A0A1H6DXY4|A0A1H6DXY4_9ACTN	157	0				
CMD-like	tr|A0A1H6E2T9|A0A1H6E2T9_9ACTN	199	0				
CMD-like	tr|A0A1H6E5W3|A0A1H6E5W3_9ACTN	191	0				
CMD-like	tr|A0A1H6FRC3|A0A1H6FRC3_9EURY	186	0				
CMD-like	tr|A0A1H6G5T5|A0A1H6G5T5_9EURY	193	0				
CMD-like	tr|A0A1H6G621|A0A1H6G621_9EURY	181	0				
CMD-like	tr|A0A1H6S101|A0A1H6S101_9DEIO	152	0				
CMD-like	tr|A0A1H6U9S4|A0A1H6U9S4_9GAMM	143	0				
CMD-like	tr|A0A1H6VI94|A0A1H6VI94_9DEIO	123	0				
CMD-like	tr|A0A1H7DHZ3|A0A1H7DHZ3_9BURK	131	0				
CMD-like	tr|A0A1H7L0E0|A0A1H7L0E0_9NOCA	139	0				
CMD-like	tr|A0A1H7P392|A0A1H7P392_9BURK	129	0				
CMD-like	tr|A0A1H7PSK4|A0A1H7PSK4_STRJI	133	0				
CMD-like	tr|A0A1H7RW90|A0A1H7RW90_9GAMM	124	0				
CMD-like	tr|A0A1H7WQM9|A0A1H7WQM9_9BACT	138	0				
CMD-like	tr|A0A1H8IRF2|A0A1H8IRF2_9HYPH	133	0				
CMD-like	tr|A0A1H8LWD4|A0A1H8LWD4_9ACTN	170	0				
CMD-like	tr|A0A1H8VFW2|A0A1H8VFW2_9FIRM	124	0				
CMD-like	tr|A0A1H9BXZ5|A0A1H9BXZ5_9EURY	174	0				
CMD-like	tr|A0A1H9GT31|A0A1H9GT31_9PSEU	149	0				
CMD-like	tr|A0A1H9IXQ9|A0A1H9IXQ9_9GAMM	131	0				
CMD-like	tr|A0A1H9LPM0|A0A1H9LPM0_9PSEU	137	0				
CMD-like	tr|A0A1H9R8U6|A0A1H9R8U6_9ACTN	142	0				
CMD-like	tr|A0A1H9TQJ8|A0A1H9TQJ8_9MICO	191	0				
CMD-like	tr|A0A1I0KM91|A0A1I0KM91_9BACT	152	0				
CMD-like	tr|A0A1I0MG95|A0A1I0MG95_9EURY	187	0				
CMD-like	tr|A0A1I0NGJ7|A0A1I0NGJ7_9FIRM	132	0				
CMD-like	tr|A0A1I0RJY8|A0A1I0RJY8_9BACT	146	0				
CMD-like	tr|A0A1I1DWT4|A0A1I1DWT4_NATHA	123	0				
CMD-like	tr|A0A1I1EVS4|A0A1I1EVS4_9BACT	185	0				
CMD-like	tr|A0A1I1F6A8|A0A1I1F6A8_9ACTN	124	0				
CMD-like	tr|A0A1I1TS67|A0A1I1TS67_9ACTN	138	0				
CMD-like	tr|A0A1I2ALW4|A0A1I2ALW4_9BURK	172	0				
CMD-like	tr|A0A1I3QHE0|A0A1I3QHE0_9HYPH	131	0				
CMD-like	tr|A0A1I3QZM5|A0A1I3QZM5_9BACL	125	0				
CMD-like	tr|A0A1I3UQI5|A0A1I3UQI5_9GAMM	152	0				
CMD-like	tr|A0A1I3XPY0|A0A1I3XPY0_9PROT	187	0				
CMD-like	tr|A0A1I4C2W0|A0A1I4C2W0_9GAMM	132	0				
CMD-like	tr|A0A1I4CVH7|A0A1I4CVH7_9HYPH	124	0				
CMD-like	tr|A0A1I4EK05|A0A1I4EK05_9ACTN	145	0				
CMD-like	tr|A0A1I4FBH3|A0A1I4FBH3_9HYPH	150	0				
CMD-like	tr|A0A1I4FGW3|A0A1I4FGW3_9RHOB	130	0				
CMD-like	tr|A0A1I4HJ87|A0A1I4HJ87_9FIRM	190	0				
CMD-like	tr|A0A1I4I6C2|A0A1I4I6C2_9ACTN	194	0				
CMD-like	tr|A0A1I4LEC9|A0A1I4LEC9_9FIRM	132	0				
CMD-like	tr|A0A1I4VB62|A0A1I4VB62_9GAMM	207	0				
CMD-like	tr|A0A1I4VZ96|A0A1I4VZ96_PSUAM	134	0				
CMD-like	tr|A0A1I5D364|A0A1I5D364_9HYPH	141	0				
CMD-like	tr|A0A1I5F2X7|A0A1I5F2X7_9ACTN	133	0				
CMD-like	tr|A0A1I5SPP4|A0A1I5SPP4_9PSEU	150	0				
CMD-like	tr|A0A1I5Z5H1|A0A1I5Z5H1_9BACI	124	0				
CMD-like	tr|A0A1I5ZA97|A0A1I5ZA97_9RHOB	128	0				
CMD-like	tr|A0A1I6BL30|A0A1I6BL30_9PSEU	133	0				
CMD-like	tr|A0A1I6BNC7|A0A1I6BNC7_9GAMM	132	0				
CMD-like	tr|A0A1I6DGN9|A0A1I6DGN9_9FIRM	176	0				
CMD-like	tr|A0A1I6E100|A0A1I6E100_9RHOB	129	0				
CMD-like	tr|A0A1I6KG13|A0A1I6KG13_9SPHN	122	0				
CMD-like	tr|A0A1I6SNU6|A0A1I6SNU6_9PSEU	127	0				
CMD-like	tr|A0A1I6UY01|A0A1I6UY01_9SPHI	121	0				
CMD-like	tr|A0A1I7EAB8|A0A1I7EAB8_9RHOB	127	0				
CMD-like	tr|A0A1I7K5P6|A0A1I7K5P6_9BURK	180	0				
CMD-like	tr|A0A1I9YSR5|A0A1I9YSR5_9BURK	145	0				
CMD-like	tr|A0A1J0VRC2|A0A1J0VRC2_9NOCA	159	0				
CMD-like	tr|A0A1J0VZG4|A0A1J0VZG4_9NOCA	181	0				
CMD-like	tr|A0A1J4QBV5|A0A1J4QBV5_9ACTN	185	0				
CMD-like	tr|A0A1K2HML3|A0A1K2HML3_9NEIS	154	0				
CMD-like	tr|A0A1K2HY36|A0A1K2HY36_9HYPH	132	0				
CMD-like	tr|A0A1K2HY75|A0A1K2HY75_9HYPH	188	0				
CMD-like	tr|A0A1L2ZPB1|A0A1L2ZPB1_9MICC	166	0				
CMD-like	tr|A0A1L3I584|A0A1L3I584_9RHOB	140	0				
CMD-like	tr|A0A1L3J930|A0A1L3J930_9SPHN	201	0				
CMD-like	tr|A0A1L3MHE4|A0A1L3MHE4_9MICO	178	0				
CMD-like	tr|A0A1L3MLE5|A0A1L3MLE5_9MICO	194	0				
CMD-like	tr|A0A1L3SMV5|A0A1L3SMV5_9HYPH	196	0				
CMD-like	tr|A0A1L3SNZ7|A0A1L3SNZ7_9HYPH	126	0				
CMD-like	tr|A0A1L3SQH0|A0A1L3SQH0_9HYPH	130	0				
CMD-like	tr|A0A1L3SQH8|A0A1L3SQH8_9HYPH	187	0				
CMD-like	tr|A0A1L4CZM8|A0A1L4CZM8_9BACT	183	0				
CMD-like	tr|A0A1L7WEI6|A0A1L7WEI6_9HELO	182	0				
CMD-like	tr|A0A1L8CTV5|A0A1L8CTV5_9THEO	124	0				
CMD-like	tr|A0A1L8CUX0|A0A1L8CUX0_9THEO	124	0				
CMD-like	tr|A0A1L9BBV6|A0A1L9BBV6_9BACT	182	0				
CMD-like	tr|A0A1L9BKV8|A0A1L9BKV8_9BACT	149	0				
CMD-like	tr|A0A1L9MYL7|A0A1L9MYL7_ASPTC	204	0				
CMD-like	tr|A0A1L9N0L0|A0A1L9N0L0_ASPTC	182	0				
CMD-like	tr|A0A1L9RVG7|A0A1L9RVG7_ASPWE	136	0				
CMD-like	tr|A0A1L9RX24|A0A1L9RX24_ASPWE	185	0				
CMD-like	tr|A0A1L9SD85|A0A1L9SD85_9EURO	203	0				
CMD-like	tr|A0A1L9TVM6|A0A1L9TVM6_9EURO	177	0				
CMD-like	tr|A0A1L9U8Q6|A0A1L9U8Q6_ASPBC	142	0				
CMD-like	tr|A0A1L9X2T7|A0A1L9X2T7_ASPA1	189	0				
CMD-like	tr|A0A1M4RYA0|A0A1M4RYA0_9ACTO	148	0				
CMD-like	tr|A0A1M4UVP0|A0A1M4UVP0_9ACTN	130	0				
CMD-like	tr|A0A1M5DA69|A0A1M5DA69_LOKAT	188	0				
CMD-like	tr|A0A1M5PVR7|A0A1M5PVR7_STRHI	146	0				
CMD-like	tr|A0A1M5QA12|A0A1M5QA12_9BURK	170	0				
CMD-like	tr|A0A1M5QCE1|A0A1M5QCE1_9BURK	137	0				
CMD-like	tr|A0A1M5XDN6|A0A1M5XDN6_9RHOB	129	0				
CMD-like	tr|A0A1M6D2Q2|A0A1M6D2Q2_9PROT	192	0				
CMD-like	tr|A0A1M6DFR2|A0A1M6DFR2_9RHOB	191	0				
CMD-like	tr|A0A1M6RL01|A0A1M6RL01_9FIRM	143	0				
CMD-like	tr|A0A1M6SF55|A0A1M6SF55_9FLAO	156	0				
CMD-like	tr|A0A1M6SH75|A0A1M6SH75_9FIRM	144	0				
CMD-like	tr|A0A1M6X078|A0A1M6X078_9ACTN	170	0				
CMD-like	tr|A0A1M6Y6C1|A0A1M6Y6C1_9BRAD	182	0				
CMD-like	tr|A0A1M6YAK4|A0A1M6YAK4_9RHOB	126	0				
CMD-like	tr|A0A1M6YC22|A0A1M6YC22_9BRAD	208	0				
CMD-like	tr|A0A1M6ZB85|A0A1M6ZB85_9FLAO	137	0				
CMD-like	tr|A0A1M7AGZ8|A0A1M7AGZ8_9RHOB	137	0				
CMD-like	tr|A0A1M7B0F7|A0A1M7B0F7_PSETH	185	0				
CMD-like	tr|A0A1M7GBX0|A0A1M7GBX0_CHRCU	147	0				
CMD-like	tr|A0A1M7H6F9|A0A1M7H6F9_9FLAO	147	0				
CMD-like	tr|A0A1M7R9F4|A0A1M7R9F4_9BURK	124	0				
CMD-like	tr|A0A1M7TFX1|A0A1M7TFX1_9RHOB	142	0				
CMD-like	tr|A0A1M7TIB7|A0A1M7TIB7_9BACT	126	0				
CMD-like	tr|A0A1M7YYL9|A0A1M7YYL9_9VIBR	156	0				
CMD-like	tr|A0A1M7Z1D0|A0A1M7Z1D0_9VIBR	183	0				
CMD-like	tr|A0A1N5VIJ2|A0A1N5VIJ2_9ACTN	130	0				
CMD-like	tr|A0A1N6JCJ9|A0A1N6JCJ9_9BURK	135	0				
CMD-like	tr|A0A1N6MUF4|A0A1N6MUF4_9GAMM	181	0				
CMD-like	tr|A0A1N6TVH7|A0A1N6TVH7_9BACI	123	0				
CMD-like	tr|A0A1V3NUI1|A0A1V3NUI1_9GAMM	136	0				
CMD-like	tr|A0A1V3WUH5|A0A1V3WUH5_MYCKA	192	0				
CMD-like	tr|A0A1V3X305|A0A1V3X305_MYCKA	163	0				
CMD-like	tr|A0A1V6M145|A0A1V6M145_9BACT	148	0				
CMD-like	tr|A0A1V6RK27|A0A1V6RK27_9EURO	148	0				
CMD-like	tr|A0A1V6S223|A0A1V6S223_9EURO	149	0				
CMD-like	tr|A0A1V8MAH4|A0A1V8MAH4_9GAMM	186	0				
CMD-like	tr|A0A1V8TBR3|A0A1V8TBR3_9PEZI	187	0				
CMD-like	tr|A0A1V9E4A4|A0A1V9E4A4_9BACT	189	0				
CMD-like	tr|A0A1V9EJ57|A0A1V9EJ57_9BACT	153	0				
CMD-like	tr|A0A1V9EQ61|A0A1V9EQ61_9BACT	144	0				
CMD-like	tr|A0A1V9FDK4|A0A1V9FDK4_9BACT	154	0				
CMD-like	tr|A0A1W0AAA5|A0A1W0AAA5_9STRA	139	0				
CMD-like	tr|A0A1W1UBJ7|A0A1W1UBJ7_9DEIO	147	0				
CMD-like	tr|A0A1W1VUN7|A0A1W1VUN7_9FIRM	130	0				
CMD-like	tr|A0A1W1XKN7|A0A1W1XKN7_9BACT	151	0				
CMD-like	tr|A0A1W1Y236|A0A1W1Y236_9BURK	187	0				
CMD-like	tr|A0A1W2AJK8|A0A1W2AJK8_9FIRM	122	0				
CMD-like	tr|A0A1W2AL58|A0A1W2AL58_9BACT	131	0				
CMD-like	tr|A0A1W2B676|A0A1W2B676_9BURK	180	0				
CMD-like	tr|A0A1W2E0G3|A0A1W2E0G3_9FIRM	130	0				
CMD-like	tr|A0A1W2ESJ6|A0A1W2ESJ6_9FIRM	131	0				
CMD-like	tr|A0A1W2FR24|A0A1W2FR24_KIBAR	190	0				
CMD-like	tr|A0A1W5CSR4|A0A1W5CSR4_9LECA	189	0				
CMD-like	tr|A0A1W6LBM0|A0A1W6LBM0_9BURK	178	0				
CMD-like	tr|A0A1W6MZD0|A0A1W6MZD0_9HYPH	185	0				
CMD-like	tr|A0A1W6NYP3|A0A1W6NYP3_9RHOB	198	0				
CMD-like	tr|A0A1W6YJE6|A0A1W6YJE6_9BORD	147	0				
CMD-like	tr|A0A1W6YNG9|A0A1W6YNG9_9BORD	207	0				
CMD-like	tr|A0A1W6Z773|A0A1W6Z773_9BORD	138	0				
CMD-like	tr|A0A1W7A0Q5|A0A1W7A0Q5_9HYPH	126	0				
CMD-like	tr|A0A1W9ZNR3|A0A1W9ZNR3_MYCAI	186	0				
CMD-like	tr|A0A1X0BW85|A0A1X0BW85_MYCCF	205	0				
CMD-like	tr|A0A1X0D4J4|A0A1X0D4J4_9MYCO	181	0				
CMD-like	tr|A0A1X0DG05|A0A1X0DG05_9MYCO	175	0				
CMD-like	tr|A0A1X0XL82|A0A1X0XL82_MYCSI	185	0				
CMD-like	tr|A0A1X0Y2N1|A0A1X0Y2N1_9BACT	129	0				
CMD-like	tr|A0A1X1EJM2|A0A1X1EJM2_PANCY	138	0				
CMD-like	tr|A0A1X1PBG7|A0A1X1PBG7_9BURK	151	0				
CMD-like	tr|A0A1X1PF60|A0A1X1PF60_9BURK	151	0				
CMD-like	tr|A0A1X1RTD8|A0A1X1RTD8_MYCCE	122	0				
CMD-like	tr|A0A1X1RWJ8|A0A1X1RWJ8_MYCCE	191	0				
CMD-like	tr|A0A1X1SWX5|A0A1X1SWX5_9MYCO	189	0				
CMD-like	tr|A0A1X1T1N5|A0A1X1T1N5_9MYCO	184	0				
CMD-like	tr|A0A1X1UH01|A0A1X1UH01_MYCFL	208	0				
CMD-like	tr|A0A1X1WD89|A0A1X1WD89_MYCIR	147	0				
CMD-like	tr|A0A1X1WWH6|A0A1X1WWH6_MYCIR	192	0				
CMD-like	tr|A0A1X1Y7B8|A0A1X1Y7B8_9MYCO	153	0				
CMD-like	tr|A0A1X1YIR4|A0A1X1YIR4_9MYCO	182	0				
CMD-like	tr|A0A1X2ALF4|A0A1X2ALF4_9MYCO	192	0				
CMD-like	tr|A0A1X2EN80|A0A1X2EN80_9MYCO	179	0				
CMD-like	tr|A0A1X4XW78|A0A1X4XW78_9BACT	123	0				
CMD-like	tr|A0A1X6ZQM1|A0A1X6ZQM1_9RHOB	153	0				
CMD-like	tr|A0A1X6ZVC4|A0A1X6ZVC4_9RHOB	188	0				
CMD-like	tr|A0A1X6ZYC3|A0A1X6ZYC3_9RHOB	126	0				
CMD-like	tr|A0A1X7ALY7|A0A1X7ALY7_9GAMM	184	0				
CMD-like	tr|A0A1X7FWZ2|A0A1X7FWZ2_TRICW	146	0				
CMD-like	tr|A0A1Y0CBV8|A0A1Y0CBV8_9MYCO	169	0				
CMD-like	tr|A0A1Y0I8I8|A0A1Y0I8I8_9GAMM	184	0				
CMD-like	tr|A0A1Y1CL51|A0A1Y1CL51_9BACT	131	0				
CMD-like	tr|A0A1Y1SE23|A0A1Y1SE23_9GAMM	205	0				
CMD-like	tr|A0A1Y2F567|A0A1Y2F567_PROLT	147	0				
CMD-like	tr|A0A1Y2KZ99|A0A1Y2KZ99_9PROT	136	0				
CMD-like	tr|A0A1Y5RAT7|A0A1Y5RAT7_9PROT	184	0				
CMD-like	tr|A0A1Y5SN75|A0A1Y5SN75_9RHOB	143	0				
CMD-like	tr|A0A1Y5SS26|A0A1Y5SS26_9PROT	147	0				
CMD-like	tr|A0A1Y5T8P9|A0A1Y5T8P9_9RHOB	136	0				
CMD-like	tr|A0A1Y5TJ50|A0A1Y5TJ50_9RHOB	184	0				
CMD-like	tr|A0A1Y5TS32|A0A1Y5TS32_9RHOB	177	0				
CMD-like	tr|A0A1Y5TXJ7|A0A1Y5TXJ7_9RHOB	186	0				
CMD-like	tr|A0A1Y5U1G6|A0A1Y5U1G6_9RHOB	188	0				
CMD-like	tr|A0A1Y5U233|A0A1Y5U233_9RHOB	198	0				
CMD-like	tr|A0A1Y6C5K5|A0A1Y6C5K5_9NEIS	130	0				
CMD-like	tr|A0A1Y6C642|A0A1Y6C642_9PROT	127	0				
CMD-like	tr|A0A1Y6ISR5|A0A1Y6ISR5_9VIBR	153	0				
CMD-like	tr|A0A1Z1WN26|A0A1Z1WN26_9ACTN	192	0				
CMD-like	tr|A0A1Z4BV33|A0A1Z4BV33_METPY	143	0				
CMD-like	tr|A0A1Z4LJ93|A0A1Z4LJ93_9CYAN	190	0				
CMD-like	tr|A0A202B3W7|A0A202B3W7_CHRVL	154	0				
CMD-like	tr|A0A211ZEK1|A0A211ZEK1_9PROT	158	0				
CMD-like	tr|A0A212C5I5|A0A212C5I5_CEREH	137	0				
CMD-like	tr|A0A212T3W3|A0A212T3W3_9BURK	123	0				
CMD-like	tr|A0A220S2Y2|A0A220S2Y2_9NEIS	125	0				
CMD-like	tr|A0A220VFU0|A0A220VFU0_9GAMM	131	0				
CMD-like	tr|A0A221P0Y3|A0A221P0Y3_9ACTN	157	0				
CMD-like	tr|A0A221P8R1|A0A221P8R1_9ACTN	133	0				
CMD-like	tr|A0A221VYH9|A0A221VYH9_9PSEU	146	0				
CMD-like	tr|A0A222FKG5|A0A222FKG5_9GAMM	150	0				
CMD-like	tr|A0A222NZG4|A0A222NZG4_9GAMM	126	0				
CMD-like	tr|A0A223NYF4|A0A223NYF4_9SPHI	192	0				
CMD-like	tr|A0A225E4J8|A0A225E4J8_9BACT	134	0				
CMD-like	tr|A0A225MRD0|A0A225MRD0_9BURK	194	0				
CMD-like	tr|A0A225MYB1|A0A225MYB1_9BURK	123	0				
CMD-like	tr|A0A225SMD5|A0A225SMD5_9BURK	153	0				
CMD-like	tr|A0A229SP60|A0A229SP60_9PSEU	123	0				
CMD-like	tr|A0A229UQX0|A0A229UQX0_9BACL	147	0				
CMD-like	tr|A0A229US52|A0A229US52_9BACL	136	0				
CMD-like	tr|A0A231HAD6|A0A231HAD6_9NOCA	193	0				
CMD-like	tr|A0A231UWU7|A0A231UWU7_9HYPH	143	0				
CMD-like	tr|A0A238D2H0|A0A238D2H0_THIDL	132	0				
CMD-like	tr|A0A238J2C2|A0A238J2C2_9RHOB	144	0				
CMD-like	tr|A0A238KGD1|A0A238KGD1_9RHOB	186	0				
CMD-like	tr|A0A238LFE6|A0A238LFE6_9RHOB	131	0				
CMD-like	tr|A0A238XTG7|A0A238XTG7_9RHOB	124	0				
CMD-like	tr|A0A238YRR1|A0A238YRR1_9ACTN	148	0				
CMD-like	tr|A0A239BBT5|A0A239BBT5_9SPHN	123	0				
CMD-like	tr|A0A239D1Z4|A0A239D1Z4_9PSED	126	0				
CMD-like	tr|A0A239HID2|A0A239HID2_9RHOB	133	0				
CMD-like	tr|A0A239M2Z6|A0A239M2Z6_9BURK	132	0				
CMD-like	tr|A0A239PM94|A0A239PM94_9RHOB	181	0				
CMD-like	tr|A0A241VKF5|A0A241VKF5_9GAMM	121	0				
CMD-like	tr|A0A242CK28|A0A242CK28_9ENTE	128	0				
CMD-like	tr|A0A242NI54|A0A242NI54_9GAMM	126	0				
CMD-like	tr|A0A243Q4P1|A0A243Q4P1_9ACTN	148	0				
CMD-like	tr|A0A243QDH7|A0A243QDH7_9ACTN	169	0				
CMD-like	tr|A0A243RVT9|A0A243RVT9_9ACTN	187	0				
CMD-like	tr|A0A243W7R3|A0A243W7R3_9BACT	184	0				
CMD-like	tr|A0A245ZNJ5|A0A245ZNJ5_9SPHN	151	0				
CMD-like	tr|A0A246J4E1|A0A246J4E1_9BURK	143	0				
CMD-like	tr|A0A246WK52|A0A246WK52_9BURK	177	0				
CMD-like	tr|A0A248JZJ8|A0A248JZJ8_9PROT	129	0				
CMD-like	tr|A0A248K2R9|A0A248K2R9_9PROT	129	0				
CMD-like	tr|A0A255G6Z4|A0A255G6Z4_9ACTN	150	0				
CMD-like	tr|A0A255H981|A0A255H981_9ACTN	185	0				
CMD-like	tr|A0A255Z7D2|A0A255Z7D2_9SPHN	195	0				
CMD-like	tr|A0A256FGW1|A0A256FGW1_9HYPH	153	0				
CMD-like	tr|A0A259U1R9|A0A259U1R9_9BACT	168	0				
CMD-like	tr|A0A261RJ16|A0A261RJ16_9BORD	139	0				
CMD-like	tr|A0A261S619|A0A261S619_9BORD	194	0				
CMD-like	tr|A0A261SA78|A0A261SA78_9BORD	141	0				
CMD-like	tr|A0A261SCA4|A0A261SCA4_9BORD	180	0				
CMD-like	tr|A0A261TBU3|A0A261TBU3_9BORD	138	0				
CMD-like	tr|A0A261U5I8|A0A261U5I8_9BORD	204	0				
CMD-like	tr|A0A261UJN2|A0A261UJN2_9BORD	126	0				
CMD-like	tr|A0A261UXQ8|A0A261UXQ8_9BORD	138	0				
CMD-like	tr|A0A261VQQ3|A0A261VQQ3_9BORD	147	0				
CMD-like	tr|A0A263CVN4|A0A263CVN4_9PSEU	165	0				
CMD-like	tr|A0A263D0U8|A0A263D0U8_9PSEU	156	0				
CMD-like	tr|A0A268F1Y8|A0A268F1Y8_9BACL	161	0				
CMD-like	tr|A0A269PBT1|A0A269PBT1_9CORY	126	0				
CMD-like	tr|A0A272EVW3|A0A272EVW3_9RHOO	147	0				
CMD-like	tr|A0A284VJS4|A0A284VJS4_9EURY	179	0				
CMD-like	tr|A0A284VRW4|A0A284VRW4_9EURY	142	0				
CMD-like	tr|A0A284VTT0|A0A284VTT0_9EURY	149	0				
CMD-like	tr|A0A285KCP0|A0A285KCP0_9ACTN	203	0				
CMD-like	tr|A0A285U6B4|A0A285U6B4_9HYPH	188	0				
CMD-like	tr|A0A286DB92|A0A286DB92_9GAMM	159	0				
CMD-like	tr|A0A286GQM4|A0A286GQM4_9PROT	133	0				
CMD-like	tr|A0A291H0F1|A0A291H0F1_9MICO	184	0				
CMD-like	tr|A0A291LYC6|A0A291LYC6_9RHOB	134	0				
CMD-like	tr|A0A291QUV5|A0A291QUV5_9BACT	148	0				
CMD-like	tr|A0A291QZV4|A0A291QZV4_9BACT	153	0				
CMD-like	tr|A0A292Q2I1|A0A292Q2I1_9PEZI	191	0				
CMD-like	tr|A0A2A2D492|A0A2A2D492_9ACTN	133	0				
CMD-like	tr|A0A2A2ELP3|A0A2A2ELP3_9BIFI	171	0				
CMD-like	tr|A0A2A2FC02|A0A2A2FC02_9GAMM	126	0				
CMD-like	tr|A0A2A3L2E7|A0A2A3L2E7_MYCAV	203	0				
CMD-like	tr|A0A2A3MDP1|A0A2A3MDP1_9PSED	153	0				
CMD-like	tr|A0A2A4CNM4|A0A2A4CNM4_9RHOB	124	0				
CMD-like	tr|A0A2A4G470|A0A2A4G470_9FLAO	145	0				
CMD-like	tr|A0A2A5KJR5|A0A2A5KJR5_9HYPH	177	0				
CMD-like	tr|A0A2A6FMJ8|A0A2A6FMJ8_9HYPH	128	0				
CMD-like	tr|A0A2A6FMQ7|A0A2A6FMQ7_9HYPH	125	0				
CMD-like	tr|A0A2A7N0C2|A0A2A7N0C2_MYCAG	203	0				
CMD-like	tr|A0A2A7N3D5|A0A2A7N3D5_MYCAG	156	0				
CMD-like	tr|A0A2A7NG60|A0A2A7NG60_MYCAG	184	0				
CMD-like	tr|A0A2A7NVQ1|A0A2A7NVQ1_9MYCO	165	0				
CMD-like	tr|A0A2A8CUQ9|A0A2A8CUQ9_9BACT	199	0				
CMD-like	tr|A0A2A9NYU6|A0A2A9NYU6_9AGAR	176	0				
CMD-like	tr|A0A2B7Y5A5|A0A2B7Y5A5_POLH7	191	0				
CMD-like	tr|A0A2B7YA47|A0A2B7YA47_9EURO	186	0				
CMD-like	tr|A0A2B8BMV6|A0A2B8BMV6_9PROT	132	0				
CMD-like	tr|A0A2C9D3W4|A0A2C9D3W4_9HYPH	188	0				
CMD-like	tr|A0A2D2ATL2|A0A2D2ATL2_9CAUL	183	0				
CMD-like	tr|A0A2D2B1A6|A0A2D2B1A6_9CAUL	180	0				
CMD-like	tr|A0A2G1BT25|A0A2G1BT25_9FLAO	150	0				
CMD-like	tr|A0A2G1QI22|A0A2G1QI22_9HYPH	199	0				
CMD-like	tr|A0A2G5P670|A0A2G5P670_9MYCO	150	0				
CMD-like	tr|A0A2G8SNE6|A0A2G8SNE6_9APHY	198	0				
CMD-like	tr|A0A2H3NNJ9|A0A2H3NNJ9_9BACT	170	0				
CMD-like	tr|A0A2H3NWY0|A0A2H3NWY0_9BACT	208	0				
CMD-like	tr|A0A2H4VMU1|A0A2H4VMU1_9EURY	129	0				
CMD-like	tr|A0A2H4VTZ1|A0A2H4VTZ1_9EURY	129	0				
CMD-like	tr|A0A2I2GPS3|A0A2I2GPS3_9EURO	202	0				
CMD-like	tr|A0A2I2KHX4|A0A2I2KHX4_9ACTN	175	0				
CMD-like	tr|A0A2I2KHX7|A0A2I2KHX7_9ACTN	142	0				
CMD-like	tr|A0A2I5TB33|A0A2I5TB33_PROCF	145	0				
CMD-like	tr|A0A2I6S3C8|A0A2I6S3C8_9RHOO	199	0				
CMD-like	tr|A0A2I7N8Y8|A0A2I7N8Y8_9NEIS	137	0				
CMD-like	tr|A0A2J6Q558|A0A2J6Q558_9HELO	136	0				
CMD-like	tr|A0A2J6QFA3|A0A2J6QFA3_9HELO	142	0				
CMD-like	tr|A0A2J6QXW3|A0A2J6QXW3_HYAVF	182	0				
CMD-like	tr|A0A2J6TR62|A0A2J6TR62_9HELO	149	0				
CMD-like	tr|A0A2J7ZE52|A0A2J7ZE52_STRMQ	154	0				
CMD-like	tr|A0A2K2UD57|A0A2K2UD57_9ACTN	122	0				
CMD-like	tr|A0A2K4F9T8|A0A2K4F9T8_9STAP	144	0				
CMD-like	tr|A0A2K5ASH8|A0A2K5ASH8_9ARCH	128	0				
CMD-like	tr|A0A2K9LTP1|A0A2K9LTP1_9GAMM	203	0				
CMD-like	tr|A0A2K9MGV2|A0A2K9MGV2_9RHOB	155	0				
CMD-like	tr|A0A2L1GNP0|A0A2L1GNP0_9BACT	188	0				
CMD-like	tr|A0A2L2SZ26|A0A2L2SZ26_9HYPO	196	0				
CMD-like	tr|A0A2L2TQ54|A0A2L2TQ54_9HYPO	193	0				
CMD-like	tr|A0A2M8HA18|A0A2M8HA18_9GAMM	147	0				
CMD-like	tr|A0A2M9FVK8|A0A2M9FVK8_9PROT	188	0				
CMD-like	tr|A0A2M9FZM2|A0A2M9FZM2_9PROT	179	0				
CMD-like	tr|A0A2M9G0U5|A0A2M9G0U5_9PROT	135	0				
CMD-like	tr|A0A2M9G530|A0A2M9G530_9PROT	182	0				
CMD-like	tr|A0A2M9G5G5|A0A2M9G5G5_9PROT	184	0				
CMD-like	tr|A0A2M9G6A1|A0A2M9G6A1_9PROT	181	0				
CMD-like	tr|A0A2M9ZN88|A0A2M9ZN88_9LEPT	196	0				
CMD-like	tr|A0A2N0Z0M7|A0A2N0Z0M7_9BACI	130	0				
CMD-like	tr|A0A2N1J4Z4|A0A2N1J4Z4_9BACT	124	0				
CMD-like	tr|A0A2N3I805|A0A2N3I805_9BACT	121	0				
CMD-like	tr|A0A2N3PUU2|A0A2N3PUU2_9PROT	134	0				
CMD-like	tr|A0A2N3WRF2|A0A2N3WRF2_9PSEU	137	0				
CMD-like	tr|A0A2N4UAT1|A0A2N4UAT1_9BURK	181	0				
CMD-like	tr|A0A2N4UAW5|A0A2N4UAW5_9BURK	139	0				
CMD-like	tr|A0A2N5XZK6|A0A2N5XZK6_9GAMM	171	0				
CMD-like	tr|A0A2N6T6E5|A0A2N6T6E5_9CORY	143	0				
CMD-like	tr|A0A2N7WL78|A0A2N7WL78_9BURK	129	0				
CMD-like	tr|A0A2N7WQT3|A0A2N7WQT3_9BURK	135	0				
CMD-like	tr|A0A2N8KJI5|A0A2N8KJI5_9BURK	150	0				
CMD-like	tr|A0A2N8PE49|A0A2N8PE49_STRNR	149	0				
CMD-like	tr|A0A2N9BK98|A0A2N9BK98_STRCX	157	0				
CMD-like	tr|A0A2N9X7N2|A0A2N9X7N2_9NEIS	132	0				
CMD-like	tr|A0A2P4NNH3|A0A2P4NNH3_9EURY	124	0				
CMD-like	tr|A0A2P4RGR5|A0A2P4RGR5_RALPI	156	0				
CMD-like	tr|A0A2P4ZRQ6|A0A2P4ZRQ6_9HYPO	187	0				
CMD-like	tr|A0A2P6NY30|A0A2P6NY30_9EUKA	195	0				
CMD-like	tr|A0A2P7BVB3|A0A2P7BVB3_9HYPH	137	0				
CMD-like	tr|A0A2P7NRP4|A0A2P7NRP4_9PROT	184	0				
CMD-like	tr|A0A2P7QFB7|A0A2P7QFB7_9GAMM	129	0				
CMD-like	tr|A0A2P7QLA7|A0A2P7QLA7_9SPHN	190	0				
CMD-like	tr|A0A2P7QTS5|A0A2P7QTS5_9GAMM	159	0				
CMD-like	tr|A0A2P7YW92|A0A2P7YW92_9PEZI	171	0				
CMD-like	tr|A0A2P8CE71|A0A2P8CE71_9BACT	187	1	2-46	0.000207	128-179	0.000303
CMD-like	tr|A0A2P8DMZ7|A0A2P8DMZ7_9ACTN	201	0				
CMD-like	tr|A0A2P8I211|A0A2P8I211_SACCR	144	0				
CMD-like	tr|A0A2R3QD70|A0A2R3QD70_9BURK	152	0				
CMD-like	tr|A0A2R3Z963|A0A2R3Z963_9FLAO	145	0				
CMD-like	tr|A0A2R4MGA3|A0A2R4MGA3_9HYPH	188	0				
CMD-like	tr|A0A2R4TCT7|A0A2R4TCT7_9ACTN	157	0				
CMD-like	tr|A0A2R4XNV0|A0A2R4XNV0_9BURK	130	0				
CMD-like	tr|A0A2R5EV54|A0A2R5EV54_9BACL	146	0				
CMD-like	tr|A0A2R5EZB8|A0A2R5EZB8_9BACL	134	0				
CMD-like	tr|A0A2R5GQL1|A0A2R5GQL1_9STRA	169	0				
CMD-like	tr|A0A2R5HF85|A0A2R5HF85_9LACT	123	0				
CMD-like	tr|A0A2R6NKL2|A0A2R6NKL2_9APHY	147	0				
CMD-like	tr|A0A2R7YTB3|A0A2R7YTB3_9ACTN	186	0				
CMD-like	tr|A0A2R8ADK4|A0A2R8ADK4_9RHOB	143	0				
CMD-like	tr|A0A2R8AJ07|A0A2R8AJ07_9RHOB	189	0				
CMD-like	tr|A0A2R8AKC5|A0A2R8AKC5_9RHOB	147	0				
CMD-like	tr|A0A2R8BNV7|A0A2R8BNV7_9RHOB	126	0				
CMD-like	tr|A0A2R8C5P8|A0A2R8C5P8_9RHOB	144	0				
CMD-like	tr|A0A2R8CBJ4|A0A2R8CBJ4_9RHOB	180	0				
CMD-like	tr|A0A2R8CD94|A0A2R8CD94_9RHOB	153	0				
CMD-like	tr|A0A2S0JZF3|A0A2S0JZF3_LYSSH	130	0				
CMD-like	tr|A0A2S0NB69|A0A2S0NB69_9HYPH	128	0				
CMD-like	tr|A0A2S0WDM9|A0A2S0WDM9_9CORY	139	0				
CMD-like	tr|A0A2S1LTH8|A0A2S1LTH8_9FLAO	145	0				
CMD-like	tr|A0A2S2CTM7|A0A2S2CTM7_9PROT	150	0				
CMD-like	tr|A0A2S2D0B1|A0A2S2D0B1_9PROT	145	0				
CMD-like	tr|A0A2S2DHM7|A0A2S2DHM7_9BURK	149	0				
CMD-like	tr|A0A2S4MC57|A0A2S4MC57_9BURK	133	0				
CMD-like	tr|A0A2S5DAK6|A0A2S5DAK6_9NEIS	120	0				
CMD-like	tr|A0A2S5DIV2|A0A2S5DIV2_9NEIS	137	0				
CMD-like	tr|A0A2S5SYC5|A0A2S5SYC5_9BURK	144	0				
CMD-like	tr|A0A2S5TAP2|A0A2S5TAP2_9GAMM	209	0				
CMD-like	tr|A0A2S5TAY0|A0A2S5TAY0_9GAMM	132	0				
CMD-like	tr|A0A2S5TE47|A0A2S5TE47_9GAMM	167	0				
CMD-like	tr|A0A2S5TFI7|A0A2S5TFI7_9GAMM	186	0				
CMD-like	tr|A0A2S5Z906|A0A2S5Z906_9GAMM	184	0				
CMD-like	tr|A0A2S6MWP3|A0A2S6MWP3_RHOGL	182	0				
CMD-like	tr|A0A2S6N6V4|A0A2S6N6V4_RHOGL	210	0				
CMD-like	tr|A0A2S6NLQ5|A0A2S6NLQ5_RHOGL	138	0				
CMD-like	tr|A0A2S6ZM18|A0A2S6ZM18_9XANT	150	0				
CMD-like	tr|A0A2S7IRR1|A0A2S7IRR1_9BACT	145	0				
CMD-like	tr|A0A2S7K1G0|A0A2S7K1G0_9PROT	125	0				
CMD-like	tr|A0A2S7K1L5|A0A2S7K1L5_9PROT	128	0				
CMD-like	tr|A0A2S8B903|A0A2S8B903_9SPHN	127	0				
CMD-like	tr|A0A2S8F8F8|A0A2S8F8F8_9BACT	203	0				
CMD-like	tr|A0A2S8SPE0|A0A2S8SPE0_9BACT	179	0				
CMD-like	tr|A0A2X0IKE5|A0A2X0IKE5_9ACTN	165	0				
CMD-like	tr|A0A2X0KJ31|A0A2X0KJ31_9ACTN	194	0				
CMD-like	tr|A0A2X2EA80|A0A2X2EA80_PSELU	136	0				
CMD-like	tr|A0A2X2ETH3|A0A2X2ETH3_RAOPL	188	0				
CMD-like	tr|A0A2X4U9E1|A0A2X4U9E1_9NOCA	178	0				
CMD-like	tr|A0A2Y8ZM72|A0A2Y8ZM72_9MICO	136	0				
CMD-like	tr|A0A2Z2HKC8|A0A2Z2HKC8_9ARCH	175	0				
CMD-like	tr|A0A2Z2NJ60|A0A2Z2NJ60_9GAMM	193	0				
CMD-like	tr|A0A2Z2NNU6|A0A2Z2NNU6_9GAMM	197	0				
CMD-like	tr|A0A2Z2NT05|A0A2Z2NT05_9GAMM	203	0				
CMD-like	tr|A0A2Z2P063|A0A2Z2P063_9GAMM	132	0				
CMD-like	tr|A0A2Z2PJS0|A0A2Z2PJS0_AGRFC	189	0				
CMD-like	tr|A0A2Z4FR04|A0A2Z4FR04_9DELT	208	0				
CMD-like	tr|A0A2Z4ISQ2|A0A2Z4ISQ2_9ACTN	157	0				
CMD-like	tr|A0A2Z5FYF6|A0A2Z5FYF6_9BACT	192	0				
CMD-like	tr|A0A2Z5FYS0|A0A2Z5FYS0_9BACT	210	0				
CMD-like	tr|A0A2Z6GD33|A0A2Z6GD33_9PROT	129	0				
CMD-like	tr|A0A315E923|A0A315E923_9BURK	141	0				
CMD-like	tr|A0A315FZG4|A0A315FZG4_9BURK	173	0				
CMD-like	tr|A0A316CEE9|A0A316CEE9_PSESE	136	0				
CMD-like	tr|A0A316DB86|A0A316DB86_9BACL	122	0				
CMD-like	tr|A0A316DGE6|A0A316DGE6_9BACT	127	0				
CMD-like	tr|A0A316DYY7|A0A316DYY7_9FLAO	207	0				
CMD-like	tr|A0A316LH38|A0A316LH38_9FLAO	138	0				
CMD-like	tr|A0A317E505|A0A317E505_9PROT	135	0				
CMD-like	tr|A0A317F5Y4|A0A317F5Y4_9PROT	179	0				
CMD-like	tr|A0A317KGY5|A0A317KGY5_9ACTN	124	0				
CMD-like	tr|A0A317MZ42|A0A317MZ42_9GAMM	130	0				
CMD-like	tr|A0A317QHP0|A0A317QHP0_9ACTN	190	0				
CMD-like	tr|A0A317ZRF8|A0A317ZRF8_9MICO	188	0				
CMD-like	tr|A0A318JPX0|A0A318JPX0_9NEIS	126	0				
CMD-like	tr|A0A318S5J9|A0A318S5J9_9DEIO	135	0				
CMD-like	tr|A0A318Y773|A0A318Y773_ASPNB	125	0				
CMD-like	tr|A0A319ERG8|A0A319ERG8_ASPSB	198	0				
CMD-like	tr|A0A327K9Q0|A0A327K9Q0_9BRAD	120	0				
CMD-like	tr|A0A327KNP6|A0A327KNP6_9BRAD	178	0				
CMD-like	tr|A0A327KUT6|A0A327KUT6_9BRAD	200	0				
CMD-like	tr|A0A327MC72|A0A327MC72_9PROT	135	0				
CMD-like	tr|A0A327NGP7|A0A327NGP7_9BACT	145	0				
CMD-like	tr|A0A327YVP2|A0A327YVP2_9ACTN	171	0				
CMD-like	tr|A0A327Z2C3|A0A327Z2C3_9ACTN	131	0				
CMD-like	tr|A0A327ZWC4|A0A327ZWC4_9STAP	176	0				
CMD-like	tr|A0A328BKU4|A0A328BKU4_9CAUL	191	0				
CMD-like	tr|A0A328TZ35|A0A328TZ35_9BACL	159	0				
CMD-like	tr|A0A328VFT4|A0A328VFT4_9CHLR	148	0				
CMD-like	tr|A0A329QNS5|A0A329QNS5_9ACTN	129	0				
CMD-like	tr|A0A329R243|A0A329R243_9ACTN	145	0				
CMD-like	tr|A0A330HMH0|A0A330HMH0_9HYPH	129	0				
CMD-like	tr|A0A344L8N7|A0A344L8N7_9PSEU	135	0				
CMD-like	tr|A0A344LIJ3|A0A344LIJ3_9PSEU	150	0				
CMD-like	tr|A0A344LJV9|A0A344LJV9_9PSEU	188	0				
CMD-like	tr|A0A345IK20|A0A345IK20_9DEIO	160	0				
CMD-like	tr|A0A345NKJ4|A0A345NKJ4_9MICO	149	0				
CMD-like	tr|A0A345P6S2|A0A345P6S2_9GAMM	205	0				
CMD-like	tr|A0A345XMJ5|A0A345XMJ5_9ACTN	144	0				
CMD-like	tr|A0A345Y030|A0A345Y030_9ACTN	165	0				
CMD-like	tr|A0A345YTA2|A0A345YTA2_9MICO	185	0				
CMD-like	tr|A0A345ZTG4|A0A345ZTG4_9HYPH	182	0				
CMD-like	tr|A0A346A440|A0A346A440_9HYPH	146	0				
CMD-like	tr|A0A346B2J3|A0A346B2J3_9FIRM	142	0				
CMD-like	tr|A0A346NSD3|A0A346NSD3_9ALTE	131	0				
CMD-like	tr|A0A346PKX4|A0A346PKX4_9EURY	193	0				
CMD-like	tr|A0A346XRI1|A0A346XRI1_9ACTN	130	0				
CMD-like	tr|A0A347UDV1|A0A347UDV1_9RHOB	126	0				
CMD-like	tr|A0A357SNV2|A0A357SNV2_9GAMM	151	0				
CMD-like	tr|A0A364L622|A0A364L622_TALAM	195	0				
CMD-like	tr|A0A364XWB9|A0A364XWB9_9BACT	154	0				
CMD-like	tr|A0A365QYB2|A0A365QYB2_9BURK	125	0				
CMD-like	tr|A0A365XWS4|A0A365XWS4_9BACT	153	0				
CMD-like	tr|A0A365Y312|A0A365Y312_9BACT	148	0				
CMD-like	tr|A0A366JDQ8|A0A366JDQ8_9GAMM	124	0				
CMD-like	tr|A0A366JH24|A0A366JH24_9GAMM	133	0				
CMD-like	tr|A0A366L210|A0A366L210_9SPHI	177	0				
CMD-like	tr|A0A366LSJ8|A0A366LSJ8_9ACTN	205	0				
CMD-like	tr|A0A366LVJ1|A0A366LVJ1_9ACTN	130	0				
CMD-like	tr|A0A366M3G5|A0A366M3G5_9ACTN	127	0				
CMD-like	tr|A0A367ECA6|A0A367ECA6_9ACTN	152	0				
CMD-like	tr|A0A367EZ27|A0A367EZ27_9ACTN	184	0				
CMD-like	tr|A0A367F103|A0A367F103_9ACTN	160	0				
CMD-like	tr|A0A367WV50|A0A367WV50_9PROT	122	0				
CMD-like	tr|A0A367X8H0|A0A367X8H0_9PROT	144	0				
CMD-like	tr|A0A367XTW6|A0A367XTW6_9MICO	154	0				
CMD-like	tr|A0A368T2R8|A0A368T2R8_9ACTN	163	0				
CMD-like	tr|A0A368VVS0|A0A368VVS0_9ACTN	136	0				
CMD-like	tr|A0A369Q331|A0A369Q331_9SPHI	144	0				
CMD-like	tr|A0A369T733|A0A369T733_9PROT	189	0				
CMD-like	tr|A0A369TGR0|A0A369TGR0_9RHOB	181	0				
CMD-like	tr|A0A369UGL3|A0A369UGL3_9GAMM	154	0				
CMD-like	tr|A0A369WAE9|A0A369WAE9_9HYPH	180	0				
CMD-like	tr|A0A370DDB8|A0A370DDB8_9GAMM	201	0				
CMD-like	tr|A0A370DEE7|A0A370DEE7_9GAMM	184	0				
CMD-like	tr|A0A370DJ55|A0A370DJ55_9GAMM	184	0				
CMD-like	tr|A0A370FBJ3|A0A370FBJ3_9BURK	185	0				
CMD-like	tr|A0A370FHL8|A0A370FHL8_9BURK	203	0				
CMD-like	tr|A0A370FPL0|A0A370FPL0_9BURK	197	0				
CMD-like	tr|A0A370FXR6|A0A370FXR6_GLULI	136	0				
CMD-like	tr|A0A370GPF4|A0A370GPF4_9BACI	123	0				
CMD-like	tr|A0A370K7M4|A0A370K7M4_9GAMM	146	0				
CMD-like	tr|A0A370K8R0|A0A370K8R0_9GAMM	148	0				
CMD-like	tr|A0A370KB32|A0A370KB32_9GAMM	154	0				
CMD-like	tr|A0A370KZD8|A0A370KZD8_9HYPH	190	0				
CMD-like	tr|A0A370L7X4|A0A370L7X4_9HYPH	157	0				
CMD-like	tr|A0A370L8P4|A0A370L8P4_9HYPH	134	0				
CMD-like	tr|A0A370TIL5|A0A370TIL5_9HELO	193	0				
CMD-like	tr|A0A370X2T7|A0A370X2T7_9GAMM	178	0				
CMD-like	tr|A0A370XDW1|A0A370XDW1_9GAMM	155	0				
CMD-like	tr|A0A371B2V1|A0A371B2V1_9BRAD	153	0				
CMD-like	tr|A0A371B3R6|A0A371B3R6_9BRAD	127	0				
CMD-like	tr|A0A371JSX5|A0A371JSX5_9FLAO	173	0				
CMD-like	tr|A0A371JY03|A0A371JY03_9GAMM	147	0				
CMD-like	tr|A0A371K0F1|A0A371K0F1_9GAMM	148	0				
CMD-like	tr|A0A371NGL6|A0A371NGL6_9EURY	125	0				
CMD-like	tr|A0A371NQK7|A0A371NQK7_9MICO	158	0				
CMD-like	tr|A0A371P0M1|A0A371P0M1_9BACL	145	0				
CMD-like	tr|A0A371PQG2|A0A371PQG2_STRIH	172	0				
CMD-like	tr|A0A371PSW8|A0A371PSW8_STRIH	151	0				
CMD-like	tr|A0A371X4C8|A0A371X4C8_9HYPH	189	0				
CMD-like	tr|A0A371YK35|A0A371YK35_9GAMM	142	0				
CMD-like	tr|A0A372DPV3|A0A372DPV3_9GAMM	161	0				
CMD-like	tr|A0A372EMJ7|A0A372EMJ7_9BURK	128	0				
CMD-like	tr|A0A372FSF5|A0A372FSF5_9ACTN	198	0				
CMD-like	tr|A0A372LQH6|A0A372LQH6_9BACI	121	0				
CMD-like	tr|A0A372LX39|A0A372LX39_9ACTN	157	0				
CMD-like	tr|A0A372M1L3|A0A372M1L3_9ACTN	157	0				
CMD-like	tr|A0A372MA66|A0A372MA66_9ACTN	191	0				
CMD-like	tr|A0A372MC00|A0A372MC00_9ACTN	184	0				
CMD-like	tr|A0A372MJQ0|A0A372MJQ0_9SPIR	210	0				
CMD-like	tr|A0A372ZLG8|A0A372ZLG8_9ACTN	164	0				
CMD-like	tr|A0A372ZWU9|A0A372ZWU9_9ACTN	176	0				
CMD-like	tr|A0A375YJK8|A0A375YJK8_MYCPF	140	0				
CMD-like	tr|A0A376CMW0|A0A376CMW0_9CORY	120	0				
CMD-like	tr|A0A376DB67|A0A376DB67_9GAMM	194	0				
CMD-like	tr|A0A378IA87|A0A378IA87_9GAMM	146	0				
CMD-like	tr|A0A378J7B4|A0A378J7B4_9GAMM	145	0				
CMD-like	tr|A0A378KVX8|A0A378KVX8_9GAMM	135	0				
CMD-like	tr|A0A378P942|A0A378P942_9GAMM	125	0				
CMD-like	tr|A0A378PJF2|A0A378PJF2_9GAMM	128	0				
CMD-like	tr|A0A378TI19|A0A378TI19_9MYCO	190	0				
CMD-like	tr|A0A379LMK9|A0A379LMK9_9GAMM	123	0				
CMD-like	tr|A0A379LZ75|A0A379LZ75_9NOCA	176	0				
CMD-like	tr|A0A379M4A4|A0A379M4A4_9NOCA	153	0				
CMD-like	tr|A0A380L105|A0A380L105_9STRE	205	0				
CMD-like	tr|A0A380NGU8|A0A380NGU8_9FIRM	128	0				
CMD-like	tr|A0A380T900|A0A380T900_9PSED	146	0				
CMD-like	tr|A0A385SKT6|A0A385SKT6_9BACT	155	0				
CMD-like	tr|A0A385SM14|A0A385SM14_9BACT	185	0				
CMD-like	tr|A0A385SV96|A0A385SV96_9BACT	144	0				
CMD-like	tr|A0A386HLS4|A0A386HLS4_9BACT	146	0				
CMD-like	tr|A0A386HP42|A0A386HP42_9BACT	177	0				
CMD-like	tr|A0A386HSW5|A0A386HSW5_9BACT	150	0				
CMD-like	tr|A0A386ZET8|A0A386ZET8_9NOCA	184	0				
CMD-like	tr|A0A387B792|A0A387B792_9MICO	162	0				
CMD-like	tr|A0A387BHL7|A0A387BHL7_9MICO	165	0				
CMD-like	tr|A0A387BL94|A0A387BL94_9LACT	122	0				
CMD-like	tr|A0A387C006|A0A387C006_9MICO	150	0				
CMD-like	tr|A0A387G1P7|A0A387G1P7_9HYPH	182	0				
CMD-like	tr|A0A395HVQ2|A0A395HVQ2_ASPHC	143	0				
CMD-like	tr|A0A395N8Q6|A0A395N8Q6_TRIAR	145	0				
CMD-like	tr|A0A396S8E7|A0A396S8E7_9PSED	129	0				
CMD-like	tr|A0A397HAU3|A0A397HAU3_ASPTH	136	0				
CMD-like	tr|A0A398CE86|A0A398CE86_9BURK	145	0				
CMD-like	tr|A0A398CF57|A0A398CF57_9BACL	157	0				
CMD-like	tr|A0A399D5Q0|A0A399D5Q0_9BACT	146	0				
CMD-like	tr|A0A399DB37|A0A399DB37_9BACT	184	0				
CMD-like	tr|A0A399ESY4|A0A399ESY4_9DEIN	210	0				
CMD-like	tr|A0A399FVF2|A0A399FVF2_9ACTN	148	0				
CMD-like	tr|A0A399J8W5|A0A399J8W5_9MICC	120	0				
CMD-like	tr|A0A399SWI0|A0A399SWI0_9BACT	183	0				
CMD-like	tr|A0A3A1N4U7|A0A3A1N4U7_9FLAO	189	0				
CMD-like	tr|A0A3A1P539|A0A3A1P539_9SPHN	135	0				
CMD-like	tr|A0A3A1Y7Q5|A0A3A1Y7Q5_9GAMM	204	0				
CMD-like	tr|A0A3A1YB01|A0A3A1YB01_9GAMM	201	0				
CMD-like	tr|A0A3A2ZUF5|A0A3A2ZUF5_9EURO	184	0				
CMD-like	tr|A0A3A3FF33|A0A3A3FF33_9BURK	160	0				
CMD-like	tr|A0A3A3FVH0|A0A3A3FVH0_9BURK	190	0				
CMD-like	tr|A0A3A3GAX5|A0A3A3GAX5_9BURK	152	0				
CMD-like	tr|A0A3A4ACC2|A0A3A4ACC2_9ACTN	182	0				
CMD-like	tr|A0A3A4AS54|A0A3A4AS54_9ACTN	150	0				
CMD-like	tr|A0A3A4B596|A0A3A4B596_9ACTN	153	0				
CMD-like	tr|A0A3A4BVT1|A0A3A4BVT1_9ACTN	132	0				
CMD-like	tr|A0A3A4KD69|A0A3A4KD69_9NOCA	189	0				
CMD-like	tr|A0A3A4KD75|A0A3A4KD75_9NOCA	191	0				
CMD-like	tr|A0A3A4KM69|A0A3A4KM69_9NOCA	157	0				
CMD-like	tr|A0A3A4KYZ3|A0A3A4KYZ3_9NOCA	190	0				
CMD-like	tr|A0A3A6QVI3|A0A3A6QVI3_9VIBR	144	0				
CMD-like	tr|A0A3A8A5U1|A0A3A8A5U1_9HYPH	134	0				
CMD-like	tr|A0A3A8EZY3|A0A3A8EZY3_9GAMM	149	0				
CMD-like	tr|A0A3A8NAA7|A0A3A8NAA7_9BACT	153	0				
CMD-like	tr|A0A3A8RG41|A0A3A8RG41_9BACT	183	0				
CMD-like	tr|A0A3A9JM43|A0A3A9JM43_9PROT	182	0				
CMD-like	tr|A0A3A9K816|A0A3A9K816_9BACI	147	0				
CMD-like	tr|A0A3A9YB17|A0A3A9YB17_9ACTN	161	0				
CMD-like	tr|A0A3A9YHM7|A0A3A9YHM7_9ACTN	149	0				
CMD-like	tr|A0A3A9Z4K5|A0A3A9Z4K5_9ACTN	147	0				
CMD-like	tr|A0A3A9ZCD1|A0A3A9ZCD1_9ACTN	204	0				
CMD-like	tr|A0A3B7MNN5|A0A3B7MNN5_9BACT	155	0				
CMD-like	tr|A0A3D8JYD4|A0A3D8JYD4_9BURK	178	0				
CMD-like	tr|A0A3D8JYW9|A0A3D8JYW9_9BURK	138	0				
CMD-like	tr|A0A3D8TQB1|A0A3D8TQB1_9LIST	147	0				
CMD-like	tr|A0A3D8YGJ8|A0A3D8YGJ8_9BACT	146	0				
CMD-like	tr|A0A3D9BTH6|A0A3D9BTH6_9RHOB	126	0				
CMD-like	tr|A0A3D9C0Q4|A0A3D9C0Q4_9FLAO	145	0				
CMD-like	tr|A0A3D9R125|A0A3D9R125_9BACL	125	0				
CMD-like	tr|A0A3E1NEU2|A0A3E1NEU2_9BACT	145	0				
CMD-like	tr|A0A3E1NGY8|A0A3E1NGY8_9BACT	182	0				
CMD-like	tr|A0A3E1NH27|A0A3E1NH27_9BACT	190	0				
CMD-like	tr|A0A3E1NNV0|A0A3E1NNV0_9BACT	147	0				
CMD-like	tr|A0A3E1P0F9|A0A3E1P0F9_9BACT	146	0				
CMD-like	tr|A0A3E1P8N7|A0A3E1P8N7_9BACT	145	0				
CMD-like	tr|A0A3E1PAA2|A0A3E1PAA2_9BACT	133	0				
CMD-like	tr|A0A3E1Y679|A0A3E1Y679_9BACT	148	0				
CMD-like	tr|A0A3E2GWI8|A0A3E2GWI8_SCYLI	138	0				
CMD-like	tr|A0A3E2HLU3|A0A3E2HLU3_SCYLI	184	0				
CMD-like	tr|A0A3E2HP68|A0A3E2HP68_SCYLI	159	0				
CMD-like	tr|A0A3E2NWC2|A0A3E2NWC2_9SPHI	146	0				
CMD-like	tr|A0A3F3QFP3|A0A3F3QFP3_9EURO	193	0				
CMD-like	tr|A0A3G3JXW8|A0A3G3JXW8_9BACL	160	0				
CMD-like	tr|A0A3G8JN75|A0A3G8JN75_9ACTN	123	0				
CMD-like	tr|A0A3G8JNI6|A0A3G8JNI6_9ACTN	145	0				
CMD-like	tr|A0A3G9IEN3|A0A3G9IEN3_9ACTN	184	0				
CMD-like	tr|A0A3L7A535|A0A3L7A535_9HYPH	194	0				
CMD-like	tr|A0A3L7A9E8|A0A3L7A9E8_9HYPH	160	0				
CMD-like	tr|A0A3L7ACD1|A0A3L7ACD1_9HYPH	154	0				
CMD-like	tr|A0A3L7AF43|A0A3L7AF43_9HYPH	188	0				
CMD-like	tr|A0A3L7AHV6|A0A3L7AHV6_9HYPH	179	0				
CMD-like	tr|A0A3L8PMF2|A0A3L8PMF2_9ACTN	180	0				
CMD-like	tr|A0A3L8PS11|A0A3L8PS11_9ACTN	146	0				
CMD-like	tr|A0A3L9Y7A3|A0A3L9Y7A3_9RHOB	137	0				
CMD-like	tr|A0A3M0C0G3|A0A3M0C0G3_9PROT	199	0				
CMD-like	tr|A0A3M2HVN0|A0A3M2HVN0_9GAMM	129	0				
CMD-like	tr|A0A3M2L1H1|A0A3M2L1H1_9NOCA	155	0				
CMD-like	tr|A0A3M2L341|A0A3M2L341_9NOCA	159	0				
CMD-like	tr|A0A3M2LCR9|A0A3M2LCR9_9NOCA	130	0				
CMD-like	tr|A0A3M2LTW8|A0A3M2LTW8_9ACTN	155	0				
CMD-like	tr|A0A3M2LUD9|A0A3M2LUD9_9ACTN	151	0				
CMD-like	tr|A0A3M2LVB6|A0A3M2LVB6_9ACTN	158	0				
CMD-like	tr|A0A3M2M5W1|A0A3M2M5W1_9ACTN	180	0				
CMD-like	tr|A0A3M2MAM6|A0A3M2MAM6_9ACTN	131	0				
CMD-like	tr|A0A3M2SCG1|A0A3M2SCG1_9HYPO	194	0				
CMD-like	tr|A0A3M3EEF9|A0A3M3EEF9_9PSED	186	0				
CMD-like	tr|A0A3M8DPS3|A0A3M8DPS3_9BACL	149	0				
CMD-like	tr|A0A3M8SWX4|A0A3M8SWX4_9ACTN	149	0				
CMD-like	tr|A0A3M8WE03|A0A3M8WE03_9ACTN	160	0				
CMD-like	tr|A0A3M9MMM8|A0A3M9MMM8_9BACT	195	0				
CMD-like	tr|A0A3N0DZ81|A0A3N0DZ81_9ACTN	196	0				
CMD-like	tr|A0A3N0EBX4|A0A3N0EBX4_9ACTN	132	0				
CMD-like	tr|A0A3N0EC63|A0A3N0EC63_9ACTN	195	0				
CMD-like	tr|A0A3N1D6J4|A0A3N1D6J4_9ACTN	133	0				
CMD-like	tr|A0A3N1DBS3|A0A3N1DBS3_9ACTN	138	0				
CMD-like	tr|A0A3N1H1K7|A0A3N1H1K7_9PSEU	124	0				
CMD-like	tr|A0A3N1KRR9|A0A3N1KRR9_9PROT	184	0				
CMD-like	tr|A0A3N1L0P9|A0A3N1L0P9_9PROT	142	0				
CMD-like	tr|A0A3N1LH20|A0A3N1LH20_9PROT	126	0				
CMD-like	tr|A0A3N2C711|A0A3N2C711_9MICO	146	0				
CMD-like	tr|A0A3N3ZUN6|A0A3N3ZUN6_9MICC	142	0				
CMD-like	tr|A0A3N4MGE7|A0A3N4MGE7_9BACT	146	0				
CMD-like	tr|A0A3N4Q8E8|A0A3N4Q8E8_9BACT	162	0				
CMD-like	tr|A0A3N4Q9D1|A0A3N4Q9D1_9BACT	152	0				
CMD-like	tr|A0A3N4UUE0|A0A3N4UUE0_9RHOB	135	0				
CMD-like	tr|A0A3N5XZL5|A0A3N5XZL5_9ALTE	180	0				
CMD-like	tr|A0A3N6M0J8|A0A3N6M0J8_NATCH	133	0				
CMD-like	tr|A0A3N6MT02|A0A3N6MT02_9EURY	183	0				
CMD-like	tr|A0A3N6N3J0|A0A3N6N3J0_9BURK	129	0				
CMD-like	tr|A0A3N6NG69|A0A3N6NG69_9BURK	145	0				
CMD-like	tr|A0A3N6PJ60|A0A3N6PJ60_9CYAN	145	0				
CMD-like	tr|A0A3N6WNX3|A0A3N6WNX3_9ACTN	190	0				
CMD-like	tr|A0A3N7HTU2|A0A3N7HTU2_9BURK	180	0				
CMD-like	tr|A0A3N9TDM6|A0A3N9TDM6_9VIBR	126	0				
CMD-like	tr|A0A3N9TJF6|A0A3N9TJF6_9VIBR	209	0				
CMD-like	tr|A0A3N9UCW9|A0A3N9UCW9_9BACI	135	0				
CMD-like	tr|A0A3N9WNX2|A0A3N9WNX2_9ACTN	145	0				
CMD-like	tr|A0A3P1CKG2|A0A3P1CKG2_9BACT	146	0				
CMD-like	tr|A0A3P1SKP4|A0A3P1SKP4_9GAMM	157	0				
CMD-like	tr|A0A3P3DHA5|A0A3P3DHA5_9RHOB	186	0				
CMD-like	tr|A0A3P3DQ86|A0A3P3DQ86_9RHOB	140	0				
CMD-like	tr|A0A3P3DZD2|A0A3P3DZD2_9BURK	191	0				
CMD-like	tr|A0A3P3W750|A0A3P3W750_9FLAO	153	0				
CMD-like	tr|A0A3P5WNE6|A0A3P5WNE6_9RHOB	179	0				
CMD-like	tr|A0A3P5XAQ9|A0A3P5XAQ9_9RHOB	141	0				
CMD-like	tr|A0A3Q0L588|A0A3Q0L588_VIBVU	177	0				
CMD-like	tr|A0A3Q8WSX2|A0A3Q8WSX2_9ACTO	151	0				
CMD-like	tr|A0A3Q9BPX6|A0A3Q9BPX6_9BURK	184	0				
CMD-like	tr|A0A3Q9IYL4|A0A3Q9IYL4_9MICO	205	0				
CMD-like	tr|A0A3R7KLS0|A0A3R7KLS0_9EURY	120	0				
CMD-like	tr|A0A3R8P4B8|A0A3R8P4B8_9PSEU	188	0				
CMD-like	tr|A0A3S0V6S2|A0A3S0V6S2_9PROT	131	0				
CMD-like	tr|A0A3S0VKE3|A0A3S0VKE3_9PROT	132	0				
CMD-like	tr|A0A3S0XNB6|A0A3S0XNB6_9MICO	177	0				
CMD-like	tr|A0A3S0Y021|A0A3S0Y021_9GAMM	190	0				
CMD-like	tr|A0A3S2VXN9|A0A3S2VXN9_9HYPH	158	0				
CMD-like	tr|A0A3S2Z6F5|A0A3S2Z6F5_9PROT	178	0				
CMD-like	tr|A0A3S3BG01|A0A3S3BG01_9NOCA	183	0				
CMD-like	tr|A0A3S3EAN2|A0A3S3EAN2_9NOCA	175	0				
CMD-like	tr|A0A3S3Q827|A0A3S3Q827_9FLAO	144	0				
CMD-like	tr|A0A3S3V3F4|A0A3S3V3F4_9SPHI	147	0				
CMD-like	tr|A0A3S4YWY0|A0A3S4YWY0_9ACTO	126	0				
CMD-like	tr|A0A3S5D489|A0A3S5D489_9RHOB	127	0				
CMD-like	tr|A0A3S7S443|A0A3S7S443_9GAMM	174	0				
CMD-like	tr|A0A3S9N0Y2|A0A3S9N0Y2_9FLAO	182	0				
CMD-like	tr|A0A3S9P721|A0A3S9P721_9BACT	178	0				
CMD-like	tr|A0A3S9SWW1|A0A3S9SWW1_9FIRM	129	0				
CMD-like	tr|A0A3S9XDP1|A0A3S9XDP1_9GAMM	136	0				
CMD-like	tr|A0A3T0MYS7|A0A3T0MYS7_9RHOB	188	0				
CMD-like	tr|A0A401FUE0|A0A401FUE0_9BACT	124	0				
CMD-like	tr|A0A401J2F0|A0A401J2F0_SPHXE	179	0				
CMD-like	tr|A0A401JCH7|A0A401JCH7_9PROT	131	0				
CMD-like	tr|A0A401Z8F0|A0A401Z8F0_9CHLR	130	0				
CMD-like	tr|A0A401Z9A4|A0A401Z9A4_9CHLR	197	0				
CMD-like	tr|A0A401ZT81|A0A401ZT81_9CHLR	200	0				
CMD-like	tr|A0A402CFI8|A0A402CFI8_RHOWR	147	0				
CMD-like	tr|A0A402CV44|A0A402CV44_9BACT	130	0				
CMD-like	tr|A0A402CYN7|A0A402CYN7_9BACT	143	0				
CMD-like	tr|A0A402D6P7|A0A402D6P7_9BACT	182	0				
CMD-like	tr|A0A410H625|A0A410H625_9GAMM	154	0				
CMD-like	tr|A0A410V036|A0A410V036_9BRAD	121	0				
CMD-like	tr|A0A410V605|A0A410V605_9BRAD	179	0				
CMD-like	tr|A0A410WXM3|A0A410WXM3_9BACL	147	0				
CMD-like	tr|A0A411WJF5|A0A411WJF5_9GAMM	143	0				
CMD-like	tr|A0A411YGX1|A0A411YGX1_9ACTN	172	0				
CMD-like	tr|A0A411YLB2|A0A411YLB2_9ACTN	145	0				
CMD-like	tr|A0A411YWA8|A0A411YWA8_9RHOB	142	0				
CMD-like	tr|A0A413RLK4|A0A413RLK4_9CELL	123	0				
CMD-like	tr|A0A417XTN0|A0A417XTN0_9ACTN	120	0				
CMD-like	tr|A0A417XUU4|A0A417XUU4_9ACTN	131	0				
CMD-like	tr|A0A417Y0Q2|A0A417Y0Q2_9ACTN	181	0				
CMD-like	tr|A0A418KVA2|A0A418KVA2_9ACTN	183	0				
CMD-like	tr|A0A418KVD6|A0A418KVD6_9ACTN	147	0				
CMD-like	tr|A0A418Q951|A0A418Q951_9CORY	208	0				
CMD-like	tr|A0A418SR01|A0A418SR01_9RHOB	175	0				
CMD-like	tr|A0A418VTX4|A0A418VTX4_9PROT	189	0				
CMD-like	tr|A0A418VWA4|A0A418VWA4_9PROT	180	0				
CMD-like	tr|A0A418VZH8|A0A418VZH8_9PROT	148	0				
CMD-like	tr|A0A418W9Y1|A0A418W9Y1_9PROT	160	0				
CMD-like	tr|A0A418WBX3|A0A418WBX3_9PROT	177	0				
CMD-like	tr|A0A418WF43|A0A418WF43_9PROT	164	0				
CMD-like	tr|A0A418WZ44|A0A418WZ44_9BURK	154	0				
CMD-like	tr|A0A418X2J4|A0A418X2J4_9BURK	130	0				
CMD-like	tr|A0A418Y695|A0A418Y695_9BURK	138	0				
CMD-like	tr|A0A418YG03|A0A418YG03_9GAMM	187	0				
CMD-like	tr|A0A418YPM9|A0A418YPM9_9SPHN	185	0				
CMD-like	tr|A0A419A4F8|A0A419A4F8_9RHOB	154	0				
CMD-like	tr|A0A419I447|A0A419I447_9PSEU	164	0				
CMD-like	tr|A0A419I9N0|A0A419I9N0_9PSEU	206	0				
CMD-like	tr|A0A419R4N8|A0A419R4N8_9SPHN	146	0				
CMD-like	tr|A0A419SBE7|A0A419SBE7_9SPHI	147	0				
CMD-like	tr|A0A420EBE9|A0A420EBE9_9ALTE	132	0				
CMD-like	tr|A0A420EF04|A0A420EF04_9SPHN	149	0				
CMD-like	tr|A0A420EII6|A0A420EII6_9SPHN	184	0				
CMD-like	tr|A0A420FCU3|A0A420FCU3_9SPHI	158	0				
CMD-like	tr|A0A420FWJ3|A0A420FWJ3_9SPHI	146	0				
CMD-like	tr|A0A421B356|A0A421B356_9PSEU	128	0				
CMD-like	tr|A0A423VYY0|A0A423VYY0_9PEZI	198	0				
CMD-like	tr|A0A426DD76|A0A426DD76_9FIRM	182	0				
CMD-like	tr|A0A426DLX6|A0A426DLX6_9FIRM	122	0				
CMD-like	tr|A0A426JRF4|A0A426JRF4_9PSEU	153	0				
CMD-like	tr|A0A426QGK2|A0A426QGK2_9GAMM	191	0				
CMD-like	tr|A0A426UWI9|A0A426UWI9_9ACTN	174	0				
CMD-like	tr|A0A427WLI2|A0A427WLI2_ACHDE	185	0				
CMD-like	tr|A0A427XR13|A0A427XR13_9TREE	160	0				
CMD-like	tr|A0A427XVW1|A0A427XVW1_9TREE	177	0				
CMD-like	tr|A0A427XZ32|A0A427XZ32_9TREE	138	0				
CMD-like	tr|A0A427YWW0|A0A427YWW0_9TREE	139	0				
CMD-like	tr|A0A428MND8|A0A428MND8_9BACT	138	0				
CMD-like	tr|A0A428WBT6|A0A428WBT6_AMYBA	184	0				
CMD-like	tr|A0A428WKI4|A0A428WKI4_AMYBA	153	0				
CMD-like	tr|A0A428WRW3|A0A428WRW3_AMYBA	158	0				
CMD-like	tr|A0A429XSP3|A0A429XSP3_9RICK	188	0				
CMD-like	tr|A0A431TG08|A0A431TG08_9BURK	151	0				
CMD-like	tr|A0A431TQY5|A0A431TQY5_9BURK	150	0				
CMD-like	tr|A0A432ML02|A0A432ML02_9BACT	187	0				
CMD-like	tr|A0A432VAV7|A0A432VAV7_9HYPH	191	0				
CMD-like	tr|A0A432W1B4|A0A432W1B4_9GAMM	176	0				
CMD-like	tr|A0A432W914|A0A432W914_9GAMM	153	0				
CMD-like	tr|A0A433RSM1|A0A433RSM1_9BACL	146	0				
CMD-like	tr|A0A433XCT3|A0A433XCT3_9BACL	137	0				
CMD-like	tr|A0A437AD47|A0A437AD47_ARTFL	161	0				
CMD-like	tr|A0A437M3F4|A0A437M3F4_9PROT	179	0				
CMD-like	tr|A0A437M6A3|A0A437M6A3_9SPHN	187	0				
CMD-like	tr|A0A437M992|A0A437M992_9SPHN	192	0				
CMD-like	tr|A0A437MA03|A0A437MA03_9SPHN	183	0				
CMD-like	tr|A0A437MZL7|A0A437MZL7_9SPHI	151	0				
CMD-like	tr|A0A437PME7|A0A437PME7_9ACTN	132	0				
CMD-like	tr|A0A437Q2W2|A0A437Q2W2_9ACTN	203	0				
CMD-like	tr|A0A437Q503|A0A437Q503_9GAMM	173	0				
CMD-like	tr|A0A437QMX3|A0A437QMX3_9PROT	125	0				
CMD-like	tr|A0A437QUB5|A0A437QUB5_9PROT	151	0				
CMD-like	tr|A0A437S7U4|A0A437S7U4_9FIRM	206	0				
CMD-like	tr|A0A439D2K0|A0A439D2K0_9PEZI	181	0				
CMD-like	tr|A0A439DYV4|A0A439DYV4_9MYCO	155	0				
CMD-like	tr|A0A443HPK6|A0A443HPK6_PAEVA	148	0				
CMD-like	tr|A0A443IN10|A0A443IN10_9RHOB	164	0				
CMD-like	tr|A0A444JVH0|A0A444JVH0_9GAMM	144	0				
CMD-like	tr|A0A444MB71|A0A444MB71_9RHOB	202	0				
CMD-like	tr|A0A444VQN3|A0A444VQN3_9FLAO	146	0				
CMD-like	tr|A0A447G999|A0A447G999_9MYCO	189	0				
CMD-like	tr|A0A451G4E0|A0A451G4E0_9GAMM	126	0				
CMD-like	tr|A0A454JLU0|A0A454JLU0_9NEIS	179	0				
CMD-like	tr|A0A480ALC3|A0A480ALC3_9BURK	187	0				
CMD-like	tr|A0A485C0S8|A0A485C0S8_KLUCR	151	0				
CMD-like	tr|A0A485D5Z1|A0A485D5Z1_KLUCR	141	0				
CMD-like	tr|A0A494RX63|A0A494RX63_9CORY	156	0				
CMD-like	tr|A0A494T969|A0A494T969_SPHPE	135	0				
CMD-like	tr|A0A494VSD9|A0A494VSD9_9SPHI	178	0				
CMD-like	tr|A0A7G1KI13|A0A7G1KI13_9NOCA	168	0				
CMD-like	tr|A0A7G2CP13|A0A7G2CP13_9TRYP	194	0				
CMD-like	tr|A0A7G2CQ73|A0A7G2CQ73_9TRYP	150	0				
CMD-like	tr|A0A7G2CT03|A0A7G2CT03_9TRYP	150	0				
CMD-like	tr|A0A7G5DV98|A0A7G5DV98_9PSED	187	0				
CMD-like	tr|A0A7G5DYZ5|A0A7G5DYZ5_9SPHI	131	0				
CMD-like	tr|A0A7G5EBK4|A0A7G5EBK4_9BURK	172	0				
CMD-like	tr|A0A7G5GXB2|A0A7G5GXB2_9BACT	196	0				
CMD-like	tr|A0A7G5IEH4|A0A7G5IEH4_9SPHN	181	0				
CMD-like	tr|A0A7G5II89|A0A7G5II89_9SPHN	195	0				
CMD-like	tr|A0A7G7BWG7|A0A7G7BWG7_9ACTN	182	0				
CMD-like	tr|A0A7G7GDZ9|A0A7G7GDZ9_9BACT	145	0				
CMD-like	tr|A0A7G8BDM0|A0A7G8BDM0_9BACT	193	0				
CMD-like	tr|A0A7G8BEX9|A0A7G8BEX9_9BACT	160	0				
CMD-like	tr|A0A7G8BGJ7|A0A7G8BGJ7_9BACT	136	0				
CMD-like	tr|A0A7G8BPZ0|A0A7G8BPZ0_9BACT	186	0				
CMD-like	tr|A0A7G8BQB3|A0A7G8BQB3_9BACT	177	0				
CMD-like	tr|A0A7G8Q5H7|A0A7G8Q5H7_9GAMM	178	0				
CMD-like	tr|A0A7G8Q5S9|A0A7G8Q5S9_9GAMM	140	0				
CMD-like	tr|A0A7G8Q6A7|A0A7G8Q6A7_9GAMM	155	0				
CMD-like	tr|A0A7G9RG42|A0A7G9RG42_9ACTN	184	0				
CMD-like	tr|A0A7G9RVC0|A0A7G9RVC0_9BURK	152	0				
CMD-like	tr|A0A7G9RWN5|A0A7G9RWN5_9FIRM	149	0				
CMD-like	tr|A0A7G9WKX5|A0A7G9WKX5_9FIRM	134	0				
CMD-like	tr|A0A7H0ILS0|A0A7H0ILS0_9ACTN	145	0				
CMD-like	tr|A0A7H0IMP5|A0A7H0IMP5_9ACTN	153	0				
CMD-like	tr|A0A7H0ISL3|A0A7H0ISL3_9ACTN	149	0				
CMD-like	tr|A0A7H0ITN8|A0A7H0ITN8_9ACTN	165	0				
CMD-like	tr|A0A7H0LQX6|A0A7H0LQX6_9SPHN	176	0				
CMD-like	tr|A0A7H0VFS7|A0A7H0VFS7_9FLAO	182	0				
CMD-like	tr|A0A7H8QMA0|A0A7H8QMA0_TALRU	201	0				
CMD-like	tr|A0A7H9ANM5|A0A7H9ANM5_9FLAO	190	0				
CMD-like	tr|A0A7H9BKP4|A0A7H9BKP4_9NEIS	181	0				
CMD-like	tr|A0A7H9DUV5|A0A7H9DUV5_9FLAO	144	0				
CMD-like	tr|A0A7I7JQA8|A0A7I7JQA8_9MYCO	131	0				
CMD-like	tr|A0A7I7JWG5|A0A7I7JWG5_9MYCO	173	0				
CMD-like	tr|A0A7I7K071|A0A7I7K071_9MYCO	194	0				
CMD-like	tr|A0A7I7KQ52|A0A7I7KQ52_9MYCO	130	0				
CMD-like	tr|A0A7I7L094|A0A7I7L094_9MYCO	184	0				
CMD-like	tr|A0A7I7L287|A0A7I7L287_9MYCO	188	0				
CMD-like	tr|A0A7I7L3R6|A0A7I7L3R6_9MYCO	172	0				
CMD-like	tr|A0A7I7L3W0|A0A7I7L3W0_9MYCO	186	0				
CMD-like	tr|A0A7I7MTC0|A0A7I7MTC0_9MYCO	195	0				
CMD-like	tr|A0A7I7P0S9|A0A7I7P0S9_9MYCO	133	0				
CMD-like	tr|A0A7I7P369|A0A7I7P369_9MYCO	196	0				
CMD-like	tr|A0A7I7PB69|A0A7I7PB69_9MYCO	189	0				
CMD-like	tr|A0A7I7PIL2|A0A7I7PIL2_9MYCO	187	0				
CMD-like	tr|A0A7I7Q207|A0A7I7Q207_9MYCO	155	0				
CMD-like	tr|A0A7I7QEI5|A0A7I7QEI5_9MYCO	174	0				
CMD-like	tr|A0A7I7QXC2|A0A7I7QXC2_9MYCO	176	0				
CMD-like	tr|A0A7I7RWV2|A0A7I7RWV2_9MYCO	202	0				
CMD-like	tr|A0A7I7SMN1|A0A7I7SMN1_9MYCO	131	0				
CMD-like	tr|A0A7I7TBL8|A0A7I7TBL8_9MYCO	170	0				
CMD-like	tr|A0A7I7WDI6|A0A7I7WDI6_9MYCO	188	0				
CMD-like	tr|A0A7I7X477|A0A7I7X477_9MYCO	207	0				
CMD-like	tr|A0A7I7YRA8|A0A7I7YRA8_9MYCO	180	0				
CMD-like	tr|A0A7I7ZU46|A0A7I7ZU46_9MYCO	156	0				
CMD-like	tr|A0A7I8DAR2|A0A7I8DAR2_9BACL	161	0				
CMD-like	tr|A0A7I8DCZ0|A0A7I8DCZ0_9BACL	126	0				
CMD-like	tr|A0A7I9WX57|A0A7I9WX57_9MYCO	143	0				
CMD-like	tr|A0A7I9Y094|A0A7I9Y094_9MYCO	202	0				
CMD-like	tr|A0A939JM89|A0A939JM89_9ACTN	171	0				
CMD-like	tr|A0A939LXV5|A0A939LXV5_9MICO	130	0				
CMD-like	tr|A0A939MKD1|A0A939MKD1_9MICO	142	0				
CMD-like	tr|A0A939P843|A0A939P843_9ACTN	175	0				
CMD-like	tr|A0A939P870|A0A939P870_9ACTN	210	0				
CMD-like	tr|A0A939PAJ3|A0A939PAJ3_9ACTN	203	0				
CMD-like	tr|A0A939PE57|A0A939PE57_9ACTN	183	0				
CMD-like	tr|A0A939QK53|A0A939QK53_9MICO	149	0				
CMD-like	tr|A0A939RUC9|A0A939RUC9_9CELL	149	0				
CMD-like	tr|A0A939SAI4|A0A939SAI4_9MICO	147	0				
CMD-like	tr|A0A939T2H1|A0A939T2H1_9ACTN	161	0				
CMD-like	tr|A0A939T7T3|A0A939T7T3_9ACTN	180	0				
CMD-like	tr|A0A940MIJ7|A0A940MIJ7_9ACTN	187	0				
CMD-like	tr|A0A940NW90|A0A940NW90_9BACI	126	0				
CMD-like	tr|A0A940P3V7|A0A940P3V7_9ENTE	145	0				
CMD-like	tr|A0A940XKW4|A0A940XKW4_9ACTN	192	0				
CMD-like	tr|A0A940Y632|A0A940Y632_9ACTN	200	0				
CMD-like	tr|A0A941AUS0|A0A941AUS0_9GAMM	146	0				
CMD-like	tr|A0A941D3H9|A0A941D3H9_9CAUL	184	0				
CMD-like	tr|A0A941E8L3|A0A941E8L3_9ACTN	193	0				
CMD-like	tr|A0A941EFN4|A0A941EFN4_9ACTN	151	0				
CMD-like	tr|A0A941ESQ0|A0A941ESQ0_9ACTN	152	0				
CMD-like	tr|A0A941FBK5|A0A941FBK5_9ACTN	184	0				
CMD-like	tr|A0A941HUP2|A0A941HUP2_9CAUL	184	0				
CMD-like	tr|A0A941I7I5|A0A941I7I5_9BURK	155	0				
CMD-like	tr|A0A941IWF6|A0A941IWF6_9ACTN	192	0				
CMD-like	tr|A0A942IDY0|A0A942IDY0_9HYPH	133	0				
CMD-like	tr|A0A942UQ34|A0A942UQ34_9BACI	125	0				
CMD-like	tr|A0A944HA66|A0A944HA66_DENI1	200	0				
CMD-like	tr|A0A947D886|A0A947D886_9HYPH	152	0				
CMD-like	tr|A0A947D9Z0|A0A947D9Z0_9HYPH	158	0				
CMD-like	tr|A0A949JDZ5|A0A949JDZ5_9ACTN	152	0				
CMD-like	tr|A0A949PJS0|A0A949PJS0_9HYPH	194	0				
CMD-like	tr|A0A953HK37|A0A953HK37_9BACT	153	0				
CMD-like	tr|A0A964E6J1|A0A964E6J1_9PROT	139	0				
CMD-like	tr|A0A964T8E3|A0A964T8E3_9HYPH	185	0				
CMD-like	tr|A0A964XMP6|A0A964XMP6_9ACTN	134	0				
CMD-like	tr|A0A965ZDL6|A0A965ZDL6_9SPHI	152	0				
CMD-like	tr|A0A967EA45|A0A967EA45_9MICO	139	0				
CMD-like	tr|A0A967EA65|A0A967EA65_9MICO	184	0				
CMD-like	tr|A0A967EZ01|A0A967EZ01_9PROT	130	0				
CMD-like	tr|A0A967EZ76|A0A967EZ76_9PROT	153	0				
CMD-like	tr|A0A967KEI7|A0A967KEI7_9PROT	184	0				
CMD-like	tr|A0A969W8V7|A0A969W8V7_9GAMM	121	0				
CMD-like	tr|A0A972F5S7|A0A972F5S7_9RHOO	122	0				
CMD-like	tr|A0A972FLZ6|A0A972FLZ6_9FLAO	148	0				
CMD-like	tr|A0A972GV71|A0A972GV71_9BACL	151	0				
CMD-like	tr|A0A972NKS5|A0A972NKS5_9BURK	162	0				
CMD-like	tr|A0A972NM53|A0A972NM53_9BURK	186	0				
CMD-like	tr|A0A973VYD0|A0A973VYD0_9BRAD	175	0				
CMD-like	tr|A0A974NSP6|A0A974NSP6_9SPHN	123	0				
CMD-like	tr|A0A974NYZ8|A0A974NYZ8_9SPHN	204	0				
CMD-like	tr|A0A974PB28|A0A974PB28_9BACL	148	0				
CMD-like	tr|A0A974PJQ7|A0A974PJQ7_9HYPH	132	0				
CMD-like	tr|A0A974SEW4|A0A974SEW4_9BACL	136	0				
CMD-like	tr|A0A974SJA2|A0A974SJA2_9HYPH	125	0				
CMD-like	tr|A0A974XER1|A0A974XER1_9FIRM	197	0				
CMD-like	tr|A0A975G3E5|A0A975G3E5_9CAUL	198	0				
CMD-like	tr|A0A975GVX6|A0A975GVX6_9CAUL	201	0				
CMD-like	tr|A0A975IV25|A0A975IV25_9CAUL	125	0				
CMD-like	tr|A0ABP8US69|A0ABP8US69_9ACTN	125	0				
CMD-like	tr|A0ABP8VRW2|A0ABP8VRW2_9PSEU	151	0				
CMD-like	tr|A0ABP8WF59|A0ABP8WF59_9ACTN	152	0				
CMD-like	tr|A0ABP8XLY5|A0ABP8XLY5_9PSEU	128	0				
CMD-like	tr|A0ABP8Z384|A0ABP8Z384_9ACTN	177	0				
CMD-like	tr|A0ABP9ATN6|A0ABP9ATN6_9ACTN	194	0				
CMD-like	tr|A0ABP9BQ61|A0ABP9BQ61_9MICC	152	0				
CMD-like	tr|A0ABP9BVK8|A0ABP9BVK8_9ACTN	157	0				
CMD-like	tr|A0ABP9BY00|A0ABP9BY00_9SPHI	150	0				
CMD-like	tr|A0ABP9C1N2|A0ABP9C1N2_9SPHI	145	0				
CMD-like	tr|A0ABP9CMU8|A0ABP9CMU8_9ACTN	144	0				
CMD-like	tr|A0ABP9DV46|A0ABP9DV46_9PSEU	206	0				
CMD-like	tr|A0ABP9F5X7|A0ABP9F5X7_9PSEU	187	0				
CMD-like	tr|A0ABP9I3J7|A0ABP9I3J7_9ACTN	161	0				
CMD-like	tr|A0ABP9IC93|A0ABP9IC93_9ACTN	198	0				
CMD-like	tr|A0ABP9KNP1|A0ABP9KNP1_9NOCA	196	0				
CMD-like	tr|A0ABP9L3X8|A0ABP9L3X8_9RHOB	185	0				
CMD-like	tr|A0ABP9M2B8|A0ABP9M2B8_9MICO	141	0				
CMD-like	tr|A0ABP9MBC2|A0ABP9MBC2_9GAMM	182	0				
CMD-like	tr|A0ABP9NUU0|A0ABP9NUU0_9PSEU	141	0				
CMD-like	tr|A0ABP9Q4Q2|A0ABP9Q4Q2_9PSEU	147	0				
CMD-like	tr|A0ABP9Q8U4|A0ABP9Q8U4_9PSEU	179	0				
CMD-like	tr|A0ABP9QAS7|A0ABP9QAS7_9PSEU	199	0				
CMD-like	tr|A0ABP9QNH3|A0ABP9QNH3_9PSEU	186	0				
CMD-like	tr|A0ABP9QRX7|A0ABP9QRX7_9RHOO	151	0				
CMD-like	tr|A0ABP9SCA7|A0ABP9SCA7_9MICC	160	0				
CMD-like	tr|A0ABP9SE52|A0ABP9SE52_9ACTN	152	0				
CMD-like	tr|A0ABP9SP79|A0ABP9SP79_9ACTN	146	0				
CMD-like	tr|A0ABP9TL30|A0ABP9TL30_9MICC	155	0				
CMD-like	tr|A0ABP9TP13|A0ABP9TP13_9MICC	143	0				
CMD-like	tr|A0ABP9U1V8|A0ABP9U1V8_9MICO	163	0				
CMD-like	tr|A0ABP9WKV2|A0ABP9WKV2_9MICO	133	0				
CMD-like	tr|A0ABP9WQZ8|A0ABP9WQZ8_9GAMM	174	0				
CMD-like	tr|A0ABP9Y0K1|A0ABP9Y0K1_9FUNG	123	0				
CMD-like	tr|A0ABQ0A674|A0ABQ0A674_9GAMM	137	0				
CMD-like	tr|A0ABQ0AAL1|A0ABQ0AAL1_9GAMM	190	0				
CMD-like	tr|A0ABQ0AB81|A0ABQ0AB81_9GAMM	149	0				
CMD-like	tr|A0ABQ0AB82|A0ABQ0AB82_9GAMM	150	0				
CMD-like	tr|A0ABQ0ADG2|A0ABQ0ADG2_9GAMM	177	0				
CMD-like	tr|A0ABQ0HH36|A0ABQ0HH36_9ACTN	144	0				
CMD-like	tr|A0ABQ0K102|A0ABQ0K102_9BACT	126	0				
CMD-like	tr|A0ABQ0M679|A0ABQ0M679_MYCCL	153	0				
CMD-like	tr|A0ABQ0MDW2|A0ABQ0MDW2_9BACT	135	0				
CMD-like	tr|A0ABQ0MTG9|A0ABQ0MTG9_9GAMM	140	0				
CMD-like	tr|A0ABQ0Q0Q4|A0ABQ0Q0Q4_9PROT	131	0				
CMD-like	tr|A0ABQ0Q298|A0ABQ0Q298_9PROT	152	0				
CMD-like	tr|A0ABQ0QNB9|A0ABQ0QNB9_9PROT	124	0				
CMD-like	tr|A0ABQ0XCP6|A0ABQ0XCP6_9LACO	128	0				
CMD-like	tr|A0ABQ0XEM5|A0ABQ0XEM5_9LACO	122	0				
CMD-like	tr|A0ABQ0YNK1|A0ABQ0YNK1_9NOCA	152	0				
CMD-like	tr|A0ABQ1HWW6|A0ABQ1HWW6_9ALTE	124	0				
CMD-like	tr|A0ABQ1NFL5|A0ABQ1NFL5_9BURK	135	0				
CMD-like	tr|A0ABQ1NX54|A0ABQ1NX54_9MICC	126	0				
CMD-like	tr|A0ABQ1PAX2|A0ABQ1PAX2_9GAMM	147	0				
CMD-like	tr|A0ABQ1PGE5|A0ABQ1PGE5_9MICC	188	0				
CMD-like	tr|A0ABQ1RFE2|A0ABQ1RFE2_9ALTE	179	0				
CMD-like	tr|A0ABQ1RJG0|A0ABQ1RJG0_9MICO	144	0				
CMD-like	tr|A0ABQ1S9Y6|A0ABQ1S9Y6_9SPHN	189	0				
CMD-like	tr|A0ABQ1SFU1|A0ABQ1SFU1_9FLAO	185	0				
CMD-like	tr|A0ABQ1TY68|A0ABQ1TY68_9GAMM	177	0				
CMD-like	tr|A0ABQ1UXT6|A0ABQ1UXT6_9BACT	155	0				
CMD-like	tr|A0A494VU45|A0A494VU45_9SPHI	181	0				
CMD-like	tr|A0A494W1C8|A0A494W1C8_9SPHN	182	0				
CMD-like	tr|A0A494W5G6|A0A494W5G6_9SPHN	141	0				
CMD-like	tr|A0A495VYE9|A0A495VYE9_9PSEU	182	0				
CMD-like	tr|A0A495W1G5|A0A495W1G5_9PSEU	132	0				
CMD-like	tr|A0A495XK18|A0A495XK18_9PSEU	128	0				
CMD-like	tr|A0A496PN71|A0A496PN71_9MICC	157	0				
CMD-like	tr|A0A498QG74|A0A498QG74_9MYCO	192	0				
CMD-like	tr|A0A4D4JA38|A0A4D4JA38_9PSEU	132	0				
CMD-like	tr|A0A4D4JAP5|A0A4D4JAP5_9PSEU	123	0				
CMD-like	tr|A0A4D7AP58|A0A4D7AP58_9HYPH	151	0				
CMD-like	tr|A0A4D7B0U6|A0A4D7B0U6_9HYPH	154	0				
CMD-like	tr|A0A4D7B0X2|A0A4D7B0X2_9HYPH	130	0				
CMD-like	tr|A0A4D7B4Q6|A0A4D7B4Q6_9HYPH	180	0				
CMD-like	tr|A0A4D7BK02|A0A4D7BK02_9HYPH	153	0				
CMD-like	tr|A0A4D7CB70|A0A4D7CB70_9SPHN	180	0				
CMD-like	tr|A0A4P2VI41|A0A4P2VI41_FLUSA	182	0				
CMD-like	tr|A0A4P6EH56|A0A4P6EH56_9MICO	183	0				
CMD-like	tr|A0A4P6FAQ2|A0A4P6FAQ2_9MICO	184	0				
CMD-like	tr|A0A4P6JJY4|A0A4P6JJY4_KTERU	156	0				
CMD-like	tr|A0A4P6KGP5|A0A4P6KGP5_9MICO	145	0				
CMD-like	tr|A0A4P6MS10|A0A4P6MS10_9BACT	145	0				
CMD-like	tr|A0A4P6MTU1|A0A4P6MTU1_9MICO	155	0				
CMD-like	tr|A0A4P6MTW0|A0A4P6MTW0_9MICO	209	0				
CMD-like	tr|A0A4P6MYS7|A0A4P6MYS7_9MICO	188	0				
CMD-like	tr|A0A4P6PD33|A0A4P6PD33_9GAMM	125	0				
CMD-like	tr|A0A4P7BGX6|A0A4P7BGX6_9BURK	179	0				
CMD-like	tr|A0A4P7C0K7|A0A4P7C0K7_9GAMM	190	0				
CMD-like	tr|A0A4P7D571|A0A4P7D571_9BURK	127	0				
CMD-like	tr|A0A4P7D905|A0A4P7D905_9BURK	182	0				
CMD-like	tr|A0A4P8I0E5|A0A4P8I0E5_9BURK	185	0				
CMD-like	tr|A0A4P8IXU5|A0A4P8IXU5_9BURK	179	0				
CMD-like	tr|A0A4P8YNS0|A0A4P8YNS0_9ENTR	143	0				
CMD-like	tr|A0A4P9VJB2|A0A4P9VJB2_9GAMM	143	0				
CMD-like	tr|A0A4P9Y0Z2|A0A4P9Y0Z2_9FUNG	188	0				
CMD-like	tr|A0A4Q0MNU1|A0A4Q0MNU1_9HYPH	138	0				
CMD-like	tr|A0A4Q0XGE0|A0A4Q0XGE0_9FLAO	159	0				
CMD-like	tr|A0A4Q1QN39|A0A4Q1QN39_9ACTN	184	0				
CMD-like	tr|A0A4Q2KSG0|A0A4Q2KSG0_9MICO	134	0				
CMD-like	tr|A0A4Q2KVB2|A0A4Q2KVB2_9MICO	129	0				
CMD-like	tr|A0A4Q2R671|A0A4Q2R671_9HYPH	172	0				
CMD-like	tr|A0A4Q2U1E8|A0A4Q2U1E8_9HYPH	182	0				
CMD-like	tr|A0A4Q2U2R5|A0A4Q2U2R5_9HYPH	147	0				
CMD-like	tr|A0A4Q2UE88|A0A4Q2UE88_9HYPH	152	0				
CMD-like	tr|A0A4Q4T3M0|A0A4Q4T3M0_9PEZI	206	0				
CMD-like	tr|A0A4Q4ZB66|A0A4Q4ZB66_9ACTN	120	0				
CMD-like	tr|A0A4Q5LK66|A0A4Q5LK66_9SPHI	149	0				
CMD-like	tr|A0A4Q5LZQ3|A0A4Q5LZQ3_9BACT	180	0				
CMD-like	tr|A0A4Q6XI73|A0A4Q6XI73_9GAMM	143	0				
CMD-like	tr|A0A4Q6XMU7|A0A4Q6XMU7_9SPHI	148	0				
CMD-like	tr|A0A4Q6XTY1|A0A4Q6XTY1_9SPHN	156	0				
CMD-like	tr|A0A4Q7AMI6|A0A4Q7AMI6_9GAMM	149	0				
CMD-like	tr|A0A4Q7J1H9|A0A4Q7J1H9_9PSEU	161	0				
CMD-like	tr|A0A4Q7N783|A0A4Q7N783_9BURK	190	0				
CMD-like	tr|A0A4Q7NF38|A0A4Q7NF38_9BURK	139	0				
CMD-like	tr|A0A4Q7NJ25|A0A4Q7NJ25_9BURK	195	0				
CMD-like	tr|A0A4Q7NMB3|A0A4Q7NMB3_9BURK	128	0				
CMD-like	tr|A0A4Q7U030|A0A4Q7U030_9MICO	156	0				
CMD-like	tr|A0A4Q7U0X5|A0A4Q7U0X5_9MICO	196	0				
CMD-like	tr|A0A4Q7UR82|A0A4Q7UR82_PSEST	139	0				
CMD-like	tr|A0A4Q7VRT6|A0A4Q7VRT6_9BURK	191	0				
CMD-like	tr|A0A4Q7YF79|A0A4Q7YF79_9BACT	206	0				
CMD-like	tr|A0A4Q8QMF1|A0A4Q8QMF1_9FLAO	162	0				
CMD-like	tr|A0A4Q9FPL0|A0A4Q9FPL0_9FLAO	144	0				
CMD-like	tr|A0A4Q9GJE9|A0A4Q9GJE9_9HYPH	141	0				
CMD-like	tr|A0A4Q9HZS7|A0A4Q9HZS7_STRKA	177	0				
CMD-like	tr|A0A4Q9NNE0|A0A4Q9NNE0_9APHY	185	0				
CMD-like	tr|A0A4Q9QIR3|A0A4Q9QIR3_9GAMM	147	0				
CMD-like	tr|A0A4Q9REF0|A0A4Q9REF0_9GAMM	144	0				
CMD-like	tr|A0A4Q9UYZ8|A0A4Q9UYZ8_9ACTO	151	0				
CMD-like	tr|A0A4Q9VXW7|A0A4Q9VXW7_9HYPH	133	0				
CMD-like	tr|A0A4Q9Z4C8|A0A4Q9Z4C8_9FLAO	144	0				
CMD-like	tr|A0A4R0HFJ5|A0A4R0HFJ5_9ENTR	179	0				
CMD-like	tr|A0A4R0HWS3|A0A4R0HWS3_9ACTN	184	0				
CMD-like	tr|A0A4R0IIA9|A0A4R0IIA9_9ACTN	147	0				
CMD-like	tr|A0A4R0IWF6|A0A4R0IWF6_9ACTN	156	0				
CMD-like	tr|A0A4R0NLP4|A0A4R0NLP4_9SPHI	181	0				
CMD-like	tr|A0A4R0X306|A0A4R0X306_9BURK	132	0				
CMD-like	tr|A0A4R1CF17|A0A4R1CF17_9ACTN	152	0				
CMD-like	tr|A0A4R1I4D9|A0A4R1I4D9_ANCAQ	153	0				
CMD-like	tr|A0A4R1RIG6|A0A4R1RIG6_HYDET	128	0				
CMD-like	tr|A0A4R1YMK3|A0A4R1YMK3_9RHOB	138	0				
CMD-like	tr|A0A4R2JT34|A0A4R2JT34_9PSEU	121	0				
CMD-like	tr|A0A4R2QQU5|A0A4R2QQU5_9PSEU	192	0				
CMD-like	tr|A0A4R2R153|A0A4R2R153_9PSEU	129	0				
CMD-like	tr|A0A4R3JET9|A0A4R3JET9_9PROT	130	0				
CMD-like	tr|A0A4R3JFI5|A0A4R3JFI5_9RHOB	200	0				
CMD-like	tr|A0A4R3LUY7|A0A4R3LUY7_9HYPH	130	0				
CMD-like	tr|A0A4R3M210|A0A4R3M210_9BURK	125	0				
CMD-like	tr|A0A4R3M4X3|A0A4R3M4X3_9HYPH	185	0				
CMD-like	tr|A0A4R3MJU7|A0A4R3MJU7_9HYPH	129	0				
CMD-like	tr|A0A4R3QIP2|A0A4R3QIP2_9HYPH	138	0				
CMD-like	tr|A0A4R3UW23|A0A4R3UW23_9BURK	198	0				
CMD-like	tr|A0A4R4PES0|A0A4R4PES0_9ACTN	126	0				
CMD-like	tr|A0A4R4Q897|A0A4R4Q897_9ACTN	176	0				
CMD-like	tr|A0A4R4TZC4|A0A4R4TZC4_9ACTN	150	0				
CMD-like	tr|A0A4R4VB58|A0A4R4VB58_9PSEU	151	0				
CMD-like	tr|A0A4R4WA46|A0A4R4WA46_9ACTN	169	0				
CMD-like	tr|A0A4R4WBI9|A0A4R4WBI9_9ACTN	170	0				
CMD-like	tr|A0A4R4XWL4|A0A4R4XWL4_9ACTN	153	0				
CMD-like	tr|A0A4R4Z0W6|A0A4R4Z0W6_9PSEU	156	0				
CMD-like	tr|A0A4R4Z2S1|A0A4R4Z2S1_9PSEU	138	0				
CMD-like	tr|A0A4R4ZH53|A0A4R4ZH53_9ACTN	141	0				
CMD-like	tr|A0A4R4ZW07|A0A4R4ZW07_9ACTN	146	0				
CMD-like	tr|A0A4R5A0L2|A0A4R5A0L2_9ACTN	125	0				
CMD-like	tr|A0A4R5A2Q5|A0A4R5A2Q5_9ACTN	185	0				
CMD-like	tr|A0A4R5A4K4|A0A4R5A4K4_9ACTN	183	0				
CMD-like	tr|A0A4R5AEZ2|A0A4R5AEZ2_9ACTN	148	0				
CMD-like	tr|A0A4R5B0I5|A0A4R5B0I5_9ACTN	124	0				
CMD-like	tr|A0A4R5C7M5|A0A4R5C7M5_9FLAO	163	0				
CMD-like	tr|A0A4R5CL12|A0A4R5CL12_9ACTN	187	0				
CMD-like	tr|A0A4R5DDI0|A0A4R5DDI0_9ACTN	189	0				
CMD-like	tr|A0A4R5EPA2|A0A4R5EPA2_9ACTN	174	0				
CMD-like	tr|A0A4R5KRN6|A0A4R5KRN6_9BACL	152	0				
CMD-like	tr|A0A4R5LTJ7|A0A4R5LTJ7_9GAMM	195	0				
CMD-like	tr|A0A4R5QEU8|A0A4R5QEU8_9PROT	176	0				
CMD-like	tr|A0A4R5TVP4|A0A4R5TVP4_9MICC	183	0				
CMD-like	tr|A0A4R5TZ26|A0A4R5TZ26_9MICC	177	0				
CMD-like	tr|A0A4R5VDY0|A0A4R5VDY0_9RHOB	187	0				
CMD-like	tr|A0A4R5VJ27|A0A4R5VJ27_9RHOB	181	0				
CMD-like	tr|A0A4R5W251|A0A4R5W251_9BURK	120	0				
CMD-like	tr|A0A4R6KDJ8|A0A4R6KDJ8_9ACTN	120	0				
CMD-like	tr|A0A4R6KJT6|A0A4R6KJT6_9ACTN	189	0				
CMD-like	tr|A0A4R6SKX7|A0A4R6SKX7_LABRH	133	0				
CMD-like	tr|A0A4R6U723|A0A4R6U723_9BURK	128	0				
CMD-like	tr|A0A4R6V4A6|A0A4R6V4A6_9ACTN	189	0				
CMD-like	tr|A0A4R7BYH0|A0A4R7BYH0_9HYPH	139	0				
CMD-like	tr|A0A4R7W3E0|A0A4R7W3E0_9PSEU	184	0				
CMD-like	tr|A0A4R8L5A7|A0A4R8L5A7_9BACL	127	0				
CMD-like	tr|A0A4R8R6U5|A0A4R8R6U5_9MYCO	177	0				
CMD-like	tr|A0A4R8R6V1|A0A4R8R6V1_9MYCO	127	0				
CMD-like	tr|A0A4R8R949|A0A4R8R949_9MYCO	192	0				
CMD-like	tr|A0A4R8SEG4|A0A4R8SEG4_9MYCO	175	0				
CMD-like	tr|A0A4R8VC74|A0A4R8VC74_9MICO	146	0				
CMD-like	tr|A0A4R9LJR5|A0A4R9LJR5_9LEPT	148	0				
CMD-like	tr|A0A4R9LYL7|A0A4R9LYL7_9LEPT	158	0				
CMD-like	tr|A0A4S1XFB5|A0A4S1XFB5_9SPHN	193	0				
CMD-like	tr|A0A4S2GZA4|A0A4S2GZA4_9PROT	185	0				
CMD-like	tr|A0A4S3MKW1|A0A4S3MKW1_9RHOB	136	0				
CMD-like	tr|A0A4S3TL88|A0A4S3TL88_9EURY	182	0				
CMD-like	tr|A0A4S3TML5|A0A4S3TML5_9EURY	191	0				
CMD-like	tr|A0A4S4AWS8|A0A4S4AWS8_9RHOO	123	0				
CMD-like	tr|A0A4S4FN42|A0A4S4FN42_9MICO	183	0				
CMD-like	tr|A0A4S4N2R1|A0A4S4N2R1_9APHY	205	0				
CMD-like	tr|A0A4S8EYN4|A0A4S8EYN4_9BURK	188	0				
CMD-like	tr|A0A4S8HZN9|A0A4S8HZN9_9BACT	153	0				
CMD-like	tr|A0A4S8QDS1|A0A4S8QDS1_9ACTN	151	0				
CMD-like	tr|A0A4S8QDZ4|A0A4S8QDZ4_9ACTN	155	0				
CMD-like	tr|A0A4T9TCC8|A0A4T9TCC8_9ACTN	132	0				
CMD-like	tr|A0A4U0EW67|A0A4U0EW67_9FLAO	152	0				
CMD-like	tr|A0A4U1CVG7|A0A4U1CVG7_9SPHI	146	0				
CMD-like	tr|A0A4U1GI46|A0A4U1GI46_9SPHI	150	0				
CMD-like	tr|A0A4U1I9M1|A0A4U1I9M1_9BURK	136	0				
CMD-like	tr|A0A4U3L0U6|A0A4U3L0U6_9BACT	159	0				
CMD-like	tr|A0A4U3L8S2|A0A4U3L8S2_9BACT	146	0				
CMD-like	tr|A0A4U3MRA9|A0A4U3MRA9_9ACTN	145	0				
CMD-like	tr|A0A4U5JQ08|A0A4U5JQ08_9GAMM	152	0				
CMD-like	tr|A0A4U5TQX6|A0A4U5TQX6_9FLAO	184	0				
CMD-like	tr|A0A4U6BK13|A0A4U6BK13_9BRAD	181	0				
CMD-like	tr|A0A4U6BST3|A0A4U6BST3_9BRAD	152	0				
CMD-like	tr|A0A4U6CZW5|A0A4U6CZW5_9BACT	150	0				
CMD-like	tr|A0A4U6D0Y0|A0A4U6D0Y0_9BACT	146	0				
CMD-like	tr|A0A4U6Q8X6|A0A4U6Q8X6_9ACTN	201	0				
CMD-like	tr|A0A4V1BM87|A0A4V1BM87_9ACTN	155	0				
CMD-like	tr|A0A4V2PHE6|A0A4V2PHE6_PSEEN	204	0				
CMD-like	tr|A0A4V2RXY8|A0A4V2RXY8_9HYPH	184	0				
CMD-like	tr|A0A4V2S3M9|A0A4V2S3M9_9ACTN	149	0				
CMD-like	tr|A0A4V2YSM4|A0A4V2YSM4_9ACTN	183	0				
CMD-like	tr|A0A4V2YY20|A0A4V2YY20_9ACTN	141	0				
CMD-like	tr|A0A4V2Z2U4|A0A4V2Z2U4_9ACTN	147	0				
CMD-like	tr|A0A4V3CZP7|A0A4V3CZP7_LABRH	125	0				
CMD-like	tr|A0A4V3IF92|A0A4V3IF92_9MICO	187	0				
CMD-like	tr|A0A4V3UMZ3|A0A4V3UMZ3_9EURO	185	0				
CMD-like	tr|A0A4V3WF26|A0A4V3WF26_9BACI	123	0				
CMD-like	tr|A0A4V5ZP26|A0A4V5ZP26_9EURY	190	0				
CMD-like	tr|A0A4V5ZP88|A0A4V5ZP88_9EURY	208	0				
CMD-like	tr|A0A4X2KZ10|A0A4X2KZ10_VOMUR	153	0				
CMD-like	tr|A0A4Y1YMS8|A0A4Y1YMS8_9PROT	157	0				
CMD-like	tr|A0A4Y3IKP9|A0A4Y3IKP9_9VIBR	148	0				
CMD-like	tr|A0A4Y3IPP0|A0A4Y3IPP0_9VIBR	163	0				
CMD-like	tr|A0A4Y4EY31|A0A4Y4EY31_9GAMM	191	0				
CMD-like	tr|A0A4Y6UAT7|A0A4Y6UAT7_9PROT	128	0				
CMD-like	tr|A0A4Y7Q2A8|A0A4Y7Q2A8_9AGAM	193	0				
CMD-like	tr|A0A4Y8DB64|A0A4Y8DB64_9HELO	188	0				
CMD-like	tr|A0A4Y8LNC9|A0A4Y8LNC9_9BACL	122	0				
CMD-like	tr|A0A4Y8M5P4|A0A4Y8M5P4_9BACL	152	0				
CMD-like	tr|A0A4Y8R0U7|A0A4Y8R0U7_9MICO	141	0				
CMD-like	tr|A0A4Y8ZK66|A0A4Y8ZK66_9SPHN	156	0				
CMD-like	tr|A0A4Y9EN17|A0A4Y9EN17_9SPHN	193	0				
CMD-like	tr|A0A4Y9SAJ5|A0A4Y9SAJ5_9BURK	176	0				
CMD-like	tr|A0A4Y9SE95|A0A4Y9SE95_9BURK	146	0				
CMD-like	tr|A0A4Y9SHA2|A0A4Y9SHA2_9BURK	148	0				
CMD-like	tr|A0A4Z0AYJ3|A0A4Z0AYJ3_9PSED	192	0				
CMD-like	tr|A0A4Z0BRQ7|A0A4Z0BRQ7_9BURK	157	0				
CMD-like	tr|A0A4Z0BU41|A0A4Z0BU41_9BURK	189	0				
CMD-like	tr|A0A4Z0C5Y0|A0A4Z0C5Y0_9BURK	206	0				
CMD-like	tr|A0A4Z0C704|A0A4Z0C704_9BURK	193	0				
CMD-like	tr|A0A4Z0GLK1|A0A4Z0GLK1_9BACL	126	0				
CMD-like	tr|A0A4Z0HD14|A0A4Z0HD14_9ACTN	160	0				
CMD-like	tr|A0A4Z0HL89|A0A4Z0HL89_MYCPR	131	0				
CMD-like	tr|A0A4Z0HRV5|A0A4Z0HRV5_MYCPR	197	0				
CMD-like	tr|A0A4Z0HT06|A0A4Z0HT06_MYCPR	200	0				
CMD-like	tr|A0A4Z0LUY3|A0A4Z0LUY3_9GAMM	186	0				
CMD-like	tr|A0A4Z0M576|A0A4Z0M576_9GAMM	200	0				
CMD-like	tr|A0A4Z0NZW5|A0A4Z0NZW5_9BACT	135	0				
CMD-like	tr|A0A4Z0WAC2|A0A4Z0WAC2_9GAMM	180	0				
CMD-like	tr|A0A4Z0WD47|A0A4Z0WD47_9GAMM	166	0				
CMD-like	tr|A0A4Z0YMG6|A0A4Z0YMG6_9PEZI	205	0				
CMD-like	tr|A0A501PHD0|A0A501PHD0_9PROT	203	0				
CMD-like	tr|A0A501PML8|A0A501PML8_9PROT	143	0				
CMD-like	tr|A0A501PUW0|A0A501PUW0_9PROT	195	0				
CMD-like	tr|A0A501QMP5|A0A501QMP5_9FLAO	144	0				
CMD-like	tr|A0A501WKZ6|A0A501WKZ6_9RHOB	120	0				
CMD-like	tr|A0A502CF57|A0A502CF57_9GAMM	159	0				
CMD-like	tr|A0A502CLE5|A0A502CLE5_9SPHN	194	0				
CMD-like	tr|A0A502CZT5|A0A502CZT5_9MICO	157	0				
CMD-like	tr|A0A502DEW8|A0A502DEW8_9BURK	182	0				
CMD-like	tr|A0A502EE23|A0A502EE23_9MYCO	199	0				
CMD-like	tr|A0A502EFX0|A0A502EFX0_9MYCO	160	0				
CMD-like	tr|A0A504J104|A0A504J104_9FLAO	151	0				
CMD-like	tr|A0A504JEY4|A0A504JEY4_9FLAO	201	0				
CMD-like	tr|A0A504TUF2|A0A504TUF2_9HYPH	138	0				
CMD-like	tr|A0A506UB11|A0A506UB11_9HYPH	128	0				
CMD-like	tr|A0A506UGZ2|A0A506UGZ2_9HYPH	162	0				
CMD-like	tr|A0A506VGH4|A0A506VGH4_9GAMM	122	0				
CMD-like	tr|A0A507SSB1|A0A507SSB1_9BACT	145	0				
CMD-like	tr|A0A510HLD0|A0A510HLD0_9ACTN	201	0				
CMD-like	tr|A0A511BP25|A0A511BP25_9PROT	192	0				
CMD-like	tr|A0A511DMQ3|A0A511DMQ3_9PSEU	186	0				
CMD-like	tr|A0A511DNL6|A0A511DNL6_9PSEU	124	0				
CMD-like	tr|A0A511MME0|A0A511MME0_9NOCA	188	0				
CMD-like	tr|A0A511N3M9|A0A511N3M9_DEIC1	150	0				
CMD-like	tr|A0A511YN65|A0A511YN65_9FLAO	192	0				
CMD-like	tr|A0A511Z1K6|A0A511Z1K6_9CELL	203	0				
CMD-like	tr|A0A511ZM63|A0A511ZM63_9BACI	163	0				
CMD-like	tr|A0A512BW46|A0A512BW46_9HYPH	193	0				
CMD-like	tr|A0A512HVA3|A0A512HVA3_9ACTN	141	0				
CMD-like	tr|A0A512IZB9|A0A512IZB9_9HYPH	172	0				
CMD-like	tr|A0A512JRH7|A0A512JRH7_9HYPH	132	0				
CMD-like	tr|A0A512NJI6|A0A512NJI6_9HYPH	184	0				
CMD-like	tr|A0A512RFH5|A0A512RFH5_9BACT	146	0				
CMD-like	tr|A0A512SYK2|A0A512SYK2_9MICO	202	0				
CMD-like	tr|A0A514BS37|A0A514BS37_9GAMM	156	0				
CMD-like	tr|A0A514CFD6|A0A514CFD6_9BACT	186	0				
CMD-like	tr|A0A515DDZ4|A0A515DDZ4_9BURK	144	0				
CMD-like	tr|A0A515ERX2|A0A515ERX2_9BURK	141	0				
CMD-like	tr|A0A515EV64|A0A515EV64_9BURK	149	0				
CMD-like	tr|A0A516GWZ5|A0A516GWZ5_9PROT	185	0				
CMD-like	tr|A0A516H2E6|A0A516H2E6_9PROT	131	0				
CMD-like	tr|A0A516H2J9|A0A516H2J9_9PROT	175	0				
CMD-like	tr|A0A516H492|A0A516H492_9PROT	145	0				
CMD-like	tr|A0A516H7U5|A0A516H7U5_9PROT	121	0				
CMD-like	tr|A0A516KK43|A0A516KK43_9BACI	146	0				
CMD-like	tr|A0A516Q385|A0A516Q385_9ACTN	167	0				
CMD-like	tr|A0A516Q6C1|A0A516Q6C1_9ACTN	147	0				
CMD-like	tr|A0A517DV44|A0A517DV44_9FIRM	124	0				
CMD-like	tr|A0A517NCI7|A0A517NCI7_9BACT	171	0				
CMD-like	tr|A0A517NUP1|A0A517NUP1_9BACT	191	0				
CMD-like	tr|A0A517PWZ0|A0A517PWZ0_9PLAN	163	0				
CMD-like	tr|A0A517R7P5|A0A517R7P5_9PLAN	189	0				
CMD-like	tr|A0A517S7E5|A0A517S7E5_9PLAN	157	0				
CMD-like	tr|A0A517TCU9|A0A517TCU9_9PLAN	180	0				
CMD-like	tr|A0A517WUQ1|A0A517WUQ1_9PLAN	170	0				
CMD-like	tr|A0A517WY70|A0A517WY70_9PLAN	150	0				
CMD-like	tr|A0A517XV30|A0A517XV30_9BACT	170	0				
CMD-like	tr|A0A517YWH5|A0A517YWH5_9BACT	145	0				
CMD-like	tr|A0A517Z0J6|A0A517Z0J6_9PLAN	161	0				
CMD-like	tr|A0A517ZEM9|A0A517ZEM9_9PLAN	149	0				
CMD-like	tr|A0A517ZG55|A0A517ZG55_9PLAN	184	0				
CMD-like	tr|A0A517ZSV4|A0A517ZSV4_9PLAN	185	0				
CMD-like	tr|A0A518AVQ2|A0A518AVQ2_9BACT	193	0				
CMD-like	tr|A0A518B148|A0A518B148_9BACT	183	0				
CMD-like	tr|A0A518B292|A0A518B292_9BACT	171	0				
CMD-like	tr|A0A518B5K2|A0A518B5K2_9BACT	128	0				
CMD-like	tr|A0A518BPP8|A0A518BPP8_9BACT	200	0				
CMD-like	tr|A0A518BZZ6|A0A518BZZ6_9BACT	181	0				
CMD-like	tr|A0A518DLA1|A0A518DLA1_9BACT	181	0				
CMD-like	tr|A0A518DRX0|A0A518DRX0_9BACT	136	0				
CMD-like	tr|A0A518ER79|A0A518ER79_9BACT	195	0				
CMD-like	tr|A0A518G6L0|A0A518G6L0_9BACT	154	0				
CMD-like	tr|A0A518HF12|A0A518HF12_9BACT	185	0				
CMD-like	tr|A0A518HPQ0|A0A518HPQ0_9BACT	185	0				
CMD-like	tr|A0A518I6J4|A0A518I6J4_9PLAN	170	0				
CMD-like	tr|A0A518RJR7|A0A518RJR7_9SPHN	126	0				
CMD-like	tr|A0A518RKX6|A0A518RKX6_9SPHN	148	0				
CMD-like	tr|A0A521FUX5|A0A521FUX5_9ACTN	132	0				
CMD-like	tr|A0A540R8C2|A0A540R8C2_9CORY	163	0				
CMD-like	tr|A0A540VXX2|A0A540VXX2_9ACTN	182	0				
CMD-like	tr|A0A540W0F7|A0A540W0F7_9ACTN	162	0				
CMD-like	tr|A0A540W697|A0A540W697_9ACTN	131	0				
CMD-like	tr|A0A541BSC8|A0A541BSC8_9NOCA	165	0				
CMD-like	tr|A0A543DPM5|A0A543DPM5_9PSEU	158	0				
CMD-like	tr|A0A543IW33|A0A543IW33_9ACTN	124	0				
CMD-like	tr|A0A543KEM2|A0A543KEM2_9RHOB	184	0				
CMD-like	tr|A0A544TJC5|A0A544TJC5_9BACI	147	0				
CMD-like	tr|A0A544TWB6|A0A544TWB6_9BACI	210	0				
CMD-like	tr|A0A544W8P1|A0A544W8P1_9MYCO	205	0				
CMD-like	tr|A0A545AFP4|A0A545AFP4_9ACTN	157	0				
CMD-like	tr|A0A545AMM2|A0A545AMM2_9ACTN	162	0				
CMD-like	tr|A0A545AQ06|A0A545AQ06_9ACTN	189	0				
CMD-like	tr|A0A545ASA5|A0A545ASA5_9ACTN	183	0				
CMD-like	tr|A0A545AYX3|A0A545AYX3_9ACTN	121	0				
CMD-like	tr|A0A545SSU0|A0A545SSU0_9PROT	199	0				
CMD-like	tr|A0A545T099|A0A545T099_9PROT	148	0				
CMD-like	tr|A0A545TYT1|A0A545TYT1_9PROT	131	0				
CMD-like	tr|A0A545U2W1|A0A545U2W1_9PROT	189	0				
CMD-like	tr|A0A545U9N5|A0A545U9N5_9GAMM	141	0				
CMD-like	tr|A0A545UAH7|A0A545UAH7_9GAMM	188	0				
CMD-like	tr|A0A552UJM6|A0A552UJM6_9SPHN	171	0				
CMD-like	tr|A0A552V804|A0A552V804_9FLAO	144	0				
CMD-like	tr|A0A553GWQ6|A0A553GWQ6_9PSED	143	0				
CMD-like	tr|A0A554NE37|A0A554NE37_9EURY	194	0				
CMD-like	tr|A0A554SDF9|A0A554SDF9_9ACTN	187	0				
CMD-like	tr|A0A556AFD3|A0A556AFD3_9BURK	125	0				
CMD-like	tr|A0A556ANQ3|A0A556ANQ3_9BURK	191	0				
CMD-like	tr|A0A556B115|A0A556B115_9BURK	174	0				
CMD-like	tr|A0A556B1G5|A0A556B1G5_9BURK	152	0				
CMD-like	tr|A0A556CC40|A0A556CC40_BREAU	166	0				
CMD-like	tr|A0A556MG21|A0A556MG21_9SPHI	178	0				
CMD-like	tr|A0A556QGN7|A0A556QGN7_9BACT	163	0				
CMD-like	tr|A0A557QH75|A0A557QH75_9RHOO	120	0				
CMD-like	tr|A0A557QPI0|A0A557QPI0_9RHOO	195	0				
CMD-like	tr|A0A557QWL1|A0A557QWL1_9RHOO	203	0				
CMD-like	tr|A0A557QXR1|A0A557QXR1_9RHOO	137	0				
CMD-like	tr|A0A557Y1G9|A0A557Y1G9_9MYCO	173	0				
CMD-like	tr|A0A558A8F1|A0A558A8F1_9PSEU	198	0				
CMD-like	tr|A0A558AIT7|A0A558AIT7_9PSEU	199	0				
CMD-like	tr|A0A558AJ56|A0A558AJ56_9PSEU	193	0				
CMD-like	tr|A0A558BVB8|A0A558BVB8_9BACT	200	0				
CMD-like	tr|A0A558BVC0|A0A558BVC0_9BACT	145	0				
CMD-like	tr|A0A558BWR8|A0A558BWR8_9PSEU	183	0				
CMD-like	tr|A0A558DKU5|A0A558DKU5_9PSEU	163	0				
CMD-like	tr|A0A559JIQ8|A0A559JIQ8_9BACL	148	0				
CMD-like	tr|A0A559JWF2|A0A559JWF2_9BACL	147	0				
CMD-like	tr|A0A559LYJ3|A0A559LYJ3_9HELO	186	0				
CMD-like	tr|A0A559M7M2|A0A559M7M2_9HELO	190	0				
CMD-like	tr|A0A561QB27|A0A561QB27_9HYPH	129	0				
CMD-like	tr|A0A562KMY3|A0A562KMY3_SPHWJ	126	0				
CMD-like	tr|A0A562RET9|A0A562RET9_9BURK	161	0				
CMD-like	tr|A0A562RHW9|A0A562RHW9_9BRAD	139	0				
CMD-like	tr|A0A563DUD8|A0A563DUD8_9MICO	155	0				
CMD-like	tr|A0A563DYL7|A0A563DYL7_9MICO	150	0				
CMD-like	tr|A0A563EIV5|A0A563EIV5_9PSEU	151	0				
CMD-like	tr|A0A563EUR8|A0A563EUR8_9PSEU	146	0				
CMD-like	tr|A0A563W368|A0A563W368_9CYAN	135	0				
CMD-like	tr|A0A563W3A2|A0A563W3A2_9CYAN	155	0				
CMD-like	tr|A0A5A7MWT7|A0A5A7MWT7_9PROT	189	0				
CMD-like	tr|A0A5A7SDJ1|A0A5A7SDJ1_9NOCA	180	0				
CMD-like	tr|A0A5A7SHE5|A0A5A7SHE5_9NOCA	156	0				
CMD-like	tr|A0A5B0DT46|A0A5B0DT46_9HYPH	186	0				
CMD-like	tr|A0A5B0G6Y6|A0A5B0G6Y6_9BURK	202	0				
CMD-like	tr|A0A5B0X076|A0A5B0X076_9GAMM	124	0				
CMD-like	tr|A0A5B1M7R1|A0A5B1M7R1_9ACTN	182	0				
CMD-like	tr|A0A5B2VIM5|A0A5B2VIM5_9BACT	182	0				
CMD-like	tr|A0A5B2VSH8|A0A5B2VSH8_9BACT	183	0				
CMD-like	tr|A0A5B2VSN1|A0A5B2VSN1_9BACT	144	0				
CMD-like	tr|A0A5B2VU46|A0A5B2VU46_9BACT	146	0				
CMD-like	tr|A0A5B2VX84|A0A5B2VX84_9BACT	176	0				
CMD-like	tr|A0A5B2W312|A0A5B2W312_9PSEU	132	0				
CMD-like	tr|A0A5B2W494|A0A5B2W494_9BACT	155	0				
CMD-like	tr|A0A5B2WP35|A0A5B2WP35_9PSEU	187	0				
CMD-like	tr|A0A5B2WSL4|A0A5B2WSL4_9PSEU	183	0				
CMD-like	tr|A0A5B2X2Z3|A0A5B2X2Z3_9PSEU	161	0				
CMD-like	tr|A0A5B7WWI6|A0A5B7WWI6_9MICC	161	0				
CMD-like	tr|A0A5B8FVK9|A0A5B8FVK9_9RHOB	152	0				
CMD-like	tr|A0A5B8G2I7|A0A5B8G2I7_9RHOB	180	0				
CMD-like	tr|A0A5B8JJ44|A0A5B8JJ44_9ACTN	157	0				
CMD-like	tr|A0A5B8KTL9|A0A5B8KTL9_9HYPH	138	0				
CMD-like	tr|A0A5B8M3B8|A0A5B8M3B8_9MICO	170	0				
CMD-like	tr|A0A5B8RUY8|A0A5B8RUY8_9BURK	156	0				
CMD-like	tr|A0A5B8U5F7|A0A5B8U5F7_9ACTN	209	0				
CMD-like	tr|A0A5B8U6P3|A0A5B8U6P3_9ACTN	160	0				
CMD-like	tr|A0A5B8UBZ2|A0A5B8UBZ2_9ACTN	132	0				
CMD-like	tr|A0A5B8UTW2|A0A5B8UTW2_9SPHI	144	0				
CMD-like	tr|A0A5B8UXG1|A0A5B8UXG1_9SPHI	177	0				
CMD-like	tr|A0A5B8UZA7|A0A5B8UZA7_9SPHI	143	0				
CMD-like	tr|A0A5B8VMY6|A0A5B8VMY6_9BACT	180	0				
CMD-like	tr|A0A5B8VT39|A0A5B8VT39_9SPHI	180	0				
CMD-like	tr|A0A5B8VUS8|A0A5B8VUS8_9SPHI	147	0				
CMD-like	tr|A0A5B8W401|A0A5B8W401_9SPHI	157	0				
CMD-like	tr|A0A5B9E993|A0A5B9E993_9BACT	154	0				
CMD-like	tr|A0A5B9PAU0|A0A5B9PAU0_MARFI	188	0				
CMD-like	tr|A0A5B9VZK7|A0A5B9VZK7_9BACT	197	0				
CMD-like	tr|A0A5B9W638|A0A5B9W638_9BACT	149	0				
CMD-like	tr|A0A5C0AWT0|A0A5C0AWT0_9BURK	188	0				
CMD-like	tr|A0A5C0AXR8|A0A5C0AXR8_9BURK	140	0				
CMD-like	tr|A0A5C0B5M9|A0A5C0B5M9_9BURK	186	0				
CMD-like	tr|A0A5C0WEN2|A0A5C0WEN2_BACIA	129	0				
CMD-like	tr|A0A5C1DJL2|A0A5C1DJL2_9NEIS	142	0				
CMD-like	tr|A0A5C1Q6V1|A0A5C1Q6V1_9BURK	141	0				
CMD-like	tr|A0A5C1QK18|A0A5C1QK18_9SPIO	188	0				
CMD-like	tr|A0A5C3EKW2|A0A5C3EKW2_9BASI	185	0				
CMD-like	tr|A0A5C3F6R3|A0A5C3F6R3_9BASI	140	0				
CMD-like	tr|A0A5C4J0P4|A0A5C4J0P4_9ACTN	157	0				
CMD-like	tr|A0A5C4JC06|A0A5C4JC06_9ACTN	198	0				
CMD-like	tr|A0A5C4LWC4|A0A5C4LWC4_9PSEU	168	0				
CMD-like	tr|A0A5C4MGI1|A0A5C4MGI1_9ACTN	193	0				
CMD-like	tr|A0A5C4MSX3|A0A5C4MSX3_9RHOB	122	0				
CMD-like	tr|A0A5C4QD76|A0A5C4QD76_9ACTN	184	0				
CMD-like	tr|A0A5C4U2N7|A0A5C4U2N7_9CORY	154	0				
CMD-like	tr|A0A5C4U579|A0A5C4U579_9CORY	144	0				
CMD-like	tr|A0A5C4UUM8|A0A5C4UUM8_9ACTN	153	0				
CMD-like	tr|A0A5C4VXK5|A0A5C4VXK5_9ACTN	202	0				
CMD-like	tr|A0A5C4W1U0|A0A5C4W1U0_9ACTN	193	0				
CMD-like	tr|A0A5C4WL44|A0A5C4WL44_9ACTN	150	0				
CMD-like	tr|A0A5C5GF76|A0A5C5GF76_9RHOB	121	0				
CMD-like	tr|A0A5C5TYC1|A0A5C5TYC1_9GAMM	143	0				
CMD-like	tr|A0A5C5VMP3|A0A5C5VMP3_9BACT	179	0				
CMD-like	tr|A0A5C5VYN5|A0A5C5VYN5_9PLAN	180	0				
CMD-like	tr|A0A5C5WEL3|A0A5C5WEL3_9BACT	199	0				
CMD-like	tr|A0A5C5X472|A0A5C5X472_9PLAN	179	0				
CMD-like	tr|A0A5C5ZEZ3|A0A5C5ZEZ3_9BACT	196	0				
CMD-like	tr|A0A5C6AAT1|A0A5C6AAT1_9BACT	206	0				
CMD-like	tr|A0A5C6S7X8|A0A5C6S7X8_9RHOB	140	0				
CMD-like	tr|A0A5C6V331|A0A5C6V331_9BURK	130	0				
CMD-like	tr|A0A5C7AY99|A0A5C7AY99_9FLAO	182	0				
CMD-like	tr|A0A5C7FYR6|A0A5C7FYR6_9BACT	180	0				
CMD-like	tr|A0A5C8NG33|A0A5C8NG33_9ACTN	152	0				
CMD-like	tr|A0A5C8NR18|A0A5C8NR18_9BURK	179	0				
CMD-like	tr|A0A5C8NSG0|A0A5C8NSG0_9BURK	148	0				
CMD-like	tr|A0A5C8P470|A0A5C8P470_9BURK	176	0				
CMD-like	tr|A0A5C8P6P0|A0A5C8P6P0_9HYPH	143	0				
CMD-like	tr|A0A5C8PJ32|A0A5C8PJ32_9HYPH	183	0				
CMD-like	tr|A0A5C8PLT7|A0A5C8PLT7_9HYPH	135	0				
CMD-like	tr|A0A5C8V1E5|A0A5C8V1E5_9FLAO	147	0				
CMD-like	tr|A0A5C8ZME0|A0A5C8ZME0_9GAMM	172	0				
CMD-like	tr|A0A5C9A988|A0A5C9A988_9GAMM	170	0				
CMD-like	tr|A0A5D0HJZ2|A0A5D0HJZ2_9FLAO	183	0				
CMD-like	tr|A0A5D0J9S8|A0A5D0J9S8_9FLAO	146	0				
CMD-like	tr|A0A5J4KXF7|A0A5J4KXF7_9CHLR	174	0				
CMD-like	tr|A0A5J5FW56|A0A5J5FW56_9GAMM	198	0				
CMD-like	tr|A0A5J5IEN3|A0A5J5IEN3_9BACT	153	0				
CMD-like	tr|A0A5J5K2H8|A0A5J5K2H8_9ACTN	130	0				
CMD-like	tr|A0A5J5KXV6|A0A5J5KXV6_9MICC	146	0				
CMD-like	tr|A0A5J5L064|A0A5J5L064_9MICC	145	0				
CMD-like	tr|A0A5J6L9E4|A0A5J6L9E4_9MICO	124	0				
CMD-like	tr|A0A5J6Z6F2|A0A5J6Z6F2_9CORY	184	0				
CMD-like	tr|A0A5J6Z847|A0A5J6Z847_9CORY	153	0				
CMD-like	tr|A0A5J6Z8C5|A0A5J6Z8C5_9CORY	159	0				
CMD-like	tr|A0A5K7YSX2|A0A5K7YSX2_9BACT	126	0				
CMD-like	tr|A0A5K7ZD63|A0A5K7ZD63_9BACT	125	0				
CMD-like	tr|A0A5K8AFA3|A0A5K8AFA3_9BACT	178	0				
CMD-like	tr|A0A5M3W3N0|A0A5M3W3N0_9ACTN	184	0				
CMD-like	tr|A0A5M3WCM2|A0A5M3WCM2_9ACTN	127	0				
CMD-like	tr|A0A5M3WHC0|A0A5M3WHC0_9ACTN	172	0				
CMD-like	tr|A0A5M3WNM2|A0A5M3WNM2_9ACTN	182	0				
CMD-like	tr|A0A5M3X077|A0A5M3X077_9ACTN	189	0				
CMD-like	tr|A0A5M3X9U2|A0A5M3X9U2_9ACTN	139	0				
CMD-like	tr|A0A5M3XC02|A0A5M3XC02_9ACTN	191	0				
CMD-like	tr|A0A5M3Y170|A0A5M3Y170_9ACTN	124	0				
CMD-like	tr|A0A5M3Z7G5|A0A5M3Z7G5_ASPTE	205	0				
CMD-like	tr|A0A5M3ZCY7|A0A5M3ZCY7_ASPTE	158	0				
CMD-like	tr|A0A5M4AUE7|A0A5M4AUE7_9BACT	150	0				
CMD-like	tr|A0A5M4B4I4|A0A5M4B4I4_9BACT	190	0				
CMD-like	tr|A0A5M4FJ21|A0A5M4FJ21_9ACTN	176	0				
CMD-like	tr|A0A5M6CEH1|A0A5M6CEH1_9BACT	153	0				
CMD-like	tr|A0A5M6CIB5|A0A5M6CIB5_9BACT	149	0				
CMD-like	tr|A0A5M6I5W6|A0A5M6I5W6_9HYPH	188	0				
CMD-like	tr|A0A5M6ICS1|A0A5M6ICS1_9PROT	158	0				
CMD-like	tr|A0A5M6IMJ5|A0A5M6IMJ5_9PROT	174	0				
CMD-like	tr|A0A5M9WXN3|A0A5M9WXN3_PAEAM	148	0				
CMD-like	tr|A0A5N0TG68|A0A5N0TG68_9GAMM	205	0				
CMD-like	tr|A0A5N0UY27|A0A5N0UY27_9PSEU	151	0				
CMD-like	tr|A0A5N0V0C9|A0A5N0V0C9_9PSEU	176	0				
CMD-like	tr|A0A5N5DEX2|A0A5N5DEX2_9PEZI	203	0				
CMD-like	tr|A0A5N5EQQ9|A0A5N5EQQ9_9ACTN	157	0				
CMD-like	tr|A0A5N5Q8Y4|A0A5N5Q8Y4_9AGAM	194	0				
CMD-like	tr|A0A5N5UTM6|A0A5N5UTM6_MYCPH	198	0				
CMD-like	tr|A0A5N5VEG0|A0A5N5VEG0_MYCPH	127	0				
CMD-like	tr|A0A5N5W4D0|A0A5N5W4D0_STRMB	145	0				
CMD-like	tr|A0A5N6A0I2|A0A5N6A0I2_9ACTN	151	0				
CMD-like	tr|A0A5N6B199|A0A5N6B199_9ACTN	153	0				
CMD-like	tr|A0A5N6WZY5|A0A5N6WZY5_9EURO	133	0				
CMD-like	tr|A0A5N6YXN7|A0A5N6YXN7_9EURO	185	0				
CMD-like	tr|A0A5N8V7H2|A0A5N8V7H2_9ACTN	157	0				
CMD-like	tr|A0A5N8VJV9|A0A5N8VJV9_9ACTN	156	0				
CMD-like	tr|A0A5N8XLE7|A0A5N8XLE7_9ACTN	195	0				
CMD-like	tr|A0A5P0YQ36|A0A5P0YQ36_9ACTN	156	0				
CMD-like	tr|A0A5P8E7N9|A0A5P8E7N9_9BACT	199	0				
CMD-like	tr|A0A5P9QEH6|A0A5P9QEH6_9MICO	150	0				
CMD-like	tr|A0A5P9XRV7|A0A5P9XRV7_ACITH	152	0				
CMD-like	tr|A0A5Q0QGH6|A0A5Q0QGH6_9SPHI	146	0				
CMD-like	tr|A0A5Q2FHI5|A0A5Q2FHI5_9ACTN	199	0				
CMD-like	tr|A0A5Q2RM94|A0A5Q2RM94_9ACTN	190	0				
CMD-like	tr|A0A5Q2RSS2|A0A5Q2RSS2_9ACTN	145	0				
CMD-like	tr|A0A5Q2RUN2|A0A5Q2RUN2_9ACTN	192	0				
CMD-like	tr|A0A5Q2TKW3|A0A5Q2TKW3_9BACI	132	0				
CMD-like	tr|A0A5Q2TKY4|A0A5Q2TKY4_9BACI	145	0				
CMD-like	tr|A0A5Q4ZSF6|A0A5Q4ZSF6_9BURK	134	0				
CMD-like	tr|A0A5R8QH98|A0A5R8QH98_9FIRM	123	0				
CMD-like	tr|A0A5R9DZV9|A0A5R9DZV9_9ACTN	157	0				
CMD-like	tr|A0A5R9FM63|A0A5R9FM63_9ACTN	185	0				
CMD-like	tr|A0A5R9FU69|A0A5R9FU69_9ACTN	158	0				
CMD-like	tr|A0A5R9FWF0|A0A5R9FWF0_9ACTN	203	0				
CMD-like	tr|A0A5R9KRD7|A0A5R9KRD7_9BACT	145	0				
CMD-like	tr|A0A5R9QQJ7|A0A5R9QQJ7_9PSED	138	0				
CMD-like	tr|A0A5S3PN72|A0A5S3PN72_9FLAO	195	0				
CMD-like	tr|A0A5S4V4F4|A0A5S4V4F4_9MICO	180	0				
CMD-like	tr|A0A5S4YWS8|A0A5S4YWS8_9BRAD	153	0				
CMD-like	tr|A0A5S9MYQ1|A0A5S9MYQ1_MYCVN	123	0				
CMD-like	tr|A0A5S9Q0Y7|A0A5S9Q0Y7_9GAMM	125	0				
CMD-like	tr|A0A5S9QM57|A0A5S9QM57_9GAMM	167	0				
CMD-like	tr|A0A5S9QZF3|A0A5S9QZF3_MYCVN	181	0				
CMD-like	tr|A0A5S9R2R3|A0A5S9R2R3_MYCVN	199	0				
CMD-like	tr|A0A5S9R9P0|A0A5S9R9P0_MYCVN	131	0				
CMD-like	tr|A0A640SZM9|A0A640SZM9_9ACTN	165	0				
CMD-like	tr|A0A640V5E3|A0A640V5E3_9ACTN	139	0				
CMD-like	tr|A0A640VMB6|A0A640VMB6_9RHOB	139	0				
CMD-like	tr|A0A643F5W6|A0A643F5W6_IDEDE	146	0				
CMD-like	tr|A0A643FCD0|A0A643FCD0_IDEDE	120	0				
CMD-like	tr|A0A654M0U0|A0A654M0U0_9ARCH	129	0				
CMD-like	tr|A0A670Y6N6|A0A670Y6N6_PSETE	157	0				
CMD-like	tr|A0A6A0AYW7|A0A6A0AYW7_9ACTN	189	0				
CMD-like	tr|A0A6A5BN40|A0A6A5BN40_NAEFO	186	0				
CMD-like	tr|A0A6A5XRX7|A0A6A5XRX7_9PLEO	196	0				
CMD-like	tr|A0A6A6GUG4|A0A6A6GUG4_VIRVR	202	0				
CMD-like	tr|A0A6A6H6S3|A0A6A6H6S3_VIRVR	203	0				
CMD-like	tr|A0A6A6I4U6|A0A6A6I4U6_9PLEO	195	0				
CMD-like	tr|A0A6A6IGU4|A0A6A6IGU4_9PLEO	202	0				
CMD-like	tr|A0A6A6TA14|A0A6A6TA14_9PLEO	158	0				
CMD-like	tr|A0A6A6VRR1|A0A6A6VRR1_9PEZI	204	0				
CMD-like	tr|A0A6A6XA88|A0A6A6XA88_9PLEO	197	0				
CMD-like	tr|A0A6A7MYN6|A0A6A7MYN6_9BURK	154	0				
CMD-like	tr|A0A6A7Z1B4|A0A6A7Z1B4_9PSED	150	0				
CMD-like	tr|A0A6A8AAM3|A0A6A8AAM3_9HYPH	159	0				
CMD-like	tr|A0A6B3SNH0|A0A6B3SNH0_9BURK	130	0				
CMD-like	tr|A0A6B8RTT8|A0A6B8RTT8_9BACL	121	0				
CMD-like	tr|A0A6B8VT98|A0A6B8VT98_9CORY	150	0				
CMD-like	tr|A0A6B8VYX9|A0A6B8VYX9_9CORY	181	0				
CMD-like	tr|A0A6B8WB43|A0A6B8WB43_9CORY	156	0				
CMD-like	tr|A0A6B9ZN88|A0A6B9ZN88_9BACT	182	0				
CMD-like	tr|A0A6B9ZQE7|A0A6B9ZQE7_9BACT	179	0				
CMD-like	tr|A0A6C0FVN1|A0A6C0FVN1_9BACL	148	0				
CMD-like	tr|A0A6C0GC76|A0A6C0GC76_9BACT	132	0				
CMD-like	tr|A0A6C0GMH8|A0A6C0GMH8_9BACT	146	0				
CMD-like	tr|A0A6C0GMU6|A0A6C0GMU6_9BACT	184	0				
CMD-like	tr|A0A6C0GX61|A0A6C0GX61_9BACT	188	0				
CMD-like	tr|A0A6C0U2D9|A0A6C0U2D9_9GAMM	180	0				
CMD-like	tr|A0A6C0U3F5|A0A6C0U3F5_9GAMM	167	0				
CMD-like	tr|A0A6C1B4U9|A0A6C1B4U9_9RHOO	162	0				
CMD-like	tr|A0A6C2CCK5|A0A6C2CCK5_9LACO	121	0				
CMD-like	tr|A0A6C2D2C9|A0A6C2D2C9_9RHOO	121	0				
CMD-like	tr|A0A6C2D6Q7|A0A6C2D6Q7_9RHOO	147	0				
CMD-like	tr|A0A6C7E9Y5|A0A6C7E9Y5_ILUCY	190	0				
CMD-like	tr|A0A6F8T153|A0A6F8T153_9GAMM	127	0				
CMD-like	tr|A0A6F8V9X3|A0A6F8V9X3_9PROT	145	0				
CMD-like	tr|A0A6F8XNJ9|A0A6F8XNJ9_9ACTN	155	0				
CMD-like	tr|A0A6F8XRH7|A0A6F8XRH7_9ACTN	185	0				
CMD-like	tr|A0A6F8YUA8|A0A6F8YUA8_9ACTN	206	0				
CMD-like	tr|A0A6F8Z0L9|A0A6F8Z0L9_9ACTN	198	0				
CMD-like	tr|A0A6G1G3S7|A0A6G1G3S7_9PEZI	179	0				
CMD-like	tr|A0A6G1HF60|A0A6G1HF60_9PEZI	194	0				
CMD-like	tr|A0A6G1KY36|A0A6G1KY36_9PEZI	137	0				
CMD-like	tr|A0A6G1LN97|A0A6G1LN97_9PEZI	181	0				
CMD-like	tr|A0A6G4TU44|A0A6G4TU44_9ACTN	183	0				
CMD-like	tr|A0A6G4U897|A0A6G4U897_9ACTN	153	0				
CMD-like	tr|A0A6G4V4V6|A0A6G4V4V6_9ACTN	160	0				
CMD-like	tr|A0A6G4V5L1|A0A6G4V5L1_9ACTN	195	0				
CMD-like	tr|A0A6G4V7W5|A0A6G4V7W5_9ACTN	204	0				
CMD-like	tr|A0A6G4WQF3|A0A6G4WQF3_9ACTN	182	0				
CMD-like	tr|A0A6G4WX96|A0A6G4WX96_9ACTN	158	0				
CMD-like	tr|A0A6G4WXR4|A0A6G4WXR4_9ACTN	130	0				
CMD-like	tr|A0A6G6WDT9|A0A6G6WDT9_9ACTN	121	0				
CMD-like	tr|A0A6G6Y7M7|A0A6G6Y7M7_9SPHN	189	0				
CMD-like	tr|A0A6G7J1W9|A0A6G7J1W9_9FLAO	146	0				
CMD-like	tr|A0A6G8Q2N1|A0A6G8Q2N1_9ACTN	121	0				
CMD-like	tr|A0A6G9AV63|A0A6G9AV63_9BACT	192	0				
CMD-like	tr|A0A6G9H190|A0A6G9H190_9ACTN	157	0				
CMD-like	tr|A0A6G9I9M8|A0A6G9I9M8_9GAMM	151	0				
CMD-like	tr|A0A6G9YA76|A0A6G9YA76_9NOCA	149	0				
CMD-like	tr|A0A6H0SL19|A0A6H0SL19_9MICC	146	0				
CMD-like	tr|A0A6H0Y2T6|A0A6H0Y2T6_9PEZI	164	0				
CMD-like	tr|A0A6H2H2G4|A0A6H2H2G4_9BACL	160	0				
CMD-like	tr|A0A6H9UUD2|A0A6H9UUD2_9ACTN	173	0				
CMD-like	tr|A0A6H9WQA4|A0A6H9WQA4_9MICO	166	0				
CMD-like	tr|A0A6H9YIT6|A0A6H9YIT6_9ACTN	138	0				
CMD-like	tr|A0A6H9YQ51|A0A6H9YQ51_9ACTN	145	0				
CMD-like	tr|A0A6H9YVB6|A0A6H9YVB6_9ACTN	181	0				
CMD-like	tr|A0A6H9YYP2|A0A6H9YYP2_9ACTN	153	0				
CMD-like	tr|A0A6H9Z6A6|A0A6H9Z6A6_9ACTN	200	0				
CMD-like	tr|A0A6I2KZ73|A0A6I2KZ73_9BURK	149	0				
CMD-like	tr|A0A6I3JAA4|A0A6I3JAA4_9ACTN	174	0				
CMD-like	tr|A0A6I3L4I3|A0A6I3L4I3_9NOCA	130	0				
CMD-like	tr|A0A6I3XEX7|A0A6I3XEX7_9BURK	182	0				
CMD-like	tr|A0A6I4IXZ5|A0A6I4IXZ5_9SPHN	126	0				
CMD-like	tr|A0A6I4J363|A0A6I4J363_9SPHN	151	0				
CMD-like	tr|A0A6I4M345|A0A6I4M345_9ACTN	161	0				
CMD-like	tr|A0A6I4MA90|A0A6I4MA90_9ACTN	190	0				
CMD-like	tr|A0A6I4MF19|A0A6I4MF19_9ACTN	126	0				
CMD-like	tr|A0A6I4SZ69|A0A6I4SZ69_9SPHN	138	0				
CMD-like	tr|A0A6I5L182|A0A6I5L182_9FLAO	146	0				
CMD-like	tr|A0A6I5ZU69|A0A6I5ZU69_9FIRM	124	0				
CMD-like	tr|A0A6I6AM51|A0A6I6AM51_9PLAN	186	0				
CMD-like	tr|A0A6I6JBW6|A0A6I6JBW6_9BACT	129	0				
CMD-like	tr|A0A6I6JV67|A0A6I6JV67_9BACT	193	0				
CMD-like	tr|A0A6I6L9K3|A0A6I6L9K3_9SPHN	138	0				
CMD-like	tr|A0A6I6NHU5|A0A6I6NHU5_9ACTN	133	0				
CMD-like	tr|A0A6I6SW75|A0A6I6SW75_9GAMM	140	0				
CMD-like	tr|A0A6I8MCM5|A0A6I8MCM5_9CORY	160	0				
CMD-like	tr|A0A6J3MCU7|A0A6J3MCU7_9PEZI	188	0				
CMD-like	tr|A0A6J4E4D8|A0A6J4E4D8_9PSED	182	0				
CMD-like	tr|A0A6J5CV60|A0A6J5CV60_9BURK	172	0				
CMD-like	tr|A0A6J5D2K4|A0A6J5D2K4_9BURK	145	0				
CMD-like	tr|A0A6J5DQY4|A0A6J5DQY4_9BURK	145	0				
CMD-like	tr|A0A6J5EMC8|A0A6J5EMC8_9BURK	172	0				
CMD-like	tr|A0A6J5EPG2|A0A6J5EPG2_9BURK	128	0				
CMD-like	tr|A0A6J5F713|A0A6J5F713_9BURK	133	0				
CMD-like	tr|A0A6J5FCP9|A0A6J5FCP9_9BURK	130	0				
CMD-like	tr|A0A6L3UZ61|A0A6L3UZ61_9BACI	148	0				
CMD-like	tr|A0A6L3VRH0|A0A6L3VRH0_9ACTN	188	0				
CMD-like	tr|A0A6L5G3Z3|A0A6L5G3Z3_9ACTN	153	0				
CMD-like	tr|A0A6L5G764|A0A6L5G764_9ACTN	159	0				
CMD-like	tr|A0A6L5QM98|A0A6L5QM98_9BURK	209	0				
CMD-like	tr|A0A6L5QP28|A0A6L5QP28_9BURK	154	0				
CMD-like	tr|A0A6L5Y5K3|A0A6L5Y5K3_9FIRM	125	0				
CMD-like	tr|A0A6L5Z0L2|A0A6L5Z0L2_9RHOB	188	0				
CMD-like	tr|A0A6L6IJB6|A0A6L6IJB6_9ENTR	209	0				
CMD-like	tr|A0A6L6PQI5|A0A6L6PQI5_9BURK	186	0				
CMD-like	tr|A0A6L6QGI9|A0A6L6QGI9_9BURK	147	0				
CMD-like	tr|A0A6L6X266|A0A6L6X266_9ACTN	197	0				
CMD-like	tr|A0A6L6XVZ2|A0A6L6XVZ2_9ACTN	158	0				
CMD-like	tr|A0A6L7HVD6|A0A6L7HVD6_9GAMM	150	0				
CMD-like	tr|A0A6L8V9U6|A0A6L8V9U6_9BACL	147	0				
CMD-like	tr|A0A6L9E9F0|A0A6L9E9F0_9FLAO	150	0				
CMD-like	tr|A0A6L9SBT1|A0A6L9SBT1_9ACTN	150	0				
CMD-like	tr|A0A6L9SIF2|A0A6L9SIF2_9ACTN	152	0				
CMD-like	tr|A0A6L9UAK2|A0A6L9UAK2_9HYPH	158	0				
CMD-like	tr|A0A6L9UCD3|A0A6L9UCD3_9HYPH	183	0				
CMD-like	tr|A0A6L9UEF4|A0A6L9UEF4_9HYPH	131	0				
CMD-like	tr|A0A6L9Y2A0|A0A6L9Y2A0_9MICO	168	0				
CMD-like	tr|A0A6M0QA39|A0A6M0QA39_9BACI	129	0				
CMD-like	tr|A0A6M1LFS1|A0A6M1LFS1_9PROT	191	0				
CMD-like	tr|A0A6M1SV17|A0A6M1SV17_9BACT	153	0				
CMD-like	tr|A0A6M2BMZ9|A0A6M2BMZ9_9GAMM	178	0				
CMD-like	tr|A0A6M2BRI3|A0A6M2BRI3_9GAMM	122	0				
CMD-like	tr|A0A6M2BT55|A0A6M2BT55_9GAMM	181	0				
CMD-like	tr|A0A6M2BWH5|A0A6M2BWH5_9GAMM	145	0				
CMD-like	tr|A0A6M4AA41|A0A6M4AA41_9BURK	154	0				
CMD-like	tr|A0A6M4GWR5|A0A6M4GWR5_9PROT	137	0				
CMD-like	tr|A0A6M4GZ40|A0A6M4GZ40_9PROT	177	0				
CMD-like	tr|A0A6M4IR59|A0A6M4IR59_9BACT	181	0				
CMD-like	tr|A0A6M4JIF7|A0A6M4JIF7_9MOLU	145	0				
CMD-like	tr|A0A6M4WI19|A0A6M4WI19_9ACTN	188	0				
CMD-like	tr|A0A6M4WK03|A0A6M4WK03_9ACTN	149	0				
CMD-like	tr|A0A6M4WL79|A0A6M4WL79_9ACTN	178	0				
CMD-like	tr|A0A6M7U6S2|A0A6M7U6S2_RHILI	125	0				
CMD-like	tr|A0A6M8HZX5|A0A6M8HZX5_9PROT	182	0				
CMD-like	tr|A0A6N1ARI8|A0A6N1ARI8_9PROT	134	0				
CMD-like	tr|A0A6N1X7R7|A0A6N1X7R7_9BURK	186	0				
CMD-like	tr|A0A6N4SS19|A0A6N4SS19_CYTH3	159	0				
CMD-like	tr|A0A6N4UU96|A0A6N4UU96_9MYCO	188	0				
CMD-like	tr|A0A6N4V2Z0|A0A6N4V2Z0_9MYCO	177	0				
CMD-like	tr|A0A6N4VFA3|A0A6N4VFA3_9MYCO	192	0				
CMD-like	tr|A0A6N4WJL0|A0A6N4WJL0_9MYCO	146	0				
CMD-like	tr|A0A6N6N0L4|A0A6N6N0L4_9BACT	120	0				
CMD-like	tr|A0A6N6VIW9|A0A6N6VIW9_9HYPH	183	0				
CMD-like	tr|A0A6N6VXN4|A0A6N6VXN4_9BACT	184	0				
CMD-like	tr|A0A6N7EIK0|A0A6N7EIK0_9ACTN	125	0				
CMD-like	tr|A0A6N7KUK1|A0A6N7KUK1_9ACTN	142	0				
CMD-like	tr|A0A6N7QBU7|A0A6N7QBU7_9XANT	139	0				
CMD-like	tr|A0A6N7YK39|A0A6N7YK39_9PSEU	192	0				
CMD-like	tr|A0A6N7Z3K3|A0A6N7Z3K3_9PSEU	180	0				
CMD-like	tr|A0A6N7ZB30|A0A6N7ZB30_9PSEU	122	0				
CMD-like	tr|A0A6N8FKZ7|A0A6N8FKZ7_9BACI	125	0				
CMD-like	tr|A0A6N8FLN2|A0A6N8FLN2_9BACI	147	0				
CMD-like	tr|A0A6N8HZ06|A0A6N8HZ06_9FIRM	135	0				
CMD-like	tr|A0A6N8IQD8|A0A6N8IQD8_9BURK	193	0				
CMD-like	tr|A0A6N8IVL3|A0A6N8IVL3_9BURK	140	0				
CMD-like	tr|A0A6N8IWH8|A0A6N8IWH8_9BURK	193	0				
CMD-like	tr|A0A6N8IX95|A0A6N8IX95_9BURK	173	0				
CMD-like	tr|A0A6N8J0Y1|A0A6N8J0Y1_9BURK	195	0				
CMD-like	tr|A0A6N8J248|A0A6N8J248_9BURK	136	0				
CMD-like	tr|A0A6N8J4A5|A0A6N8J4A5_9BACT	146	0				
CMD-like	tr|A0A6N9H6D9|A0A6N9H6D9_9MICO	135	0				
CMD-like	tr|A0A6N9Q5Y9|A0A6N9Q5Y9_9BACL	121	0				
CMD-like	tr|A0A6N9T5U1|A0A6N9T5U1_9HYPH	186	0				
CMD-like	tr|A0A6N9UG29|A0A6N9UG29_9ACTN	171	0				
CMD-like	tr|A0A6P0F5H1|A0A6P0F5H1_XANPE	129	0				
CMD-like	tr|A0A6P1BB00|A0A6P1BB00_9BRAD	126	0				
CMD-like	tr|A0A6P1BS94|A0A6P1BS94_9BRAD	133	0				
CMD-like	tr|A0A6P1CZ91|A0A6P1CZ91_9NOCA	139	0				
CMD-like	tr|A0A6P1DAQ8|A0A6P1DAQ8_9NOCA	156	0				
CMD-like	tr|A0A6P1E2E5|A0A6P1E2E5_9GAMM	139	0				
CMD-like	tr|A0A6P1T6N6|A0A6P1T6N6_9RHOB	134	0				
CMD-like	tr|A0A6P1VU76|A0A6P1VU76_9BACT	150	0				
CMD-like	tr|A0A6P1YPR3|A0A6P1YPR3_9HYPH	184	0				
CMD-like	tr|A0A6P1ZEQ9|A0A6P1ZEQ9_9BACT	146	0				
CMD-like	tr|A0A6P2BN87|A0A6P2BN87_9ACTN	138	0				
CMD-like	tr|A0A6P2BPJ5|A0A6P2BPJ5_9ACTN	132	0				
CMD-like	tr|A0A6P2BQY9|A0A6P2BQY9_9ACTN	180	0				
CMD-like	tr|A0A6P2BYB8|A0A6P2BYB8_9ACTN	120	0				
CMD-like	tr|A0A6P2C3R6|A0A6P2C3R6_9ACTN	137	0				
CMD-like	tr|A0A6P2C604|A0A6P2C604_9ACTN	169	0				
CMD-like	tr|A0A6S6XQJ3|A0A6S6XQJ3_9PROT	164	0				
CMD-like	tr|A0A6S6XVC7|A0A6S6XVC7_9PROT	200	0				
CMD-like	tr|A0A6S7BP93|A0A6S7BP93_9BURK	179	0				
CMD-like	tr|A0A6S7BWL6|A0A6S7BWL6_9BURK	176	0				
CMD-like	tr|A0A6S7BXM2|A0A6S7BXM2_9BURK	145	0				
CMD-like	tr|A0A6S7CHI2|A0A6S7CHI2_9BURK	153	0				
CMD-like	tr|A0A6S7CQ88|A0A6S7CQ88_9BURK	170	0				
CMD-like	tr|A0A6S7FBF6|A0A6S7FBF6_9BURK	148	0				
CMD-like	tr|A0A6V8H233|A0A6V8H233_TALPI	150	0				
CMD-like	tr|A0A6V8LVH4|A0A6V8LVH4_9BACT	123	0				
CMD-like	tr|A0A6V8SED8|A0A6V8SED8_9CLOT	127	0				
CMD-like	tr|A0A7C8MTR2|A0A7C8MTR2_9PEZI	198	0				
CMD-like	tr|A0A7C9KIT7|A0A7C9KIT7_9SPHN	193	0				
CMD-like	tr|A0A7C9PPD4|A0A7C9PPD4_9MICO	191	0				
CMD-like	tr|A0A7C9RL68|A0A7C9RL68_9BRAD	182	0				
CMD-like	tr|A0A7C9RVR2|A0A7C9RVR2_9PSEU	160	0				
CMD-like	tr|A0A7C9TRL2|A0A7C9TRL2_9MICO	138	0				
CMD-like	tr|A0A7D3W2E7|A0A7D3W2E7_ACTVE	188	0				
CMD-like	tr|A0A7D3XCF6|A0A7D3XCF6_9SPHN	180	0				
CMD-like	tr|A0A7D3XHF2|A0A7D3XHF2_9SPHN	181	0				
CMD-like	tr|A0A7D3ZY17|A0A7D3ZY17_ACTVE	133	0				
CMD-like	tr|A0A7D4AXI0|A0A7D4AXI0_ACTVE	149	0				
CMD-like	tr|A0A7D4BNZ7|A0A7D4BNZ7_9BACL	128	0				
CMD-like	tr|A0A7D5GEB7|A0A7D5GEB7_9EURY	134	0				
CMD-like	tr|A0A7D5QBT9|A0A7D5QBT9_9EURY	181	0				
CMD-like	tr|A0A7D5VB81|A0A7D5VB81_9NEIS	182	0				
CMD-like	tr|A0A7D6E3V8|A0A7D6E3V8_9MYCO	130	0				
CMD-like	tr|A0A7D6I7X2|A0A7D6I7X2_9MYCO	128	0				
CMD-like	tr|A0A7D6ICN3|A0A7D6ICN3_9MYCO	175	0				
CMD-like	tr|A0A7G1ICD0|A0A7G1ICD0_MYCKA	204	0				
CMD-like	tr|A0A7G1IIL7|A0A7G1IIL7_MYCKA	148	0				
CMD-like	tr|A0A975IX62|A0A975IX62_9CAUL	137	0				
CMD-like	tr|A0A975J0U9|A0A975J0U9_9BACT	149	0				
CMD-like	tr|A0A975K8W4|A0A975K8W4_9SPHN	181	0				
CMD-like	tr|A0A975KBG8|A0A975KBG8_9SPHN	125	0				
CMD-like	tr|A0A975KCB4|A0A975KCB4_9SPHN	148	0				
CMD-like	tr|A0A975P9S4|A0A975P9S4_9RHOB	193	0				
CMD-like	tr|A0A975PC41|A0A975PC41_9RHOB	195	0				
CMD-like	tr|A0A975PYD7|A0A975PYD7_9MYCO	151	0				
CMD-like	tr|A0A975XKY5|A0A975XKY5_9MICC	210	0				
CMD-like	tr|A0A975YFX5|A0A975YFX5_9RHOB	136	0				
CMD-like	tr|A0A975YHY6|A0A975YHY6_9RHOB	193	0				
CMD-like	tr|A0A975YJM1|A0A975YJM1_9PROT	120	0				
CMD-like	tr|A0A9C7URJ0|A0A9C7URJ0_9RHOD	184	0				
CMD-like	tr|A0A9E2S6J7|A0A9E2S6J7_9BACT	144	0				
CMD-like	tr|A0A9E2SA48|A0A9E2SA48_9BACT	157	0				
CMD-like	tr|A0A9E4ZWZ8|A0A9E4ZWZ8_9EURY	120	0				
CMD-like	tr|A0A9E5A635|A0A9E5A635_9EURY	127	0				
CMD-like	tr|A0A9E5DC91|A0A9E5DC91_9EURY	128	0				
CMD-like	tr|A0A9E5JVE1|A0A9E5JVE1_9GAMM	165	0				
CMD-like	tr|A0A9E5JW67|A0A9E5JW67_9GAMM	203	0				
CMD-like	tr|A0A9E5MM11|A0A9E5MM11_9GAMM	208	0				
CMD-like	tr|A0A9E5MQ97|A0A9E5MQ97_9GAMM	178	0				
CMD-like	tr|A0A9E6P0Q4|A0A9E6P0Q4_9PSED	157	0				
CMD-like	tr|A0A9E6XUU7|A0A9E6XUU7_9ACTN	122	0				
CMD-like	tr|A0A9E6XZB6|A0A9E6XZB6_9ACTN	177	0				
CMD-like	tr|A0A9E7C5Z8|A0A9E7C5Z8_9ACTN	196	0				
CMD-like	tr|A0A9E7R1E7|A0A9E7R1E7_9EURY	181	0				
CMD-like	tr|A0A9E7R605|A0A9E7R605_9EURY	185	0				
CMD-like	tr|A0A9E7U876|A0A9E7U876_9EURY	198	0				
CMD-like	tr|A0A9E8RWY5|A0A9E8RWY5_9BACI	122	0				
CMD-like	tr|A0A9J6P5V1|A0A9J6P5V1_9CLOT	125	0				
CMD-like	tr|A0A9J6PCI5|A0A9J6PCI5_9PROT	126	0				
CMD-like	tr|A0A9J7AKX4|A0A9J7AKX4_9PROT	126	0				
CMD-like	tr|A0A9J7AMA0|A0A9J7AMA0_9PROT	143	0				
CMD-like	tr|A0A9J7ARI4|A0A9J7ARI4_9PROT	182	0				
CMD-like	tr|A0A9J7AT68|A0A9J7AT68_9PROT	181	0				
CMD-like	tr|A0A9J7AT98|A0A9J7AT98_9PROT	195	0				
CMD-like	tr|A0A9J7AWD9|A0A9J7AWD9_9PROT	182	0				
CMD-like	tr|A0A9J7AWN2|A0A9J7AWN2_9PROT	195	0				
CMD-like	tr|A0A9J7BLL6|A0A9J7BLL6_9BACT	198	0				
CMD-like	tr|A0A9J7BQL8|A0A9J7BQL8_9BACT	160	0				
CMD-like	tr|A0A9J7BSK0|A0A9J7BSK0_9BACT	129	0				
CMD-like	tr|A0A9J7BTZ7|A0A9J7BTZ7_9BACT	187	0				
CMD-like	tr|A0A9N8CPC4|A0A9N8CPC4_9ENTR	209	0				
CMD-like	tr|A0A9N8IZ33|A0A9N8IZ33_9FLAO	179	0				
CMD-like	tr|A0A9N9Y2J2|A0A9N9Y2J2_9HYPO	149	0				
CMD-like	tr|A0A9N9Y358|A0A9N9Y358_9HYPO	185	0				
CMD-like	tr|A0A9P1H4K3|A0A9P1H4K3_9PEZI	144	0				
CMD-like	tr|A0A9P1H5P4|A0A9P1H5P4_9PEZI	138	0				
CMD-like	tr|A0A9P1JVT0|A0A9P1JVT0_9PROT	139	0				
CMD-like	tr|A0A9P3FXU8|A0A9P3FXU8_9APHY	191	0				
CMD-like	tr|A0A9P3Q2P1|A0A9P3Q2P1_9MYCO	183	0				
CMD-like	tr|A0A9P3UXL9|A0A9P3UXL9_9MYCO	169	0				
CMD-like	tr|A0A9P4I5I1|A0A9P4I5I1_9PEZI	197	0				
CMD-like	tr|A0A9P4I9S4|A0A9P4I9S4_9PEZI	210	0				
CMD-like	tr|A0A9P4IRH9|A0A9P4IRH9_9PEZI	190	0				
CMD-like	tr|A0A9P4NFA8|A0A9P4NFA8_9PEZI	197	0				
CMD-like	tr|A0A9P4QG15|A0A9P4QG15_9PEZI	200	0				
CMD-like	tr|A0A9P4QPL8|A0A9P4QPL8_9PLEO	196	0				
CMD-like	tr|A0A9P4QV40|A0A9P4QV40_9PLEO	195	0				
CMD-like	tr|A0A9P4U9W7|A0A9P4U9W7_9PLEO	207	0				
CMD-like	tr|A0A9P4UUF3|A0A9P4UUF3_9PEZI	192	0				
CMD-like	tr|A0A9P4X5B4|A0A9P4X5B4_9HYPO	186	0				
CMD-like	tr|A0A7J0CDG8|A0A7J0CDG8_9ACTN	187	0				
CMD-like	tr|A0A7J5A8M1|A0A7J5A8M1_9FLAO	153	0				
CMD-like	tr|A0A7J5AJN2|A0A7J5AJN2_9FLAO	147	0				
CMD-like	tr|A0A7J9V3I4|A0A7J9V3I4_9ACTN	180	0				
CMD-like	tr|A0A7K0BST9|A0A7K0BST9_9ACTN	186	0				
CMD-like	tr|A0A7K0BWR7|A0A7K0BWR7_9ACTN	153	0				
CMD-like	tr|A0A7K0BZ62|A0A7K0BZ62_9ACTN	146	0				
CMD-like	tr|A0A7K0CI31|A0A7K0CI31_9ACTN	157	0				
CMD-like	tr|A0A7K0CSI1|A0A7K0CSI1_9ACTN	150	0				
CMD-like	tr|A0A7K0D0E9|A0A7K0D0E9_9NOCA	174	0				
CMD-like	tr|A0A7K0D157|A0A7K0D157_9NOCA	131	0				
CMD-like	tr|A0A7K0D6U1|A0A7K0D6U1_9NOCA	145	0				
CMD-like	tr|A0A7K0DJN4|A0A7K0DJN4_9NOCA	176	0				
CMD-like	tr|A0A7K0DR75|A0A7K0DR75_9NOCA	142	0				
CMD-like	tr|A0A7K0DUL3|A0A7K0DUL3_9NOCA	146	0				
CMD-like	tr|A0A7K0DXH1|A0A7K0DXH1_9NOCA	156	0				
CMD-like	tr|A0A7K0E029|A0A7K0E029_9NOCA	174	0				
CMD-like	tr|A0A7K0E1U3|A0A7K0E1U3_9NOCA	193	0				
CMD-like	tr|A0A7K0FWF1|A0A7K0FWF1_9SPHI	144	0				
CMD-like	tr|A0A7K0FZH2|A0A7K0FZH2_9SPHI	149	0				
CMD-like	tr|A0A7K0K3Q0|A0A7K0K3Q0_9ACTO	152	0				
CMD-like	tr|A0A7K1FNN7|A0A7K1FNN7_9ACTN	183	0				
CMD-like	tr|A0A7K1FPR9|A0A7K1FPR9_9ACTN	202	0				
CMD-like	tr|A0A7K1GJY9|A0A7K1GJY9_9FLAO	145	0				
CMD-like	tr|A0A7K1KUE7|A0A7K1KUE7_9ACTN	152	0				
CMD-like	tr|A0A7K1KZ24|A0A7K1KZ24_9ACTN	156	0				
CMD-like	tr|A0A7K1S714|A0A7K1S714_9BACT	179	0				
CMD-like	tr|A0A7K1U898|A0A7K1U898_9BACT	152	0				
CMD-like	tr|A0A7K1V6U5|A0A7K1V6U5_9NOCA	154	0				
CMD-like	tr|A0A7K1V7W6|A0A7K1V7W6_9NOCA	180	0				
CMD-like	tr|A0A7K1VAX0|A0A7K1VAX0_9NOCA	135	0				
CMD-like	tr|A0A7K1YCX7|A0A7K1YCX7_9SPHI	146	0				
CMD-like	tr|A0A7K3LMW8|A0A7K3LMW8_9ACTN	134	0				
CMD-like	tr|A0A7K3LMZ6|A0A7K3LMZ6_9ACTN	166	0				
CMD-like	tr|A0A7K3LPV7|A0A7K3LPV7_9ACTN	125	0				
CMD-like	tr|A0A7K3LQ34|A0A7K3LQ34_9ACTN	205	0				
CMD-like	tr|A0A7K3M0G9|A0A7K3M0G9_9ACTN	185	0				
CMD-like	tr|A0A7K3M787|A0A7K3M787_9ACTN	145	0				
CMD-like	tr|A0A7K3MB14|A0A7K3MB14_9ACTN	148	0				
CMD-like	tr|A0A7K3MCB3|A0A7K3MCB3_9ACTN	182	0				
CMD-like	tr|A0A7K3NI51|A0A7K3NI51_9BACT	197	0				
CMD-like	tr|A0A7L4YNE4|A0A7L4YNE4_9ACTN	125	0				
CMD-like	tr|A0A7L4YNW8|A0A7L4YNW8_9ACTN	186	0				
CMD-like	tr|A0A7L4YQ53|A0A7L4YQ53_9ACTN	182	0				
CMD-like	tr|A0A7L5AEU2|A0A7L5AEU2_9MICO	173	0				
CMD-like	tr|A0A7L6B711|A0A7L6B711_9ACTN	147	0				
CMD-like	tr|A0A7L7KRP0|A0A7L7KRP0_9MOLU	202	0				
CMD-like	tr|A0A7M1BAU2|A0A7M1BAU2_9BACT	178	0				
CMD-like	tr|A0A7M1UQH8|A0A7M1UQH8_9CREN	121	0				
CMD-like	tr|A0A7M2SPW9|A0A7M2SPW9_9ACTN	158	0				
CMD-like	tr|A0A7M2WV72|A0A7M2WV72_9BACT	122	0				
CMD-like	tr|A0A7M2WZ25|A0A7M2WZ25_9BACT	184	0				
CMD-like	tr|A0A7M2YU90|A0A7M2YU90_9ACTN	129	0				
CMD-like	tr|A0A7R7EIC8|A0A7R7EIC8_9FIRM	127	0				
CMD-like	tr|A0A7R7I015|A0A7R7I015_9ACTN	147	0				
CMD-like	tr|A0A7R7XZI8|A0A7R7XZI8_9EURO	204	0				
CMD-like	tr|A0A7R8AK37|A0A7R8AK37_9EURO	137	0				
CMD-like	tr|A0A7R9L9A1|A0A7R9L9A1_9ACAR	176	0				
CMD-like	tr|A0A7S3FR17|A0A7S3FR17_9CHLO	193	0				
CMD-like	tr|A0A7S3ZKU2|A0A7S3ZKU2_9STRA	208	0				
CMD-like	tr|A0A7S7NNY6|A0A7S7NNY6_PALFE	185	0				
CMD-like	tr|A0A7S7NPJ9|A0A7S7NPJ9_PALFE	203	0				
CMD-like	tr|A0A7S7SIB7|A0A7S7SIB7_PALFE	178	0				
CMD-like	tr|A0A7S7SQ00|A0A7S7SQ00_PALFE	160	0				
CMD-like	tr|A0A7S8HAG4|A0A7S8HAG4_9HYPH	158	0				
CMD-like	tr|A0A7T0PGI8|A0A7T0PGI8_9CORY	133	0				
CMD-like	tr|A0A7T3DC77|A0A7T3DC77_9BURK	167	0				
CMD-like	tr|A0A7T3DEA8|A0A7T3DEA8_9BURK	172	0				
CMD-like	tr|A0A7T5EJQ3|A0A7T5EJQ3_9BACL	151	0				
CMD-like	tr|A0A7U6GH35|A0A7U6GH35_9GAMM	184	0				
CMD-like	tr|A0A7U6GJ51|A0A7U6GJ51_9GAMM	182	0				
CMD-like	tr|A0A7U6GKB1|A0A7U6GKB1_9GAMM	189	0				
CMD-like	tr|A0A7U7J5K7|A0A7U7J5K7_9GAMM	201	0				
CMD-like	tr|A0A7V8LN94|A0A7V8LN94_9MYCO	192	0				
CMD-like	tr|A0A7V8RYC0|A0A7V8RYC0_9MYCO	158	0				
CMD-like	tr|A0A7V8U6Z8|A0A7V8U6Z8_9SPHN	194	0				
CMD-like	tr|A0A7W0HP06|A0A7W0HP06_9ACTN	185	0				
CMD-like	tr|A0A7W1XSJ6|A0A7W1XSJ6_9BACL	128	0				
CMD-like	tr|A0A7W2D2F3|A0A7W2D2F3_9ACTN	207	0				
CMD-like	tr|A0A7W2EQ42|A0A7W2EQ42_9BURK	154	0				
CMD-like	tr|A0A7W2FA85|A0A7W2FA85_9BURK	180	0				
CMD-like	tr|A0A7W2ICW6|A0A7W2ICW6_9BURK	140	0				
CMD-like	tr|A0A7W3JCY7|A0A7W3JCY7_9MICO	141	0				
CMD-like	tr|A0A7W3NFL3|A0A7W3NFL3_PRIAR	178	0				
CMD-like	tr|A0A7W3T7Q6|A0A7W3T7Q6_9ACTN	187	0				
CMD-like	tr|A0A7W3Y0N3|A0A7W3Y0N3_9ACTN	147	0				
CMD-like	tr|A0A7W3Y536|A0A7W3Y536_9GAMM	121	0				
CMD-like	tr|A0A7W3Y6V4|A0A7W3Y6V4_9GAMM	146	0				
CMD-like	tr|A0A7W4JRE5|A0A7W4JRE5_9PROT	151	0				
CMD-like	tr|A0A7W4PEH5|A0A7W4PEH5_9PROT	133	0				
CMD-like	tr|A0A7W4W2J1|A0A7W4W2J1_9GAMM	136	0				
CMD-like	tr|A0A7W5F911|A0A7W5F911_9ACTN	140	0				
CMD-like	tr|A0A7W5HLN0|A0A7W5HLN0_9GAMM	130	0				
CMD-like	tr|A0A7W5P7E4|A0A7W5P7E4_9ACTN	123	0				
CMD-like	tr|A0A7W6BQW6|A0A7W6BQW6_9SPHN	189	0				
CMD-like	tr|A0A7W6BXT5|A0A7W6BXT5_9SPHN	190	0				
CMD-like	tr|A0A7W6C8R8|A0A7W6C8R8_9SPHN	140	0				
CMD-like	tr|A0A7W6DGE7|A0A7W6DGE7_9SPHN	125	0				
CMD-like	tr|A0A7W6DMZ4|A0A7W6DMZ4_9SPHN	126	0				
CMD-like	tr|A0A7W6DQB9|A0A7W6DQB9_9RHOB	131	0				
CMD-like	tr|A0A7W6GG75|A0A7W6GG75_9HYPH	158	0				
CMD-like	tr|A0A7W6MRK6|A0A7W6MRK6_9HYPH	159	0				
CMD-like	tr|A0A7W6N8U6|A0A7W6N8U6_9HYPH	135	0				
CMD-like	tr|A0A7W7B414|A0A7W7B414_9SPHN	122	0				
CMD-like	tr|A0A7W7QKW5|A0A7W7QKW5_9ACTN	131	0				
CMD-like	tr|A0A7W7RAV0|A0A7W7RAV0_KITKI	208	0				
CMD-like	tr|A0A7W7WJG3|A0A7W7WJG3_9ACTN	127	0				
CMD-like	tr|A0A7W8M8S8|A0A7W8M8S8_9BURK	129	0				
CMD-like	tr|A0A7W8MA38|A0A7W8MA38_9BURK	130	0				
CMD-like	tr|A0A7W8XJY2|A0A7W8XJY2_9HYPH	189	0				
CMD-like	tr|A0A7W9GNQ4|A0A7W9GNQ4_9ACTN	207	0				
CMD-like	tr|A0A7X0D4B5|A0A7X0D4B5_9ACTN	159	0				
CMD-like	tr|A0A7X0EXX2|A0A7X0EXX2_9ACTN	163	0				
CMD-like	tr|A0A7X0M7X2|A0A7X0M7X2_9ACTN	125	0				
CMD-like	tr|A0A7X0V8Z5|A0A7X0V8Z5_9ACTN	147	0				
CMD-like	tr|A0A7X1B357|A0A7X1B357_9BACT	183	0				
CMD-like	tr|A0A7X1E464|A0A7X1E464_9BACT	128	0				
CMD-like	tr|A0A7X1HW20|A0A7X1HW20_9ACTN	142	0				
CMD-like	tr|A0A7X1J4J5|A0A7X1J4J5_9ACTN	208	0				
CMD-like	tr|A0A7X1J708|A0A7X1J708_9ACTN	148	0				
CMD-like	tr|A0A7X1KNN1|A0A7X1KNN1_9SPHN	132	0				
CMD-like	tr|A0A7X1NIJ9|A0A7X1NIJ9_9BURK	182	0				
CMD-like	tr|A0A7X1NJ77|A0A7X1NJ77_9BURK	194	0				
CMD-like	tr|A0A7X1ZCX8|A0A7X1ZCX8_9PROT	134	0				
CMD-like	tr|A0A7X2KZN7|A0A7X2KZN7_9BACL	127	0				
CMD-like	tr|A0A7X2LT18|A0A7X2LT18_9BURK	145	0				
CMD-like	tr|A0A7X2Z837|A0A7X2Z837_9BACL	132	0				
CMD-like	tr|A0A7X3FG39|A0A7X3FG39_9BACL	147	0				
CMD-like	tr|A0A7X3G0M6|A0A7X3G0M6_9BURK	178	0				
CMD-like	tr|A0A7X3LIV4|A0A7X3LIV4_9BACL	148	0				
CMD-like	tr|A0A7X3LT90|A0A7X3LT90_9HYPH	150	0				
CMD-like	tr|A0A7X3MWK7|A0A7X3MWK7_9HYPH	153	0				
CMD-like	tr|A0A7X4GNL6|A0A7X4GNL6_9BURK	180	0				
CMD-like	tr|A0A7X4KDK7|A0A7X4KDK7_9BURK	149	0				
CMD-like	tr|A0A7X5KP35|A0A7X5KP35_9FIRM	184	0				
CMD-like	tr|A0A7X5QWS2|A0A7X5QWS2_9GAMM	188	0				
CMD-like	tr|A0A7X5QXP5|A0A7X5QXP5_9GAMM	178	0				
CMD-like	tr|A0A7X5UD85|A0A7X5UD85_9GAMM	130	0				
CMD-like	tr|A0A7X5VHY0|A0A7X5VHY0_9ACTN	184	0				
CMD-like	tr|A0A7X6DN39|A0A7X6DN39_9BACT	126	0				
CMD-like	tr|A0A7X6GZY6|A0A7X6GZY6_9RHOB	138	0				
CMD-like	tr|A0A7X6K5Z6|A0A7X6K5Z6_9MICC	152	0				
CMD-like	tr|A0A7X6KZS7|A0A7X6KZS7_9NOCA	179	0				
CMD-like	tr|A0A7X6L4Q8|A0A7X6L4Q8_9NOCA	200	0				
CMD-like	tr|A0A7X6LUX5|A0A7X6LUX5_9NOCA	160	0				
CMD-like	tr|A0A7X8THY2|A0A7X8THY2_9MICC	150	0				
CMD-like	tr|A0A7Y0ABM7|A0A7Y0ABM7_9BACT	189	0				
CMD-like	tr|A0A7Y0BLW6|A0A7Y0BLW6_9SPHN	175	0				
CMD-like	tr|A0A7Y2JW40|A0A7Y2JW40_9BURK	178	0				
CMD-like	tr|A0A7Y2LZX7|A0A7Y2LZX7_9MICO	196	0				
CMD-like	tr|A0A7Y2NXE5|A0A7Y2NXE5_9BURK	178	0				
CMD-like	tr|A0A7Y3RLF1|A0A7Y3RLF1_9PROT	189	0				
CMD-like	tr|A0A7Y5EGH7|A0A7Y5EGH7_9GAMM	159	0				
CMD-like	tr|A0A7Y6M6N6|A0A7Y6M6N6_9ACTN	151	0				
CMD-like	tr|A0A7Y6NNA8|A0A7Y6NNA8_9BURK	191	0				
CMD-like	tr|A0A7Y7B7Z6|A0A7Y7B7Z6_STRMO	162	0				
CMD-like	tr|A0A7Y7E6B5|A0A7Y7E6B5_STRMO	149	0				
CMD-like	tr|A0A7Y7IEM2|A0A7Y7IEM2_9MICC	149	0				
CMD-like	tr|A0A7Y8G5W6|A0A7Y8G5W6_9PSED	181	0				
CMD-like	tr|A0A7Y8KKA4|A0A7Y8KKA4_9PSED	177	0				
CMD-like	tr|A0A7Y9DN51|A0A7Y9DN51_9ACTN	125	0				
CMD-like	tr|A0A7Y9DZ70|A0A7Y9DZ70_9PSEU	182	0				
CMD-like	tr|A0A7Y9E6G5|A0A7Y9E6G5_9ACTN	184	0				
CMD-like	tr|A0A7Y9GKL8|A0A7Y9GKL8_9MICO	131	0				
CMD-like	tr|A0A7Y9IST5|A0A7Y9IST5_9BURK	125	0				
CMD-like	tr|A0A7Y9ITG0|A0A7Y9ITG0_9BURK	198	0				
CMD-like	tr|A0A7Y9IZW7|A0A7Y9IZW7_9BURK	152	0				
CMD-like	tr|A0A7Y9JNT5|A0A7Y9JNT5_9MICO	134	0				
CMD-like	tr|A0A7Y9ZFY7|A0A7Y9ZFY7_9ACTN	156	0				
CMD-like	tr|A0A7Z0HWS4|A0A7Z0HWS4_9RHOB	133	0				
CMD-like	tr|A0A7Z0KY25|A0A7Z0KY25_9RHOB	183	0				
CMD-like	tr|A0A7Z2GKE2|A0A7Z2GKE2_9BURK	131	0				
CMD-like	tr|A0A7Z2GRC1|A0A7Z2GRC1_9BURK	203	0				
CMD-like	tr|A0A805Z9U2|A0A805Z9U2_LACGA	181	0				
CMD-like	tr|A0A810L630|A0A810L630_9ACTN	138	0				
CMD-like	tr|A0A812QEW8|A0A812QEW8_9DINO	189	0				
CMD-like	tr|A0A814K6Y8|A0A814K6Y8_9BILA	178	0				
CMD-like	tr|A0A814XLW2|A0A814XLW2_9BILA	204	0				
CMD-like	tr|A0A829HKX5|A0A829HKX5_9GAMM	138	0				
CMD-like	tr|A0A830FN43|A0A830FN43_9EURY	193	0				
CMD-like	tr|A0A838A5X4|A0A838A5X4_9PSEU	182	0				
CMD-like	tr|A0A838ACN5|A0A838ACN5_9PSEU	153	0				
CMD-like	tr|A0A838B0V9|A0A838B0V9_9HYPH	158	0				
CMD-like	tr|A0A838L8G1|A0A838L8G1_9SPHN	186	0				
CMD-like	tr|A0A838L976|A0A838L976_9SPHN	182	0				
CMD-like	tr|A0A838XQT7|A0A838XQT7_9HYPH	180	0				
CMD-like	tr|A0A838ZM91|A0A838ZM91_9FLAO	122	0				
CMD-like	tr|A0A839AFF2|A0A839AFF2_9HYPH	181	0				
CMD-like	tr|A0A839E395|A0A839E395_9PSEU	133	0				
CMD-like	tr|A0A839EXA9|A0A839EXA9_9HYPH	134	0				
CMD-like	tr|A0A839HD09|A0A839HD09_9GAMM	184	0				
CMD-like	tr|A0A839IYF6|A0A839IYF6_9GAMM	157	0				
CMD-like	tr|A0A839N7Q0|A0A839N7Q0_9MICO	189	0				
CMD-like	tr|A0A839Q769|A0A839Q769_MYCIR	156	0				
CMD-like	tr|A0A839S1D9|A0A839S1D9_9PSEU	148	0				
CMD-like	tr|A0A839ULT9|A0A839ULT9_9HYPH	129	0				
CMD-like	tr|A0A839V6X8|A0A839V6X8_9PROT	156	0				
CMD-like	tr|A0A839XSI8|A0A839XSI8_9PSEU	143	0				
CMD-like	tr|A0A840ADT8|A0A840ADT8_9PROT	131	0				
CMD-like	tr|A0A840AGC9|A0A840AGC9_9PROT	183	0				
CMD-like	tr|A0A840AUR9|A0A840AUR9_9HYPH	210	0				
CMD-like	tr|A0A840BZ96|A0A840BZ96_9HYPH	144	0				
CMD-like	tr|A0A840CHQ2|A0A840CHQ2_9RHOB	126	0				
CMD-like	tr|A0A840ID45|A0A840ID45_9ACTN	136	0				
CMD-like	tr|A0A840J5Y9|A0A840J5Y9_9PSEU	134	0				
CMD-like	tr|A0A840P1M1|A0A840P1M1_9ACTN	127	0				
CMD-like	tr|A0A840P271|A0A840P271_9ACTN	185	0				
CMD-like	tr|A0A840PIA4|A0A840PIA4_9ACTN	159	0				
CMD-like	tr|A0A840PWR5|A0A840PWR5_URETH	134	0				
CMD-like	tr|A0A840R7Y9|A0A840R7Y9_9NEIS	190	0				
CMD-like	tr|A0A840RLD3|A0A840RLD3_9NEIS	138	0				
CMD-like	tr|A0A840YM00|A0A840YM00_9PROT	120	0				
CMD-like	tr|A0A841BKK6|A0A841BKK6_9ACTN	130	0				
CMD-like	tr|A0A841CIL7|A0A841CIL7_9PSEU	156	0				
CMD-like	tr|A0A841FMM5|A0A841FMM5_9ACTN	152	0				
CMD-like	tr|A0A841FMY4|A0A841FMY4_9ACTN	130	0				
CMD-like	tr|A0A841GNX6|A0A841GNX6_9GAMM	187	0				
CMD-like	tr|A0A841H5H5|A0A841H5H5_9BACT	199	0				
CMD-like	tr|A0A841HV07|A0A841HV07_9DEIO	120	0				
CMD-like	tr|A0A841JXF1|A0A841JXF1_9BACT	200	0				
CMD-like	tr|A0A841T3L7|A0A841T3L7_9BACL	137	0				
CMD-like	tr|A0A841T511|A0A841T511_9BACL	147	0				
CMD-like	tr|A0A841U4Y5|A0A841U4Y5_9BACL	148	0				
CMD-like	tr|A0A842HX64|A0A842HX64_9SPHN	186	0				
CMD-like	tr|A0A843B7Y1|A0A843B7Y1_9BURK	150	0				
CMD-like	tr|A0A843YDB1|A0A843YDB1_9RHOB	183	0				
CMD-like	tr|A0A844B5N6|A0A844B5N6_9BURK	174	0				
CMD-like	tr|A0A844CX58|A0A844CX58_9BURK	131	0				
CMD-like	tr|A0A844CYB7|A0A844CYB7_9BURK	146	0				
CMD-like	tr|A0A844HH11|A0A844HH11_9RHOB	157	0				
CMD-like	tr|A0A844QBI2|A0A844QBI2_9HYPH	195	0				
CMD-like	tr|A0A844QDK1|A0A844QDK1_9HYPH	186	0				
CMD-like	tr|A0A844QI00|A0A844QI00_9HYPH	154	0				
CMD-like	tr|A0A844QMC1|A0A844QMC1_9HYPH	184	0				
CMD-like	tr|A0A844T1G6|A0A844T1G6_9BRAD	153	0				
CMD-like	tr|A0A844WCK5|A0A844WCK5_9RHOB	133	0				
CMD-like	tr|A0A844Y7D6|A0A844Y7D6_9SPHN	185	0				
CMD-like	tr|A0A844YHV4|A0A844YHV4_9SPHN	123	0				
CMD-like	tr|A0A844YWG7|A0A844YWG7_9SPHN	140	0				
CMD-like	tr|A0A845A7A4|A0A845A7A4_9SPHN	150	0				
CMD-like	tr|A0A845HA33|A0A845HA33_9BURK	150	0				
CMD-like	tr|A0A845HI07|A0A845HI07_9BURK	149	0				
CMD-like	tr|A0A845M8L3|A0A845M8L3_9PROT	182	0				
CMD-like	tr|A0A845MKJ4|A0A845MKJ4_9PROT	181	0				
CMD-like	tr|A0A845Q7Y2|A0A845Q7Y2_9HYPH	181	0				
CMD-like	tr|A0A845QG94|A0A845QG94_9HYPH	146	0				
CMD-like	tr|A0A845SHQ0|A0A845SHQ0_9GAMM	196	0				
CMD-like	tr|A0A845V5F6|A0A845V5F6_9GAMM	187	0				
CMD-like	tr|A0A845V9R3|A0A845V9R3_9GAMM	189	0				
CMD-like	tr|A0A846M7T0|A0A846M7T0_9SPHN	135	0				
CMD-like	tr|A0A846TUP7|A0A846TUP7_9MICC	139	0				
CMD-like	tr|A0A846VZF2|A0A846VZF2_9NOCA	159	0				
CMD-like	tr|A0A846X5K1|A0A846X5K1_9ACTN	190	0				
CMD-like	tr|A0A846XDM2|A0A846XDM2_9NOCA	125	0				
CMD-like	tr|A0A846XDZ5|A0A846XDZ5_9NOCA	176	0				
CMD-like	tr|A0A846XHU9|A0A846XHU9_9NOCA	194	0				
CMD-like	tr|A0A846XIY6|A0A846XIY6_9NOCA	169	0				
CMD-like	tr|A0A846XXE9|A0A846XXE9_9NOCA	161	0				
CMD-like	tr|A0A846XY53|A0A846XY53_9NOCA	159	0				
CMD-like	tr|A0A846Y0Z1|A0A846Y0Z1_9NOCA	181	0				
CMD-like	tr|A0A846YT75|A0A846YT75_9NOCA	155	0				
CMD-like	tr|A0A846ZCA7|A0A846ZCA7_9ACTN	153	0				
CMD-like	tr|A0A846ZG20|A0A846ZG20_9GAMM	151	0				
CMD-like	tr|A0A847RQX6|A0A847RQX6_9BACT	153	0				
CMD-like	tr|A0A847SAT7|A0A847SAT7_9NEIS	151	0				
CMD-like	tr|A0A847SHX1|A0A847SHX1_9BACT	188	0				
CMD-like	tr|A0A847SL38|A0A847SL38_9BACT	186	0				
CMD-like	tr|A0A848E8R2|A0A848E8R2_9PROT	179	0				
CMD-like	tr|A0A848EAY1|A0A848EAY1_9PROT	135	0				
CMD-like	tr|A0A848EH44|A0A848EH44_9PROT	197	0				
CMD-like	tr|A0A848EJ54|A0A848EJ54_9PROT	184	0				
CMD-like	tr|A0A848F7V9|A0A848F7V9_9BURK	142	0				
CMD-like	tr|A0A848FAR9|A0A848FAR9_9BURK	153	0				
CMD-like	tr|A0A848G693|A0A848G693_9RHOO	151	0				
CMD-like	tr|A0A848GBP2|A0A848GBP2_9RHOO	186	0				
CMD-like	tr|A0A848GDI9|A0A848GDI9_9RHOO	172	0				
CMD-like	tr|A0A848H7T1|A0A848H7T1_9BURK	153	0				
CMD-like	tr|A0A848HFY5|A0A848HFY5_9BURK	126	0				
CMD-like	tr|A0A848HKL4|A0A848HKL4_9BURK	154	0				
CMD-like	tr|A0A848HKT4|A0A848HKT4_9BURK	146	0				
CMD-like	tr|A0A848LB96|A0A848LB96_9BACT	173	0				
CMD-like	tr|A0A848LE16|A0A848LE16_9BACT	197	0				
CMD-like	tr|A0A848LZW4|A0A848LZW4_9BACT	147	0				
CMD-like	tr|A0A849A2X8|A0A849A2X8_9ACTN	193	0				
CMD-like	tr|A0A849AB10|A0A849AB10_9ACTN	183	0				
CMD-like	tr|A0A849ABN3|A0A849ABN3_9MICO	169	0				
CMD-like	tr|A0A849ABX3|A0A849ABX3_9ACTN	196	0				
CMD-like	tr|A0A849AIU8|A0A849AIU8_9MICO	144	0				
CMD-like	tr|A0A849C3Q8|A0A849C3Q8_9NOCA	140	0				
CMD-like	tr|A0A849C5H1|A0A849C5H1_9NOCA	157	0				
CMD-like	tr|A0A849IDX8|A0A849IDX8_9HYPH	182	0				
CMD-like	tr|A0A849K922|A0A849K922_9BURK	146	0				
CMD-like	tr|A0A849KG28|A0A849KG28_9BURK	127	0				
CMD-like	tr|A0A849L1V0|A0A849L1V0_9RHOB	182	0				
CMD-like	tr|A0A849VHJ6|A0A849VHJ6_9GAMM	148	0				
CMD-like	tr|A0A850ERJ1|A0A850ERJ1_9BACL	149	0				
CMD-like	tr|A0A850HBX6|A0A850HBX6_9SPHN	197	0				
CMD-like	tr|A0A852RWV6|A0A852RWV6_9ACTN	120	0				
CMD-like	tr|A0A852SXY0|A0A852SXY0_9MICO	130	0				
CMD-like	tr|A0A852VNA9|A0A852VNA9_9BACT	128	0				
CMD-like	tr|A0A852VZJ7|A0A852VZJ7_PSEA5	206	0				
CMD-like	tr|A0A852YSP5|A0A852YSP5_9MICO	155	0				
CMD-like	tr|A0A853D5B1|A0A853D5B1_9MICO	184	0				
CMD-like	tr|A0A853DAL4|A0A853DAL4_9MICO	125	0				
CMD-like	tr|A0A853DDE1|A0A853DDE1_9MICO	198	0				
CMD-like	tr|A0A853FUR6|A0A853FUR6_9BURK	188	0				
CMD-like	tr|A0A853FWL9|A0A853FWL9_9BURK	198	0				
CMD-like	tr|A0A853FYJ0|A0A853FYJ0_9BURK	125	0				
CMD-like	tr|A0A853I8Z2|A0A853I8Z2_9GAMM	140	0				
CMD-like	tr|A0A853JI95|A0A853JI95_9GAMM	147	0				
CMD-like	tr|A0A856MLS1|A0A856MLS1_9CYAN	154	0				
CMD-like	tr|A0A857J1A1|A0A857J1A1_9BURK	171	0				
CMD-like	tr|A0A857J8V4|A0A857J8V4_9BURK	135	0				
CMD-like	tr|A0A858RFK0|A0A858RFK0_9BACT	154	0				
CMD-like	tr|A0A858RI10|A0A858RI10_9BACT	148	0				
CMD-like	tr|A0A892IAK4|A0A892IAK4_9BURK	142	0				
CMD-like	tr|A0A895XW22|A0A895XW22_9ACTN	156	0				
CMD-like	tr|A0A8A4TJZ7|A0A8A4TJZ7_SULCO	178	0				
CMD-like	tr|A0A8A4TVF0|A0A8A4TVF0_SULCO	188	0				
CMD-like	tr|A0A8B2NTE4|A0A8B2NTE4_9HYPH	180	0				
CMD-like	tr|A0A8B6BZH2|A0A8B6BZH2_MYTGA	147	0				
CMD-like	tr|A0A8B6X107|A0A8B6X107_9BURK	123	0				
CMD-like	tr|A0A8B6X4Z4|A0A8B6X4Z4_9BURK	143	0				
CMD-like	tr|A0A8B6X7B0|A0A8B6X7B0_9BURK	182	0				
CMD-like	tr|A0A8B6XAK5|A0A8B6XAK5_9BURK	163	0				
CMD-like	tr|A0A8B9YW55|A0A8B9YW55_9AVES	154	0				
CMD-like	tr|A0A8C6FJY6|A0A8C6FJY6_MOSMO	180	0				
CMD-like	tr|A0A8D0GX31|A0A8D0GX31_SPHPU	183	0				
CMD-like	tr|A0A8D4UWE4|A0A8D4UWE4_9FIRM	142	0				
CMD-like	tr|A0A8D5AI39|A0A8D5AI39_9GAMM	183	0				
CMD-like	tr|A0A8E2EB67|A0A8E2EB67_9PEZI	142	0				
CMD-like	tr|A0A8E2F246|A0A8E2F246_9PEZI	202	0				
CMD-like	tr|A0A8E2JKC1|A0A8E2JKC1_9PEZI	200	0				
CMD-like	tr|A0A8E2QE17|A0A8E2QE17_9GAMM	176	0				
CMD-like	tr|A0A8E3AR46|A0A8E3AR46_9RHOB	191	0				
CMD-like	tr|A0A8E7AZI6|A0A8E7AZI6_9EURY	130	0				
CMD-like	tr|A0A8E7B0F8|A0A8E7B0F8_9EURY	159	0				
CMD-like	tr|A0A8F6TYJ8|A0A8F6TYJ8_9RHOB	186	0				
CMD-like	tr|A0A8F9XL62|A0A8F9XL62_9BACT	160	0				
CMD-like	tr|A0A8G2F4F9|A0A8G2F4F9_9PROT	137	0				
CMD-like	tr|A0A8G2FFS3|A0A8G2FFS3_ACIRU	190	0				
CMD-like	tr|A0A8H2PKE9|A0A8H2PKE9_MYCMU	172	0				
CMD-like	tr|A0A8H3G3S6|A0A8H3G3S6_9LECA	146	0				
CMD-like	tr|A0A8H3J2Z9|A0A8H3J2Z9_9LECA	143	0				
CMD-like	tr|A0A8H3WFG6|A0A8H3WFG6_9PEZI	142	0				
CMD-like	tr|A0A8H4RY06|A0A8H4RY06_9HELO	190	0				
CMD-like	tr|A0A8H4W885|A0A8H4W885_9HELO	163	0				
CMD-like	tr|A0A8H5D1H2|A0A8H5D1H2_9AGAR	141	0				
CMD-like	tr|A0A8H5DQU4|A0A8H5DQU4_9HYPO	140	0				
CMD-like	tr|A0A8H5UI95|A0A8H5UI95_9HYPO	180	0				
CMD-like	tr|A0A8H5YG74|A0A8H5YG74_9HYPO	203	0				
CMD-like	tr|A0A8H6FQE5|A0A8H6FQE5_9LECA	207	0				
CMD-like	tr|A0A8H6IUI3|A0A8H6IUI3_9PEZI	153	0				
CMD-like	tr|A0A8H6NTV8|A0A8H6NTV8_9PEZI	200	0				
CMD-like	tr|A0A8H6TZP6|A0A8H6TZP6_9AGAR	164	0				
CMD-like	tr|A0A8H7BVI6|A0A8H7BVI6_9FUNG	206	0				
CMD-like	tr|A0A8H7BYM1|A0A8H7BYM1_9FUNG	191	0				
CMD-like	tr|A0A8H8S6X8|A0A8H8S6X8_9HELO	168	0				
CMD-like	tr|A0A8H9GXH2|A0A8H9GXH2_9ACTN	130	0				
CMD-like	tr|A0A8H9J0X4|A0A8H9J0X4_9PSEU	198	0				
CMD-like	tr|A0A8I0FWA6|A0A8I0FWA6_9ACTN	136	0				
CMD-like	tr|A0A8I0G8D3|A0A8I0G8D3_9ACTO	163	0				
CMD-like	tr|A0A8I1HU26|A0A8I1HU26_9CORY	126	0				
CMD-like	tr|A0A8I1KJ46|A0A8I1KJ46_9HYPH	151	0				
CMD-like	tr|A0A8J2TVV2|A0A8J2TVV2_9MICO	137	0				
CMD-like	tr|A0A8J2XTX0|A0A8J2XTX0_9BACT	146	0				
CMD-like	tr|A0A8J2YBU7|A0A8J2YBU7_9BACL	121	0				
CMD-like	tr|A0A8J2YKQ7|A0A8J2YKQ7_9RHOB	131	0				
CMD-like	tr|A0A8J2ZBT4|A0A8J2ZBT4_9PROT	183	0				
CMD-like	tr|A0A8J2ZWJ3|A0A8J2ZWJ3_9BACL	148	0				
CMD-like	tr|A0A8J3CG60|A0A8J3CG60_9PSEU	187	0				
CMD-like	tr|A0A8J3CKU9|A0A8J3CKU9_9PSEU	179	0				
CMD-like	tr|A0A8J3DTI9|A0A8J3DTI9_9HYPH	172	0				
CMD-like	tr|A0A8J3ESZ1|A0A8J3ESZ1_9ACTN	131	0				
CMD-like	tr|A0A8J3EUF1|A0A8J3EUF1_9ACTN	200	0				
CMD-like	tr|A0A8J3FUT8|A0A8J3FUT8_9PSEU	121	0				
CMD-like	tr|A0A8J3FV61|A0A8J3FV61_9PSEU	191	0				
CMD-like	tr|A0A8J3H252|A0A8J3H252_9RHOB	209	0				
CMD-like	tr|A0A8J3I558|A0A8J3I558_9CHLR	178	0				
CMD-like	tr|A0A8J3JYE1|A0A8J3JYE1_9ACTN	168	0				
CMD-like	tr|A0A8J3LWE6|A0A8J3LWE6_9ACTN	158	0				
CMD-like	tr|A0A8J3PF22|A0A8J3PF22_9ACTN	195	0				
CMD-like	tr|A0A8J3Q6V0|A0A8J3Q6V0_9ACTN	124	0				
CMD-like	tr|A0A8J3R1I2|A0A8J3R1I2_9ACTN	203	0				
CMD-like	tr|A0A8J3SP41|A0A8J3SP41_9ACTN	201	0				
CMD-like	tr|A0A8J3SRU8|A0A8J3SRU8_9ACTN	171	0				
CMD-like	tr|A0A8J3VUQ1|A0A8J3VUQ1_9ACTN	183	0				
CMD-like	tr|A0A8J3W704|A0A8J3W704_9ACTN	185	0				
CMD-like	tr|A0A8J3W7G9|A0A8J3W7G9_9ACTN	132	0				
CMD-like	tr|A0A8J3YTF3|A0A8J3YTF3_9ACTN	123	0				
CMD-like	tr|A0A8J3Z125|A0A8J3Z125_9ACTN	123	0				
CMD-like	tr|A0A8J3ZTC5|A0A8J3ZTC5_9ACTN	125	0				
CMD-like	tr|A0A8J3ZXV5|A0A8J3ZXV5_9ACTN	203	0				
CMD-like	tr|A0A8J4A1A0|A0A8J4A1A0_9ACTN	144	0				
CMD-like	tr|A0A8J4A581|A0A8J4A581_9ACTN	184	0				
CMD-like	tr|A0A8J6IUZ0|A0A8J6IUZ0_9ALTE	182	0				
CMD-like	tr|A0A8J6IWY9|A0A8J6IWY9_9ALTE	154	0				
CMD-like	tr|A0A8J6PNX8|A0A8J6PNX8_9HYPH	209	0				
CMD-like	tr|A0A8J6XKS4|A0A8J6XKS4_9CYAN	131	0				
CMD-like	tr|A0A8J7APQ5|A0A8J7APQ5_9CYAN	177	0				
CMD-like	tr|A0A8J7CPT1|A0A8J7CPT1_9PROT	143	0				
CMD-like	tr|A0A8J7KDQ4|A0A8J7KDQ4_9BACL	206	1	43-98	2.97e-11	151-195	3.25e-14
CMD-like	tr|A0A8J7M4K6|A0A8J7M4K6_9RHOB	179	0				
CMD-like	tr|A0A8J7R392|A0A8J7R392_9HYPH	137	0				
CMD-like	tr|A0A8J7V3R6|A0A8J7V3R6_9PROT	180	0				
CMD-like	tr|A0A8J7VRK6|A0A8J7VRK6_9GAMM	179	0				
CMD-like	tr|A0A8J7W793|A0A8J7W793_9EURY	129	0				
CMD-like	tr|A0A8J7WPH1|A0A8J7WPH1_9ACTN	163	0				
CMD-like	tr|A0A8J7YC52|A0A8J7YC52_9EURY	144	0				
CMD-like	tr|A0A8J8BBS1|A0A8J8BBS1_9ACTN	162	0				
CMD-like	tr|A0A8J8KD65|A0A8J8KD65_9BACI	135	0				
CMD-like	tr|A0A8J8Q2I9|A0A8J8Q2I9_9EURY	187	0				
CMD-like	tr|A0A8J8TAR7|A0A8J8TAR7_9EURY	177	0				
CMD-like	tr|A0A8K0PJ44|A0A8K0PJ44_9PEZI	171	0				
CMD-like	tr|A0A8K0V252|A0A8K0V252_9AGAR	190	0				
CMD-like	tr|A0A8K0Y1D5|A0A8K0Y1D5_9RHOB	137	0				
CMD-like	tr|A0A8S8X9S9|A0A8S8X9S9_9PROT	129	0				
CMD-like	tr|A0A8S8XIJ7|A0A8S8XIJ7_9PROT	185	0				
CMD-like	tr|A0A8T4HCB5|A0A8T4HCB5_9SPHI	145	0				
CMD-like	tr|A0A8T5UXP0|A0A8T5UXP0_9EURY	206	0				
CMD-like	tr|A0A8T7LYJ6|A0A8T7LYJ6_9CHLR	182	0				
CMD-like	tr|A0A8T7M779|A0A8T7M779_9CHLR	130	0				
CMD-like	tr|A0A8T8K7N8|A0A8T8K7N8_9EURY	124	0				
CMD-like	tr|A0A8T9B2J7|A0A8T9B2J7_9HELO	171	0				
CMD-like	tr|A0A8T9C4K7|A0A8T9C4K7_9HELO	182	0				
CMD-like	tr|A0A8T9QDH0|A0A8T9QDH0_9BACT	146	0				
CMD-like	tr|A0A913XY21|A0A913XY21_EXADI	176	0				
CMD-like	tr|A0A916K0M9|A0A916K0M9_9MICO	160	0				
CMD-like	tr|A0A916K718|A0A916K718_9BACL	137	0				
CMD-like	tr|A0A916N8N9|A0A916N8N9_9PROT	145	0				
CMD-like	tr|A0A916NMK6|A0A916NMK6_9MICO	137	0				
CMD-like	tr|A0A916NNC3|A0A916NNC3_9MICO	155	0				
CMD-like	tr|A0A916SB19|A0A916SB19_9BURK	170	0				
CMD-like	tr|A0A916SWG9|A0A916SWG9_9MICO	154	0				
CMD-like	tr|A0A916TS46|A0A916TS46_9SPHN	132	0				
CMD-like	tr|A0A916TYI2|A0A916TYI2_9SPHN	121	0				
CMD-like	tr|A0A2V5L2K7|A0A2V5L2K7_9MICC	193	0				
CMD-like	tr|A0A2W0HDE3|A0A2W0HDE3_9BACI	163	0				
CMD-like	tr|A0A2W1LBA6|A0A2W1LBA6_9BACL	152	0				
CMD-like	tr|A0A2W1LFP8|A0A2W1LFP8_9BACL	146	0				
CMD-like	tr|A0A2W1LPA5|A0A2W1LPA5_9BACL	122	0				
CMD-like	tr|A0A2W1NTR9|A0A2W1NTR9_PAEXE	121	0				
CMD-like	tr|A0A2W2ABM5|A0A2W2ABM5_9BACT	179	0				
CMD-like	tr|A0A2W2AFN0|A0A2W2AFN0_9BACT	149	0				
CMD-like	tr|A0A2W2AH83|A0A2W2AH83_9BACT	146	0				
CMD-like	tr|A0A2W2AS20|A0A2W2AS20_9HYPH	147	0				
CMD-like	tr|A0A2W2DWI7|A0A2W2DWI7_9ACTN	143	0				
CMD-like	tr|A0A2W2G933|A0A2W2G933_9ACTN	176	0				
CMD-like	tr|A0A2W7C2C9|A0A2W7C2C9_9HYPH	189	0				
CMD-like	tr|A0A2U3QG16|A0A2U3QG16_9BACT	140	0				
CMD-like	tr|A0A916UCF9|A0A916UCF9_9ACTN	190	0				
CMD-like	tr|A0A916UGT0|A0A916UGT0_9BURK	129	0				
CMD-like	tr|A0A916UJP6|A0A916UJP6_9ACTN	197	0				
CMD-like	tr|A0A916UY81|A0A916UY81_9BURK	191	0				
CMD-like	tr|A0A916VQL8|A0A916VQL8_9RHOB	132	0				
CMD-like	tr|A0A916WHZ5|A0A916WHZ5_9BURK	171	0				
CMD-like	tr|A0A916WPG2|A0A916WPG2_9MICO	178	0				
CMD-like	tr|A0A916X3A0|A0A916X3A0_9SPHN	209	0				
CMD-like	tr|A0A916X8H4|A0A916X8H4_9ACTN	184	0				
CMD-like	tr|A0A916XIX6|A0A916XIX6_9HYPH	148	0				
CMD-like	tr|A0A916XLS8|A0A916XLS8_9HYPH	206	0				
CMD-like	tr|A0A916YH85|A0A916YH85_9MICO	190	0				
CMD-like	tr|A0A916Z8C6|A0A916Z8C6_9BACT	180	0				
CMD-like	tr|A0A917BZ59|A0A917BZ59_9HYPH	159	0				
CMD-like	tr|A0A917C7C0|A0A917C7C0_9BACL	131	0				
CMD-like	tr|A0A917CB86|A0A917CB86_9HYPH	137	0				
CMD-like	tr|A0A917DDH0|A0A917DDH0_9MICO	197	0				
CMD-like	tr|A0A917DUA9|A0A917DUA9_9BACL	145	0				
CMD-like	tr|A0A917E2T8|A0A917E2T8_9SPHN	189	0				
CMD-like	tr|A0A917EDZ9|A0A917EDZ9_9RHOB	189	0				
CMD-like	tr|A0A917FZZ0|A0A917FZZ0_9BACI	141	0				
CMD-like	tr|A0A917HG53|A0A917HG53_9BACI	147	0				
CMD-like	tr|A0A917IFI7|A0A917IFI7_9MICO	200	0				
CMD-like	tr|A0A917KP28|A0A917KP28_9PROT	135	0				
CMD-like	tr|A0A917LG15|A0A917LG15_9BACI	210	1	47-105	5.3e-12	155-199	7.65e-14
CMD-like	tr|A0A917NTY0|A0A917NTY0_9PROT	189	0				
CMD-like	tr|A0A917NW16|A0A917NW16_9ACTN	156	0				
CMD-like	tr|A0A917PFK8|A0A917PFK8_9DEIO	120	0				
CMD-like	tr|A0A917Q0I3|A0A917Q0I3_9BACI	172	0				
CMD-like	tr|A0A917Q4K3|A0A917Q4K3_9BACI	127	0				
CMD-like	tr|A0A917Q6W3|A0A917Q6W3_9HYPH	144	0				
CMD-like	tr|A0A917QCL6|A0A917QCL6_9HYPH	133	0				
CMD-like	tr|A0A917RMD0|A0A917RMD0_9NOCA	182	0				
CMD-like	tr|A0A917T9T7|A0A917T9T7_9ACTN	124	0				
CMD-like	tr|A0A917U230|A0A917U230_9ACTN	200	0				
CMD-like	tr|A0A917UF03|A0A917UF03_9ACTN	192	0				
CMD-like	tr|A0A917UZL7|A0A917UZL7_9PSED	127	0				
CMD-like	tr|A0A917VAL5|A0A917VAL5_9HYPH	132	0				
CMD-like	tr|A0A917VBG7|A0A917VBG7_9ACTN	179	0				
CMD-like	tr|A0A917VNS5|A0A917VNS5_9NOCA	166	0				
CMD-like	tr|A0A917VUD7|A0A917VUD7_9NOCA	134	0				
CMD-like	tr|A0A917X268|A0A917X268_9ACTN	189	0				
CMD-like	tr|A0A917X9P9|A0A917X9P9_9ACTN	181	0				
CMD-like	tr|A0A917XM64|A0A917XM64_9ACTN	175	0				
CMD-like	tr|A0A917Z7P0|A0A917Z7P0_9ACTN	158	0				
CMD-like	tr|A0A917ZLN4|A0A917ZLN4_9GAMM	128	0				
CMD-like	tr|A0A917ZVQ6|A0A917ZVQ6_9ACTN	161	0				
CMD-like	tr|A0A918E341|A0A918E341_9ACTN	185	0				
CMD-like	tr|A0A918GE89|A0A918GE89_9ACTN	144	0				
CMD-like	tr|A0A918HEA7|A0A918HEA7_9ACTN	209	0				
CMD-like	tr|A0A918IYU5|A0A918IYU5_9FLAO	177	0				
CMD-like	tr|A0A918J5H1|A0A918J5H1_9FLAO	134	0				
CMD-like	tr|A0A918J7N7|A0A918J7N7_9ACTN	163	0				
CMD-like	tr|A0A918PI59|A0A918PI59_9SPHN	142	0				
CMD-like	tr|A0A918R6B7|A0A918R6B7_9SPHN	134	0				
CMD-like	tr|A0A918VD72|A0A918VD72_9SPHN	188	0				
CMD-like	tr|A0A918VJI8|A0A918VJI8_9ACTN	126	0				
CMD-like	tr|A0A918XN63|A0A918XN63_9PROT	128	0				
CMD-like	tr|A0A918XQW5|A0A918XQW5_9PROT	131	0				
CMD-like	tr|A0A918XTB1|A0A918XTB1_9PROT	182	0				
CMD-like	tr|A0A919CLS7|A0A919CLS7_9GAMM	131	0				
CMD-like	tr|A0A919G6R5|A0A919G6R5_9ACTN	189	0				
CMD-like	tr|A0A919JJA1|A0A919JJA1_9ACTN	171	0				
CMD-like	tr|A0A919M1C5|A0A919M1C5_9ACTN	201	0				
CMD-like	tr|A0A919QFI8|A0A919QFI8_9ACTN	190	0				
CMD-like	tr|A0A919SZF3|A0A919SZF3_9ACTN	198	0				
CMD-like	tr|A0A919TUZ8|A0A919TUZ8_9ACTN	136	0				
CMD-like	tr|A0A919U0L5|A0A919U0L5_9ACTN	185	0				
CMD-like	tr|A0A919W472|A0A919W472_9ACTN	141	0				
CMD-like	tr|A0A919W7Y9|A0A919W7Y9_9ACTN	170	0				
CMD-like	tr|A0A923HCN8|A0A923HCN8_9BURK	157	0				
CMD-like	tr|A0A923HQW6|A0A923HQW6_9BURK	198	0				
CMD-like	tr|A0A926GFP6|A0A926GFP6_9RHOB	153	0				
CMD-like	tr|A0A926JPE0|A0A926JPE0_9FLAO	146	0				
CMD-like	tr|A0A926JR29|A0A926JR29_9FLAO	147	0				
CMD-like	tr|A0A926JTE9|A0A926JTE9_9FLAO	156	0				
CMD-like	tr|A0A926KX84|A0A926KX84_9BACL	150	0				
CMD-like	tr|A0A926NKN2|A0A926NKN2_9BACI	153	0				
CMD-like	tr|A0A926QMB0|A0A926QMB0_9BACL	128	0				
CMD-like	tr|A0A927C8X3|A0A927C8X3_9BACL	149	0				
CMD-like	tr|A0A927D5J9|A0A927D5J9_9RHOB	126	0				
CMD-like	tr|A0A927E560|A0A927E560_9HYPH	154	0				
CMD-like	tr|A0A927F0K4|A0A927F0K4_9ACTN	159	0				
CMD-like	tr|A0A927F4N3|A0A927F4N3_9BACT	183	0				
CMD-like	tr|A0A927GE49|A0A927GE49_9BACT	186	0				
CMD-like	tr|A0A927GUR0|A0A927GUR0_9GAMM	127	0				
CMD-like	tr|A0A927J9E9|A0A927J9E9_9ACTN	178	0				
CMD-like	tr|A0A927JEA0|A0A927JEA0_9ACTN	152	0				
CMD-like	tr|A0A928V5F7|A0A928V5F7_9GAMM	150	0				
CMD-like	tr|A0A929B954|A0A929B954_9PSEU	151	0				
CMD-like	tr|A0A930V0T0|A0A930V0T0_9ACTN	196	0				
CMD-like	tr|A0A930VLW1|A0A930VLW1_9ACTN	184	0				
CMD-like	tr|A0A930VT92|A0A930VT92_9ACTN	151	0				
CMD-like	tr|A0A930YJV2|A0A930YJV2_9ACTN	158	0				
CMD-like	tr|A0A931A9Z8|A0A931A9Z8_9ACTN	174	0				
CMD-like	tr|A0A931ACT4|A0A931ACT4_9ACTN	122	0				
CMD-like	tr|A0A931AFI6|A0A931AFI6_9ACTN	157	0				
CMD-like	tr|A0A931AYC2|A0A931AYC2_9ACTN	136	0				
CMD-like	tr|A0A931B8N3|A0A931B8N3_9ACTN	160	0				
CMD-like	tr|A0A931CLU5|A0A931CLU5_9MICC	155	0				
CMD-like	tr|A0A931F3Y8|A0A931F3Y8_9ACTN	163	0				
CMD-like	tr|A0A931H4G5|A0A931H4G5_9BURK	151	0				
CMD-like	tr|A0A931HE03|A0A931HE03_9SPHN	190	0				
CMD-like	tr|A0A931HTE2|A0A931HTE2_9BACI	142	0				
CMD-like	tr|A0A931N3H3|A0A931N3H3_9NOCA	122	0				
CMD-like	tr|A0A934HP57|A0A934HP57_9CLOT	123	0				
CMD-like	tr|A0A934IMN6|A0A934IMN6_9HYPH	138	0				
CMD-like	tr|A0A934JX75|A0A934JX75_9BACT	128	0				
CMD-like	tr|A0A934K199|A0A934K199_9BACT	144	0				
CMD-like	tr|A0A934MKL5|A0A934MKL5_9HYPH	135	0				
CMD-like	tr|A0A934NN51|A0A934NN51_9NOCA	126	0				
CMD-like	tr|A0A934NTM0|A0A934NTM0_9NOCA	126	0				
CMD-like	tr|A0A934U2F7|A0A934U2F7_9NOCA	158	0				
CMD-like	tr|A0A934V0X2|A0A934V0X2_9PROT	122	0				
CMD-like	tr|A0A934V6Y5|A0A934V6Y5_9PSEU	149	0				
CMD-like	tr|A0A934VSD6|A0A934VSD6_9BACT	199	0				
CMD-like	tr|A0A934W6S6|A0A934W6S6_9BURK	135	0				
CMD-like	tr|A0A934W9M1|A0A934W9M1_9BURK	191	0				
CMD-like	tr|A0A936YUD4|A0A936YUD4_9HYPH	159	0				
CMD-like	tr|A0A936ZKX9|A0A936ZKX9_9BURK	133	0				
CMD-like	tr|A0A936ZUN5|A0A936ZUN5_9BURK	189	0				
CMD-like	tr|A0A937RD15|A0A937RD15_9ACTN	156	0				
CMD-like	tr|A0A937RNX0|A0A937RNX0_9ACTN	180	0				
CMD-like	tr|A0A937RPH6|A0A937RPH6_9ACTN	195	0				
CMD-like	tr|A0A937UMX3|A0A937UMX3_9ACTN	189	0				
CMD-like	tr|A0A937UQA9|A0A937UQA9_9ACTN	152	0				
CMD-like	tr|A0A938YSN7|A0A938YSN7_9ACTN	205	0				
CMD-like	tr|A0A939BXW9|A0A939BXW9_9ACTN	205	0				
CMD-like	tr|A0A939C354|A0A939C354_9ACTN	190	0				
CMD-like	tr|A0A939DCT4|A0A939DCT4_9GAMM	182	0				
CMD-like	tr|A0A939DPJ0|A0A939DPJ0_9ALTE	158	0				
CMD-like	tr|A0A939F622|A0A939F622_9ACTN	164	0				
CMD-like	tr|A0A939FZW1|A0A939FZW1_9BACT	137	0				
CMD-like	tr|A0A939HH43|A0A939HH43_9MICC	162	0				
CMD-like	tr|A0A939IML6|A0A939IML6_9GAMM	155	0				
CMD-like	tr|A0ABQ1Z1M2|A0ABQ1Z1M2_9BACT	206	0				
CMD-like	tr|A0ABQ1Z502|A0ABQ1Z502_9BACT	161	0				
CMD-like	tr|A0ABQ2CV55|A0ABQ2CV55_9DEIO	150	0				
CMD-like	tr|A0ABQ2F8R5|A0ABQ2F8R5_9MICO	168	0				
CMD-like	tr|A0ABQ2H2J0|A0ABQ2H2J0_9PSED	125	0				
CMD-like	tr|A0ABQ2KU39|A0ABQ2KU39_9BACL	145	0				
CMD-like	tr|A0ABQ2NUI6|A0ABQ2NUI6_9BACI	145	0				
CMD-like	tr|A0ABQ3G324|A0ABQ3G324_9BURK	197	0				
CMD-like	tr|A0ABQ3HPD6|A0ABQ3HPD6_9ACTN	141	0				
CMD-like	tr|A0ABQ3IHZ9|A0ABQ3IHZ9_9PSEU	144	0				
CMD-like	tr|A0ABQ3IZ77|A0ABQ3IZ77_9GAMM	121	0				
CMD-like	tr|A0ABQ3LHC9|A0ABQ3LHC9_9PSEU	122	0				
CMD-like	tr|A0ABQ3MM98|A0ABQ3MM98_9PSEU	126	0				
CMD-like	tr|A0ABQ3RAY1|A0ABQ3RAY1_STRRR	143	0				
CMD-like	tr|A0ABQ3T5D7|A0ABQ3T5D7_9ACTN	197	0				
CMD-like	tr|A0ABQ3XSQ3|A0ABQ3XSQ3_9ACTN	145	0				
CMD-like	tr|A0ABQ3YHC0|A0ABQ3YHC0_9ACTN	173	0				
CMD-like	tr|A0ABQ3YI10|A0ABQ3YI10_9ACTN	184	0				
CMD-like	tr|A0ABQ3ZAY2|A0ABQ3ZAY2_9ACTN	146	0				
CMD-like	tr|A0ABQ4B8W4|A0ABQ4B8W4_9ACTN	199	0				
CMD-like	tr|A0ABQ4BXR1|A0ABQ4BXR1_9ACTN	122	0				
CMD-like	tr|A0ABQ4CTC5|A0ABQ4CTC5_9ACTN	133	0				
CMD-like	tr|A0ABQ4G8J1|A0ABQ4G8J1_9ACTN	122	0				
CMD-like	tr|A0ABQ4GBV1|A0ABQ4GBV1_9ACTN	210	0				
CMD-like	tr|A0A1N7EUK2|A0A1N7EUK2_9ACTN	143	0				
CMD-like	tr|A0A1N7HUV9|A0A1N7HUV9_9FLAO	120	0				
CMD-like	tr|A0A1N7J560|A0A1N7J560_9FLAO	147	0				
CMD-like	tr|A0A1N7RS47|A0A1N7RS47_9BURK	177	0				
CMD-like	tr|A0A1N7SMW6|A0A1N7SMW6_9BURK	132	0				
CMD-like	tr|A0A1P8K0K0|A0A1P8K0K0_9BURK	165	0				
CMD-like	tr|A0A1P8N0T8|A0A1P8N0T8_9RHOB	189	0				
CMD-like	tr|A0A1P8UGQ6|A0A1P8UGQ6_9GAMM	191	0				
CMD-like	tr|A0A1P9WYN9|A0A1P9WYN9_9BACT	190	0				
CMD-like	tr|A0A1Q2CP34|A0A1Q2CP34_9ACTN	163	0				
CMD-like	tr|A0A1Q2M967|A0A1Q2M967_9GAMM	180	0				
CMD-like	tr|A0A1Q4H430|A0A1Q4H430_9MYCO	185	0				
CMD-like	tr|A0A1Q4H9D7|A0A1Q4H9D7_9MYCO	206	0				
CMD-like	tr|A0A1Q4HVN7|A0A1Q4HVN7_9MYCO	193	0				
CMD-like	tr|A0A1Q4HWB6|A0A1Q4HWB6_9MYCO	194	0				
CMD-like	tr|A0A1Q5PYF5|A0A1Q5PYF5_9ACTO	139	0				
CMD-like	tr|A0A1Q5TIX0|A0A1Q5TIX0_9GAMM	133	0				
CMD-like	tr|A0A1Q5ZUC9|A0A1Q5ZUC9_9SPHI	155	0				
CMD-like	tr|A0A1Q8SRH8|A0A1Q8SRH8_9GAMM	136	0				
CMD-like	tr|A0A1Q9LLB3|A0A1Q9LLB3_9PSEU	184	0				
CMD-like	tr|A0A1R0F9B2|A0A1R0F9B2_9HYPH	131	0				
CMD-like	tr|A0A1R0KQ80|A0A1R0KQ80_9PSEU	178	0				
CMD-like	tr|A0A1R1XM12|A0A1R1XM12_9FUNG	165	0				
CMD-like	tr|A0A1R3VUD3|A0A1R3VUD3_9GAMM	131	0				
CMD-like	tr|A0A1R4G462|A0A1R4G462_9MICO	207	0				
CMD-like	tr|A0A1R4LRH4|A0A1R4LRH4_VIBR1	181	0				
CMD-like	tr|A0A1S1KQI9|A0A1S1KQI9_MYCCH	192	0				
CMD-like	tr|A0A1S1MQ07|A0A1S1MQ07_9GAMM	181	0				
CMD-like	tr|A0A1S1NL23|A0A1S1NL23_9MYCO	188	0				
CMD-like	tr|A0A1S1PEN0|A0A1S1PEN0_9ACTN	190	0				
CMD-like	tr|A0A1S1QJV3|A0A1S1QJV3_9ACTN	201	0				
CMD-like	tr|A0A1S1QKV9|A0A1S1QKV9_9ACTN	193	0				
CMD-like	tr|A0A1S2L442|A0A1S2L442_9BACI	121	0				
CMD-like	tr|A0A1S2VDQ4|A0A1S2VDQ4_9BACT	146	0				
CMD-like	tr|A0A1S7R4X5|A0A1S7R4X5_9HYPH	140	0				
CMD-like	tr|A0A9P6I6M5|A0A9P6I6M5_9PEZI	148	0				
CMD-like	tr|A0A9P7AU34|A0A9P7AU34_9HELO	170	0				
CMD-like	tr|A0A9P7BJD7|A0A9P7BJD7_RHIOR	125	0				
CMD-like	tr|A0A9P7H8S5|A0A9P7H8S5_9HYPO	194	0				
CMD-like	tr|A0A9P7QGQ4|A0A9P7QGQ4_9HYPO	157	0				
CMD-like	tr|A0A9P9ENM3|A0A9P9ENM3_9HYPO	137	0				
CMD-like	tr|A0A9Q3MCH6|A0A9Q3MCH6_9HYPH	136	0				
CMD-like	tr|A0A9Q3V3B3|A0A9Q3V3B3_9FLAO	147	0				
CMD-like	tr|A0A9Q3VKZ9|A0A9Q3VKZ9_9ACTN	166	0				
CMD-like	tr|A0A9Q3W2X7|A0A9Q3W2X7_9GAMM	190	0				
CMD-like	tr|A0A9Q5HXK0|A0A9Q5HXK0_SANBA	196	0				
CMD-like	tr|A0A9Q7E4M7|A0A9Q7E4M7_HISSO	133	0				
CMD-like	tr|A0A9Q8E8E4|A0A9Q8E8E4_9ENTR	126	0				
CMD-like	tr|A0A9Q8T4E1|A0A9Q8T4E1_9PEZI	209	0				
CMD-like	tr|A0A9Q8Y9L1|A0A9Q8Y9L1_ENSAD	154	0				
CMD-like	tr|A0A9Q9IC95|A0A9Q9IC95_9ACTN	147	0				
CMD-like	tr|A0A9Q9M9Y7|A0A9Q9M9Y7_9ACTN	123	0				
CMD-like	tr|A0A9R0P4I9|A0A9R0P4I9_AMYMS	153	0				
CMD-like	tr|A0A9R0UA69|A0A9R0UA69_AMYMS	177	0				
CMD-like	tr|A0A9R1CNR2|A0A9R1CNR2_9EURY	181	0				
CMD-like	tr|A0A9W4AXU3|A0A9W4AXU3_9MYCO	193	0				
CMD-like	tr|A0A9W4KR13|A0A9W4KR13_9EURO	158	0				
CMD-like	tr|A0A9W4MP70|A0A9W4MP70_PENOL	204	0				
CMD-like	tr|A0A9W4XWQ4|A0A9W4XWQ4_9PLEO	194	0				
CMD-like	tr|A0A9W5U1G1|A0A9W5U1G1_9BACI	152	0				
CMD-like	tr|A0A9W6B9M7|A0A9W6B9M7_9FLAO	152	0				
CMD-like	tr|A0A9W6G5U1|A0A9W6G5U1_9ACTN	132	0				
CMD-like	tr|A0A9W6GZ36|A0A9W6GZ36_9HYPH	192	0				
CMD-like	tr|A0A9W6H6S0|A0A9W6H6S0_9MICO	189	0				
CMD-like	tr|A0A9W6IJ08|A0A9W6IJ08_9PROT	185	0				
CMD-like	tr|A0A9W6JP63|A0A9W6JP63_9HYPH	181	0				
CMD-like	tr|A0A9W6KZ35|A0A9W6KZ35_9PSEU	133	0				
CMD-like	tr|A0A9W6L4S9|A0A9W6L4S9_9PSEU	189	0				
CMD-like	tr|A0A9W6LDK4|A0A9W6LDK4_9PSEU	185	0				
CMD-like	tr|A0A9W6MY85|A0A9W6MY85_9HYPH	191	0				
CMD-like	tr|A0A9W6NVQ0|A0A9W6NVQ0_9PSEU	185	0				
CMD-like	tr|A0A9W6Q043|A0A9W6Q043_9ACTN	200	0				
CMD-like	tr|A0A9W6QKM8|A0A9W6QKM8_9PSEU	159	0				
CMD-like	tr|A0A9W6R3X5|A0A9W6R3X5_9PSEU	153	0				
CMD-like	tr|A0A9W6RY17|A0A9W6RY17_9ACTN	129	0				
CMD-like	tr|A0A9W6S7X2|A0A9W6S7X2_9ACTN	134	0				
CMD-like	tr|A0A9W6SFQ1|A0A9W6SFQ1_9ACTN	204	0				
CMD-like	tr|A0A9W6VXE5|A0A9W6VXE5_9ACTN	184	0				
CMD-like	tr|A0A9W6W2B9|A0A9W6W2B9_9ACTN	125	0				
CMD-like	tr|A0A9W8NPK6|A0A9W8NPK6_9PEZI	200	0				
CMD-like	tr|A0A9W8WA63|A0A9W8WA63_9HYPO	163	0				
CMD-like	tr|A0A9W8XEX2|A0A9W8XEX2_9PLEO	154	0				
CMD-like	tr|A0A9W8XII7|A0A9W8XII7_9PLEO	128	0				
CMD-like	tr|A0A9W9BD69|A0A9W9BD69_9HYPO	171	0				
CMD-like	tr|A0A9W9EMU3|A0A9W9EMU3_9EURO	185	0				
CMD-like	tr|A0A9W9JYB6|A0A9W9JYB6_9EURO	184	0				
CMD-like	tr|A0A9W9NFS3|A0A9W9NFS3_9EURO	185	0				
CMD-like	tr|A0A9W9SAL7|A0A9W9SAL7_9EURO	187	0				
CMD-like	tr|A0A9W9UZ13|A0A9W9UZ13_PENBR	140	0				
CMD-like	tr|A0A9W9V7J8|A0A9W9V7J8_9EURO	206	0				
CMD-like	tr|A0A9W9W4Y7|A0A9W9W4Y7_9EURO	176	0				
CMD-like	tr|A0A9W9YDN3|A0A9W9YDN3_9CNID	152	0				
CMD-like	tr|A0A9X0HNK9|A0A9X0HNK9_SOLP1	142	0				
CMD-like	tr|A0A9X0UFR5|A0A9X0UFR5_9PROT	203	0				
CMD-like	tr|A0A9X1AJ70|A0A9X1AJ70_9SPHN	128	0				
CMD-like	tr|A0A9X1DAF9|A0A9X1DAF9_9SPHN	189	0				
CMD-like	tr|A0A9X1DC45|A0A9X1DC45_9SPHN	189	0				
CMD-like	tr|A0A9X1DCJ3|A0A9X1DCJ3_9SPHN	190	0				
CMD-like	tr|A0A9X1DDN4|A0A9X1DDN4_9SPHN	186	0				
CMD-like	tr|A0A9X1FRF3|A0A9X1FRF3_9RHOB	130	0				
CMD-like	tr|A0A9X1FWT2|A0A9X1FWT2_9RHOB	151	0				
CMD-like	tr|A0A9X1IQ81|A0A9X1IQ81_9SPHN	184	0				
CMD-like	tr|A0A9X1IRF3|A0A9X1IRF3_9SPHN	126	0				
CMD-like	tr|A0A9X1IRU1|A0A9X1IRU1_9SPHN	191	0				
CMD-like	tr|A0A9X1IRW3|A0A9X1IRW3_9SPHN	183	0				
CMD-like	tr|A0A9X1KXQ7|A0A9X1KXQ7_9BACT	200	0				
CMD-like	tr|A0A9X1LS08|A0A9X1LS08_9MICO	137	0				
CMD-like	tr|A0A9X1MFG8|A0A9X1MFG8_9MICC	152	0				
CMD-like	tr|A0A9X1MH82|A0A9X1MH82_9BACT	122	0				
CMD-like	tr|A0A9X1MQM4|A0A9X1MQM4_9BACT	181	0				
CMD-like	tr|A0A9X1NKE4|A0A9X1NKE4_9ACTN	155	0				
CMD-like	tr|A0A9X1PV83|A0A9X1PV83_STRM4	170	0				
CMD-like	tr|A0A9X1QKK7|A0A9X1QKK7_9SPHN	136	0				
CMD-like	tr|A0A9X1RKK9|A0A9X1RKK9_9BURK	126	0				
CMD-like	tr|A0A9X1RKZ4|A0A9X1RKZ4_9BURK	191	0				
CMD-like	tr|A0A9X1S255|A0A9X1S255_9MICO	158	0				
CMD-like	tr|A0A9X1T2A7|A0A9X1T2A7_9HYPH	173	0				
CMD-like	tr|A0A9X1TW40|A0A9X1TW40_9SPHN	149	0				
CMD-like	tr|A0A9X1UFX1|A0A9X1UFX1_9BURK	178	0				
CMD-like	tr|A0A9X1VGH8|A0A9X1VGH8_9BACT	139	0				
CMD-like	tr|A0A9X1W2C9|A0A9X1W2C9_9GAMM	134	0				
CMD-like	tr|A0A9X1YG54|A0A9X1YG54_9BURK	175	0				
CMD-like	tr|A0A9X2BY00|A0A9X2BY00_9BURK	146	0				
CMD-like	tr|A0A9X2BYG4|A0A9X2BYG4_9BURK	150	0				
CMD-like	tr|A0A9X2DPB3|A0A9X2DPB3_9BACI	156	0				
CMD-like	tr|A0A9X2DVE6|A0A9X2DVE6_9MICO	138	0				
CMD-like	tr|A0A9X2E982|A0A9X2E982_9NOCA	190	0				
CMD-like	tr|A0A9X2ECC9|A0A9X2ECC9_9NOCA	148	0				
CMD-like	tr|A0A9X2EHB8|A0A9X2EHB8_9NOCA	184	0				
CMD-like	tr|A0A9X2EPU7|A0A9X2EPU7_9GAMM	180	0				
CMD-like	tr|A0A9X2F5S1|A0A9X2F5S1_9SPHI	156	0				
CMD-like	tr|A0A9X2FJX6|A0A9X2FJX6_9BACT	185	0				
CMD-like	tr|A0A9X2FS25|A0A9X2FS25_9RHOB	180	0				
CMD-like	tr|A0A9X2INP7|A0A9X2INP7_9BACI	125	0				
CMD-like	tr|A0A9X2J1E8|A0A9X2J1E8_9SPHN	146	0				
CMD-like	tr|A0A9X2MX50|A0A9X2MX50_9BACL	150	0				
CMD-like	tr|A0A9X2N8E1|A0A9X2N8E1_9PSEU	182	0				
CMD-like	tr|A0A9X2PCG4|A0A9X2PCG4_9HYPH	163	0				
CMD-like	tr|A0A9X2RIJ7|A0A9X2RIJ7_9PROT	161	0				
CMD-like	tr|A0A9X2RT71|A0A9X2RT71_STRMQ	197	0				
CMD-like	tr|A0A9X2VM51|A0A9X2VM51_9PSEU	150	0				
CMD-like	tr|A0A9X2VTA8|A0A9X2VTA8_9PSEU	178	0				
CMD-like	tr|A0A9X2XBL4|A0A9X2XBL4_9HYPH	153	0				
CMD-like	tr|A0A9X3AGJ9|A0A9X3AGJ9_9PSEU	188	0				
CMD-like	tr|A0A9X3BAN9|A0A9X3BAN9_9HYPH	147	0				
CMD-like	tr|A0A9X3BXX3|A0A9X3BXX3_9MYCO	185	0				
CMD-like	tr|A0A9X3J2B1|A0A9X3J2B1_9BACT	143	0				
CMD-like	tr|A0A9X3LTM0|A0A9X3LTM0_9CORY	161	0				
CMD-like	tr|A0A9X3MN59|A0A9X3MN59_9ACTN	156	0				
CMD-like	tr|A0A9X3MT76|A0A9X3MT76_9ACTN	155	0				
CMD-like	tr|A0A9X3MUC6|A0A9X3MUC6_9ACTN	158	0				
CMD-like	tr|A0A9X3MXT7|A0A9X3MXT7_9ACTN	197	0				
CMD-like	tr|A0A9X3MYR2|A0A9X3MYR2_9ACTN	196	0				
CMD-like	tr|A0A9X3N1E9|A0A9X3N1E9_9ACTN	127	0				
CMD-like	tr|A0A9X3N4V3|A0A9X3N4V3_9ACTN	182	0				
CMD-like	tr|A0A9X3N5V3|A0A9X3N5V3_9ACTN	154	0				
CMD-like	tr|A0A9X3NG34|A0A9X3NG34_9ACTN	180	0				
CMD-like	tr|A0A9X3NL41|A0A9X3NL41_9ACTN	143	0				
CMD-like	tr|A0A9X3P1C3|A0A9X3P1C3_9ACTN	154	0				
CMD-like	tr|A0A9X3P8G6|A0A9X3P8G6_9ACTN	129	0				
CMD-like	tr|A0A9X3RF56|A0A9X3RF56_9CORY	183	0				
CMD-like	tr|A0A9X3XBP2|A0A9X3XBP2_9BACT	152	0				
CMD-like	tr|A0A9X3ZH86|A0A9X3ZH86_9HYPH	147	0				
CMD-like	tr|A0A9X4BKI4|A0A9X4BKI4_9GAMM	180	0				
CMD-like	tr|A0A9X4L378|A0A9X4L378_9STAP	146	0				
CMD-like	tr|A0A9X4LL88|A0A9X4LL88_9BURK	149	0				
CMD-like	tr|A0A9X4M1K6|A0A9X4M1K6_9ACTN	178	0				
CMD-like	tr|A0A9X4QQ20|A0A9X4QQ20_9BACL	154	0				
CMD-like	tr|A0A9X4SCT2|A0A9X4SCT2_9BURK	134	0				
CMD-like	tr|A0A9X4YBH2|A0A9X4YBH2_9GAMM	175	0				
CMD-like	tr|A0A9X5HAW4|A0A9X5HAW4_9ACTN	202	0				
CMD-like	tr|A0A9X7JIY6|A0A9X7JIY6_9ACTN	164	0				
CMD-like	tr|A0A9X7VXH6|A0A9X7VXH6_9BACL	130	0				
CMD-like	tr|A0A9X7W2Y4|A0A9X7W2Y4_9BACL	123	0				
CMD-like	tr|A0A9X8D809|A0A9X8D809_9BURK	200	0				
CMD-like	tr|A0A9X9S369|A0A9X9S369_METOG	153	0				
CMD-like	tr|A0A9X9S5I4|A0A9X9S5I4_METOG	135	0				
CMD-like	tr|A0A9X9S5X3|A0A9X9S5X3_METOG	134	0				
CMD-like	tr|A0A9X9WVF7|A0A9X9WVF7_9PROT	144	0				
CMD-like	tr|A0A9X9X9Z1|A0A9X9X9Z1_9PROT	149	0				
CMD-like	tr|A0A9X9XH04|A0A9X9XH04_9PROT	182	0				
CMD-like	tr|A0A9Y2ILN8|A0A9Y2ILN8_9PSEU	160	0				
CMD-like	tr|A0A9Y2IQK6|A0A9Y2IQK6_9PSEU	151	0				
CMD-like	tr|A0AA35QV10|A0AA35QV10_GEOBA	129	0				
CMD-like	tr|A0AA35QYT0|A0AA35QYT0_GEOBA	130	0				
CMD-like	tr|A0AA35R544|A0AA35R544_GEOBA	195	0				
CMD-like	tr|A0AA35SWZ9|A0AA35SWZ9_GEOBA	187	0				
CMD-like	tr|A0AA35TGQ8|A0AA35TGQ8_GEOBA	157	0				
CMD-like	tr|A0AA35XEP1|A0AA35XEP1_GEOBA	124	0				
CMD-like	tr|A0AA36FNB4|A0AA36FNB4_9BILA	129	0				
CMD-like	tr|A0AA37NZI7|A0AA37NZI7_9PEZI	135	0				
CMD-like	tr|A0AA37UQS9|A0AA37UQS9_9MYCO	169	0				
CMD-like	tr|A0AA38W3L4|A0AA38W3L4_9PEZI	192	0				
CMD-like	tr|A0AA38YB83|A0AA38YB83_9EURO	201	0				
CMD-like	tr|A0AA39TJ93|A0AA39TJ93_9PEZI	205	0				
CMD-like	tr|A0AA40AID9|A0AA40AID9_9PEZI	150	0				
CMD-like	tr|A0AA40VPL0|A0AA40VPL0_9MICO	193	0				
CMD-like	tr|A0AA41PWA2|A0AA41PWA2_9ACTN	172	0				
CMD-like	tr|A0AA41Q677|A0AA41Q677_9ACTN	167	0				
CMD-like	tr|A0AA41QP58|A0AA41QP58_9HYPH	154	0				
CMD-like	tr|A0AA41R4R1|A0AA41R4R1_9BACT	178	0				
CMD-like	tr|A0AA41R8G5|A0AA41R8G5_9BACT	130	0				
CMD-like	tr|A0AA41U973|A0AA41U973_9MICO	138	0				
CMD-like	tr|A0AA41UDZ8|A0AA41UDZ8_9HYPH	157	0				
CMD-like	tr|A0AA41WC18|A0AA41WC18_9BACT	157	0				
CMD-like	tr|A0AA41YKT3|A0AA41YKT3_9PROT	131	0				
CMD-like	tr|A0AA41YSE5|A0AA41YSE5_9PROT	142	0				
CMD-like	tr|A0AA42CHN0|A0AA42CHN0_9PROT	143	0				
CMD-like	tr|A0AA42CP43|A0AA42CP43_9HYPH	180	0				
CMD-like	tr|A0AA43Q515|A0AA43Q515_9GAMM	129	0				
CMD-like	tr|A0AA43TM53|A0AA43TM53_9GAMM	130	0				
CMD-like	tr|A0AA44ICP5|A0AA44ICP5_STRE0	184	0				
CMD-like	tr|A0AA46ADS9|A0AA46ADS9_9AQUI	127	0				
CMD-like	tr|A0AA46TKE0|A0AA46TKE0_9ACTN	146	0				
CMD-like	tr|A0AA46TNC6|A0AA46TNC6_9ACTN	158	0				
CMD-like	tr|A0AA48W9C1|A0AA48W9C1_9BURK	144	0				
CMD-like	tr|A0AA51R2U6|A0AA51R2U6_9GAMM	188	0				
CMD-like	tr|A0AA52EFX5|A0AA52EFX5_9PROT	183	0				
CMD-like	tr|A0AA86JFT2|A0AA86JFT2_9BURK	134	0				
CMD-like	tr|A0AA86N2Q0|A0AA86N2Q0_9BACT	191	0				
CMD-like	tr|A0AA89BT60|A0AA89BT60_PINIB	135	0				
CMD-like	tr|A0AA91U3Q3|A0AA91U3Q3_9GAMM	151	0				
CMD-like	tr|A0AA96GMR7|A0AA96GMR7_9BACT	182	0				
CMD-like	tr|A0AA96J8K8|A0AA96J8K8_9MICO	184	0				
CMD-like	tr|A0AA96LBW6|A0AA96LBW6_9BACL	125	0				
CMD-like	tr|A0AA96V2R5|A0AA96V2R5_9EURY	132	0				
CMD-like	tr|A0AA97FAZ5|A0AA97FAZ5_9EURY	137	0				
CMD-like	tr|A0AA97FFR0|A0AA97FFR0_9MICO	153	0				
CMD-like	tr|A0AA97LZD8|A0AA97LZD8_9ACTN	205	0				
CMD-like	tr|A0AAC8Z073|A0AAC8Z073_SPHMC	124	0				
CMD-like	tr|A0AAC9AZG5|A0AAC9AZG5_SPHMC	175	0				
CMD-like	tr|A0AAC9AZH8|A0AAC9AZH8_SPHMC	184	0				
CMD-like	tr|A0AAD0NNT1|A0AAD0NNT1_9ACTN	150	0				
CMD-like	tr|A0AAD0RQF3|A0AAD0RQF3_9NEIS	134	0				
CMD-like	tr|A0AAD0RTW0|A0AAD0RTW0_9NEIS	177	0				
CMD-like	tr|A0AAD0RUU7|A0AAD0RUU7_9NEIS	142	0				
CMD-like	tr|A0AAD1FGP7|A0AAD1FGP7_METFU	146	0				
CMD-like	tr|A0AAD1HZF4|A0AAD1HZF4_9MYCO	191	0				
CMD-like	tr|A0AAD1IIM3|A0AAD1IIM3_9MYCO	192	0				
CMD-like	tr|A0AAD1MAN0|A0AAD1MAN0_9MYCO	132	0				
CMD-like	tr|A0AAD2AHT8|A0AAD2AHT8_9RALS	123	0				
CMD-like	tr|A0AAD2APU1|A0AAD2APU1_9RALS	187	0				
CMD-like	tr|A0AAD2EL46|A0AAD2EL46_9RALS	134	0				
CMD-like	tr|A0AAD3NEM4|A0AAD3NEM4_LATJO	151	0				
CMD-like	tr|A0AAD4PUX1|A0AAD4PUX1_9EURO	146	0				
CMD-like	tr|A0AAD4Y8U3|A0AAD4Y8U3_OVIAM	194	0				
CMD-like	tr|A0AAD5VNG4|A0AAD5VNG4_9AGAR	140	0				
CMD-like	tr|A0AAD6H116|A0AAD6H116_9EURO	149	0				
CMD-like	tr|A0AAD6HQ36|A0AAD6HQ36_9EURO	155	0				
CMD-like	tr|A0AAD6MVW3|A0AAD6MVW3_9EURO	124	0				
CMD-like	tr|A0AAD6NB66|A0AAD6NB66_PENCN	138	0				
CMD-like	tr|A0AAD7ECQ3|A0AAD7ECQ3_9AGAR	190	0				
CMD-like	tr|A0AAD8VAS6|A0AAD8VAS6_9PEZI	151	0				
CMD-like	tr|A0AAD9SYG3|A0AAD9SYG3_9HELO	205	0				
CMD-like	tr|A0AAE0DQ97|A0AAE0DQ97_9LECA	206	0				
CMD-like	tr|A0AAE0HU25|A0AAE0HU25_9PEZI	161	0				
CMD-like	tr|A0AAE0WKJ6|A0AAE0WKJ6_9PEZI	186	0				
CMD-like	tr|A0AAE2VZ66|A0AAE2VZ66_9RHOB	185	0				
CMD-like	tr|A0AAE3G901|A0AAE3G901_9GAMM	173	0				
CMD-like	tr|A0AAE3HIC7|A0AAE3HIC7_9GAMM	122	0				
CMD-like	tr|A0AAE3HUS3|A0AAE3HUS3_9GAMM	183	0				
CMD-like	tr|A0AAE3K8Q2|A0AAE3K8Q2_9EURY	181	0				
CMD-like	tr|A0AAE3KIB8|A0AAE3KIB8_9GAMM	127	0				
CMD-like	tr|A0AAE3L164|A0AAE3L164_9GAMM	207	0				
CMD-like	tr|A0AAE3P4Q9|A0AAE3P4Q9_9BACT	147	0				
CMD-like	tr|A0AAE3T0X4|A0AAE3T0X4_9BURK	159	0				
CMD-like	tr|A0AAE3U506|A0AAE3U506_9HYPH	124	0				
CMD-like	tr|A0AAE3VJ39|A0AAE3VJ39_9BACT	136	0				
CMD-like	tr|A0AAE3W994|A0AAE3W994_9RHOB	147	0				
CMD-like	tr|A0AAE3ZDR2|A0AAE3ZDR2_9ACTN	131	0				
CMD-like	tr|A0AAE3ZIP9|A0AAE3ZIP9_9ACTN	130	0				
CMD-like	tr|A0AAE4SB96|A0AAE4SB96_9EURY	136	0				
CMD-like	tr|A0AAE4Y960|A0AAE4Y960_9RHOB	135	0				
CMD-like	tr|A0AAE5WX93|A0AAE5WX93_9BRAD	176	0				
CMD-like	tr|A0AAE6ZD28|A0AAE6ZD28_9BACT	153	0				
CMD-like	tr|A0AAE9I7L7|A0AAE9I7L7_9BURK	184	0				
CMD-like	tr|A0AAE9YTX0|A0AAE9YTX0_9GAMM	157	0				
CMD-like	tr|A0AAF0BW22|A0AAF0BW22_9ACTN	189	0				
CMD-like	tr|A0AAF1K0I1|A0AAF1K0I1_9PROT	131	0				
CMD-like	tr|A0AAF1KHP5|A0AAF1KHP5_9PROT	179	0				
CMD-like	tr|A0AAF1KWT6|A0AAF1KWT6_9HYPH	185	0				
CMD-like	tr|A0AAI8MK05|A0AAI8MK05_9BRAD	133	0				
CMD-like	tr|A0AAI9TBP1|A0AAI9TBP1_PENTH	187	0				
CMD-like	tr|A0AAI9U2W3|A0AAI9U2W3_9PEZI	195	0				
CMD-like	tr|A0AAI9XPV3|A0AAI9XPV3_9PEZI	138	0				
CMD-like	tr|A0AAJ0BNM0|A0AAJ0BNM0_9PEZI	148	0				
CMD-like	tr|A0AAJ0LUX7|A0AAJ0LUX7_9PEZI	198	0				
CMD-like	tr|A0AAJ0XHA1|A0AAJ0XHA1_HALSE	186	0				
CMD-like	tr|A0AAJ1T2L3|A0AAJ1T2L3_9BACI	131	0				
CMD-like	tr|A0AAJ1WC48|A0AAJ1WC48_9MICC	137	0				
CMD-like	tr|A0AAJ2N2S1|A0AAJ2N2S1_9BACL	130	0				
CMD-like	tr|A0AAJ2W103|A0AAJ2W103_9FLAO	143	0				
CMD-like	tr|A0AAJ3DK05|A0AAJ3DK05_9ACTN	135	0				
CMD-like	tr|A0AAJ3HT04|A0AAJ3HT04_PROHU	143	0				
CMD-like	tr|A0AAJ3TWS7|A0AAJ3TWS7_9MYCO	131	0				
CMD-like	tr|A0AAJ5F3B4|A0AAJ5F3B4_9DEIO	129	0				
CMD-like	tr|A0AAJ6I0S9|A0AAJ6I0S9_9ACTN	179	0				
CMD-like	tr|A0AAJ6IAC9|A0AAJ6IAC9_ACIJO	149	0				
CMD-like	tr|A0AAJ6L3U9|A0AAJ6L3U9_9ACTN	198	0				
CMD-like	tr|A0AAJ6NPK2|A0AAJ6NPK2_9CYAN	152	0				
CMD-like	tr|A0AAN1XWK3|A0AAN1XWK3_UNVUL	129	0				
CMD-like	tr|A0AAN6IEC0|A0AAN6IEC0_9EURO	145	0				
CMD-like	tr|A0AAN6QQD0|A0AAN6QQD0_9PEZI	178	0				
CMD-like	tr|A0AAN6T841|A0AAN6T841_9PEZI	189	0				
CMD-like	tr|A0AAN7HGH5|A0AAN7HGH5_9PEZI	149	0				
CMD-like	tr|A0AAN7TDL4|A0AAN7TDL4_9PEZI	161	0				
CMD-like	tr|A0AAN8RJ98|A0AAN8RJ98_9PEZI	204	0				
CMD-like	tr|A0AAN9UKK7|A0AAN9UKK7_9PEZI	128	0				
CMD-like	tr|A0AAN9USR0|A0AAN9USR0_9PEZI	204	0				
CMD-like	tr|A0AAP2CKW3|A0AAP2CKW3_9RHOB	137	0				
CMD-like	tr|A0AAP2D6K4|A0AAP2D6K4_9BACT	144	0				
CMD-like	tr|A0AAP2DFT7|A0AAP2DFT7_9BACT	152	0				
CMD-like	tr|A0AAP2DHA0|A0AAP2DHA0_9BACT	155	0				
CMD-like	tr|A0AAP2DVH7|A0AAP2DVH7_9BACT	146	0				
CMD-like	tr|A0AAP2GG11|A0AAP2GG11_9BACT	146	0				
CMD-like	tr|A0AAP2W6A1|A0AAP2W6A1_9EURY	129	0				
CMD-like	tr|A0AAP3XQG8|A0AAP3XQG8_9PROT	157	0				
CMD-like	tr|A0AAP3XQX2|A0AAP3XQX2_9PROT	125	0				
CMD-like	tr|A0AAP5BJT7|A0AAP5BJT7_9BURK	172	0				
CMD-like	tr|A0AAP5EW74|A0AAP5EW74_9BURK	145	0				
CMD-like	tr|A0AAP6EIX5|A0AAP6EIX5_9ACTN	163	0				
CMD-like	tr|A0AAQ0BSS4|A0AAQ0BSS4_BURGL	130	0				
CMD-like	tr|A0AAQ1HN54|A0AAQ1HN54_9PSED	182	0				
CMD-like	tr|A0AAQ3L9V4|A0AAQ3L9V4_9BACT	180	0				
CMD-like	tr|A0AAT9HK51|A0AAT9HK51_9ACTN	157	0				
CMD-like	tr|A0AAU6WVH3|A0AAU6WVH3_9FLAO	147	0				
CMD-like	tr|A0AAU7CSS9|A0AAU7CSS9_9BACT	124	0				
CMD-like	tr|A0AAU7DC14|A0AAU7DC14_9BACT	154	0				
CMD-like	tr|A0AAU7XDM2|A0AAU7XDM2_9HYPH	183	0				
CMD-like	tr|A0AAU7ZMW5|A0AAU7ZMW5_9BACT	180	0				
CMD-like	tr|A0AAU8IK12|A0AAU8IK12_9ACTN	139	0				
CMD-like	tr|A0AAU8J1F8|A0AAU8J1F8_9ACTN	152	0				
CMD-like	tr|A0AAU8JPR2|A0AAU8JPR2_9ACTN	120	0				
CMD-like	tr|A0AAU8JYA1|A0AAU8JYA1_9ACTN	129	0				
CMD-like	tr|A0AAU8JYE2|A0AAU8JYE2_9ACTN	158	0				
CMD-like	tr|A0AAU8P6L7|A0AAU8P6L7_EDWPI	194	0				
CMD-like	tr|A0AAU9CFR6|A0AAU9CFR6_9GAMM	120	0				
CMD-like	tr|A0AAU9CIQ7|A0AAU9CIQ7_9BACT	195	0				
CMD-like	tr|A0AAU9CL57|A0AAU9CL57_9BACT	144	0				
CMD-like	tr|A0AAU9E5G5|A0AAU9E5G5_9FIRM	120	0				
CMD-like	tr|A0AAU9ETD9|A0AAU9ETD9_9FIRM	121	0				
CMD-like	tr|A0AAV2MJG1|A0AAV2MJG1_KNICA	193	0				
CMD-like	tr|A0AAV3SY87|A0AAV3SY87_9EURY	184	0				
CMD-like	tr|A0AAV3U733|A0AAV3U733_9ALTE	184	0				
CMD-like	tr|A0AAV3U926|A0AAV3U926_9ALTE	163	0				
CMD-like	tr|A0AAV3U9L2|A0AAV3U9L2_9ALTE	128	0				
CMD-like	tr|A0AAV3U9R2|A0AAV3U9R2_9ALTE	138	0				
CMD-like	tr|A0AAV4ZNS2|A0AAV4ZNS2_9HYPH	142	0				
CMD-like	tr|A0AAV4ZVL9|A0AAV4ZVL9_9HYPH	183	0				
CMD-like	tr|A0AAV5ANN2|A0AAV5ANN2_9AGAM	138	0				
CMD-like	tr|A0AAV5G5E4|A0AAV5G5E4_9BASI	129	0				
CMD-like	tr|A0AAV7DCW7|A0AAV7DCW7_ENGPU	175	0				
CMD-like	tr|A0AAV9I3L6|A0AAV9I3L6_9RHOD	184	0				
CMD-like	tr|A0AAV9J9V6|A0AAV9J9V6_9PEZI	185	0				
CMD-like	tr|A0AAV9N1R1|A0AAV9N1R1_9EURO	164	0				
CMD-like	tr|A0AAV9PE22|A0AAV9PE22_9PEZI	184	0				
CMD-like	tr|A0AAV9Q2W7|A0AAV9Q2W7_9PEZI	200	0				
CMD-like	tr|A0AAV9QFF1|A0AAV9QFF1_9PEZI	166	0				
CMD-like	tr|A0AAV9TG80|A0AAV9TG80_9PEZI	153	0				
CMD-like	tr|A0AAV9V2I3|A0AAV9V2I3_9PEZI	195	0				
CMD-like	tr|A0AAV9WXM3|A0AAV9WXM3_9PEZI	206	0				
CMD-like	tr|A0AAV9X3J0|A0AAV9X3J0_9PEZI	172	0				
CMD-like	tr|A0AAW0DZX1|A0AAW0DZX1_9AGAR	189	0				
CMD-like	tr|A0AAW3ZRX1|A0AAW3ZRX1_9GAMM	197	0				
CMD-like	tr|A0AAW4FDH8|A0AAW4FDH8_9HYPH	154	0				
CMD-like	tr|A0AAW4FMZ6|A0AAW4FMZ6_9HYPH	159	0				
CMD-like	tr|A0AAW4XR35|A0AAW4XR35_9BURK	129	0				
CMD-like	tr|A0AAW5R1X1|A0AAW5R1X1_9HYPH	129	0				
CMD-like	tr|A0AAW5SM22|A0AAW5SM22_MYCNV	192	0				
CMD-like	tr|A0AAW6RRQ7|A0AAW6RRQ7_9BURK	120	0				
CMD-like	tr|A0AAW6T504|A0AAW6T504_9MICO	153	0				
CMD-like	tr|A0AAW6TDZ6|A0AAW6TDZ6_9MICO	131	0				
CMD-like	tr|A0AAW6U1J3|A0AAW6U1J3_9BACT	191	0				
CMD-like	tr|A0AAW8B817|A0AAW8B817_9GAMM	189	0				
CMD-like	tr|A0AAW9HQW5|A0AAW9HQW5_9ACTO	155	0				
CMD-like	tr|A0AAW9Q7X0|A0AAW9Q7X0_9BURK	191	0				
CMD-like	tr|A0AAW9REE2|A0AAW9REE2_9HYPH	196	0				
CMD-like	tr|A0AAW9RF34|A0AAW9RF34_9HYPH	133	0				
CMD-like	tr|A0AAW9RGI7|A0AAW9RGI7_9GAMM	183	0				
CMD-like	tr|A0AAW9RI37|A0AAW9RI37_9GAMM	186	0				
CMD-like	tr|A0AAW9RQ08|A0AAW9RQ08_9HYPH	205	0				
CMD-like	tr|A0AAW9RU56|A0AAW9RU56_9HYPH	198	0				
CMD-like	tr|A0AAW9RVZ3|A0AAW9RVZ3_9HYPH	143	0				
CMD-like	tr|A0AAW9RZ97|A0AAW9RZ97_9HYPH	130	0				
CMD-like	tr|A0AAW9S4H6|A0AAW9S4H6_9RHOB	146	0				
CMD-like	tr|A0AAW9S5Q7|A0AAW9S5Q7_9BACT	183	0				
CMD-like	tr|A0AAX0YX73|A0AAX0YX73_9GAMM	178	0				
CMD-like	tr|A0AAX3LAE5|A0AAX3LAE5_9ENTR	161	0				
CMD-like	tr|A0AAX3TCN7|A0AAX3TCN7_9ACTN	169	0				
CMD-like	tr|A0AAX3Y5N3|A0AAX3Y5N3_RHOOP	135	0				
CMD-like	tr|A0AAX4FSQ1|A0AAX4FSQ1_9EURY	138	0				
CMD-like	tr|A0AAX4HP09|A0AAX4HP09_9BACT	158	0				
CMD-like	tr|A0AAX4HUK5|A0AAX4HUK5_9BACT	156	0				
CMD-like	tr|A0AAX4IAU5|A0AAX4IAU5_9PEZI	197	0				
CMD-like	tr|A0AB35FZ74|A0AB35FZ74_LEUGE	121	0				
CMD-like	tr|A0AB35U1A2|A0AB35U1A2_9FIRM	152	0				
CMD-like	tr|A0AB39L2H1|A0AB39L2H1_9MICC	159	0				
CMD-like	tr|A0AB39L3R3|A0AB39L3R3_9MICC	182	0				
CMD-like	tr|A0ABD0WR14|A0ABD0WR14_UMBPY	185	0				
CMD-like	tr|A0ABD4TKU8|A0ABD4TKU8_9EURY	134	0				
CMD-like	tr|A0ABD5M7A0|A0ABD5M7A0_9EURY	140	0				
CMD-like	tr|A0ABD5PIW9|A0ABD5PIW9_9EURY	190	0				
CMD-like	tr|A0ABD5SR21|A0ABD5SR21_9EURY	189	0				
CMD-like	tr|A0ABD5SX79|A0ABD5SX79_9EURY	185	0				
CMD-like	tr|A0ABD5SY74|A0ABD5SY74_9EURY	128	0				
CMD-like	tr|A0ABD5UIC1|A0ABD5UIC1_9EURY	165	0				
CMD-like	tr|A0ABD5VE46|A0ABD5VE46_9EURY	121	0				
CMD-like	tr|A0ABD5VEQ3|A0ABD5VEQ3_9EURY	139	0				
CMD-like	tr|A0ABD5WPW8|A0ABD5WPW8_9EURY	180	0				
CMD-like	tr|A0ABD5XT14|A0ABD5XT14_9EURY	132	0				
CMD-like	tr|A0ABD5XXE2|A0ABD5XXE2_9EURY	201	1	48-102	1.54e-11	144-198	1.57e-08
CMD-like	tr|A0ABD5YSE0|A0ABD5YSE0_9EURY	197	0				
CMD-like	tr|A0ABD6A299|A0ABD6A299_9EURY	184	0				
CMD-like	tr|A0ABD6A640|A0ABD6A640_9EURY	195	0				
CMD-like	tr|A0ABD6AEE3|A0ABD6AEE3_9EURY	193	0				
CMD-like	tr|A0ABD6AEY1|A0ABD6AEY1_9EURY	193	0				
CMD-like	tr|A0ABD6BK45|A0ABD6BK45_9EURY	191	0				
CMD-like	tr|A0ABD6CAL3|A0ABD6CAL3_9EURY	148	0				
CMD-like	tr|A0ABD6DA22|A0ABD6DA22_9EURY	181	0				
CMD-like	tr|A0ABD6H229|A0ABD6H229_AGRVI	182	0				
CMD-like	tr|A0ABD7IS40|A0ABD7IS40_LACPE	126	0				
CMD-like	tr|A0ABM5QNY1|A0ABM5QNY1_9CORY	158	0				
CMD-like	tr|A0ABM6H319|A0ABM6H319_9ACTN	153	0				
CMD-like	tr|A0ABM6R0R6|A0ABM6R0R6_PSEO1	189	0				
CMD-like	tr|A0ABM6XXJ5|A0ABM6XXJ5_9PROT	182	0				
CMD-like	tr|A0ABM7IPA3|A0ABM7IPA3_9MYCO	205	0				
CMD-like	tr|A0ABM7XYJ7|A0ABM7XYJ7_9PROT	193	0				
CMD-like	tr|A0ABM8BFB9|A0ABM8BFB9_9LACO	124	0				
CMD-like	tr|A0ABM8D7Q9|A0ABM8D7Q9_9NOCA	186	0				
CMD-like	tr|A0ABM8FT20|A0ABM8FT20_9MICO	137	0				
CMD-like	tr|A0ABM8H819|A0ABM8H819_9MICO	182	0				
CMD-like	tr|A0ABM8KY56|A0ABM8KY56_9BURK	164	0				
CMD-like	tr|A0ABM8LC20|A0ABM8LC20_9BURK	176	0				
CMD-like	tr|A0ABM8NV32|A0ABM8NV32_9BURK	152	0				
CMD-like	tr|A0ABM8T210|A0ABM8T210_9BURK	125	0				
CMD-like	tr|A0ABM8TQW2|A0ABM8TQW2_9BURK	159	0				
CMD-like	tr|A0ABM8TRN6|A0ABM8TRN6_9BURK	138	0				
CMD-like	tr|A0ABM8WB05|A0ABM8WB05_9BURK	144	0				
CMD-like	tr|A0ABM8WIF7|A0ABM8WIF7_9BURK	181	0				
CMD-like	tr|A0ABM8X1R9|A0ABM8X1R9_9BURK	150	0				
CMD-like	tr|A0ABM8XSK4|A0ABM8XSK4_9BURK	126	0				
CMD-like	tr|A0ABM8Y1Y0|A0ABM8Y1Y0_9BURK	180	0				
CMD-like	tr|A0ABM8ZB29|A0ABM8ZB29_9LACO	148	0				
CMD-like	tr|A0ABM9GZB0|A0ABM9GZB0_STRGL	158	0				
CMD-like	tr|A0ABM9ILC6|A0ABM9ILC6_RALPI	196	0				
CMD-like	tr|A0ABM9IME6|A0ABM9IME6_RALPI	189	0				
CMD-like	tr|A0ABM9JEZ8|A0ABM9JEZ8_9RALS	164	0				
CMD-like	tr|A0ABM9L8N8|A0ABM9L8N8_9MYCO	154	0				
CMD-like	tr|A0ABM9M852|A0ABM9M852_9MYCO	154	0				
CMD-like	tr|A0ABM9MBG6|A0ABM9MBG6_9MYCO	126	0				
CMD-like	tr|A0ABN0A3N2|A0ABN0A3N2_9FIRM	134	0				
CMD-like	tr|A0ABN0F775|A0ABN0F775_9BURK	139	0				
CMD-like	tr|A0ABN0G9V7|A0ABN0G9V7_9BURK	138	0				
CMD-like	tr|A0ABN0IJ11|A0ABN0IJ11_9FIRM	126	0				
CMD-like	tr|A0ABN0RZ33|A0ABN0RZ33_9BORD	138	0				
CMD-like	tr|A0ABN0S3K7|A0ABN0S3K7_9BORD	129	0				
CMD-like	tr|A0ABN0S7K9|A0ABN0S7K9_9GAMM	132	0				
CMD-like	tr|A0ABN0U2D0|A0ABN0U2D0_9ACTN	125	0				
CMD-like	tr|A0ABN0WXL3|A0ABN0WXL3_9ALTE	125	0				
CMD-like	tr|A0ABN0X2H5|A0ABN0X2H5_9ACTN	125	0				
CMD-like	tr|A0ABN0XBH5|A0ABN0XBH5_9ACTN	197	0				
CMD-like	tr|A0ABN0XLI5|A0ABN0XLI5_9ACTN	124	0				
CMD-like	tr|A0ABN0ZIH4|A0ABN0ZIH4_9ACTN	148	0				
CMD-like	tr|A0ABN0ZUG3|A0ABN0ZUG3_9BACI	124	0				
CMD-like	tr|A0ABN1A090|A0ABN1A090_9SPHN	183	0				
CMD-like	tr|A0ABN1AXY2|A0ABN1AXY2_9SPHN	197	0				
CMD-like	tr|A0ABN1BJ74|A0ABN1BJ74_9DEIO	156	0				
CMD-like	tr|A0ABN1CBD5|A0ABN1CBD5_9BURK	134	0				
CMD-like	tr|A0ABN1CQC1|A0ABN1CQC1_9BURK	125	0				
CMD-like	tr|A0ABN1EYR8|A0ABN1EYR8_9ACTN	155	0				
CMD-like	tr|A0ABN1EYV0|A0ABN1EYV0_9ACTN	153	0				
CMD-like	tr|A0ABN1EYX4|A0ABN1EYX4_9ACTN	152	0				
CMD-like	tr|A0ABN1F6E2|A0ABN1F6E2_9PROT	130	0				
CMD-like	tr|A0ABN1FEB5|A0ABN1FEB5_9PROT	196	0				
CMD-like	tr|A0ABN1FNA0|A0ABN1FNA0_9PROT	158	0				
CMD-like	tr|A0ABN1NDX5|A0ABN1NDX5_9PSEU	170	0				
CMD-like	tr|A0ABN1PUK4|A0ABN1PUK4_9PSEU	161	0				
CMD-like	tr|A0ABN1Q4Z3|A0ABN1Q4Z3_9PSEU	197	0				
CMD-like	tr|A0ABN1QMA0|A0ABN1QMA0_9ACTN	137	0				
CMD-like	tr|A0ABN1RQ43|A0ABN1RQ43_9ACTN	141	0				
CMD-like	tr|A0ABN1T1D0|A0ABN1T1D0_9ACTN	133	0				
CMD-like	tr|A0ABN1TLG4|A0ABN1TLG4_9ACTN	178	0				
CMD-like	tr|A0ABN1TTP0|A0ABN1TTP0_9ACTN	194	0				
CMD-like	tr|A0ABN1TWJ5|A0ABN1TWJ5_9ACTN	155	0				
CMD-like	tr|A0ABN1VGR1|A0ABN1VGR1_9PSEU	143	0				
CMD-like	tr|A0ABN1W1P8|A0ABN1W1P8_9PSEU	166	0				
CMD-like	tr|A0ABN1WUJ8|A0ABN1WUJ8_9ACTN	180	0				
CMD-like	tr|A0ABN1X3K5|A0ABN1X3K5_9ACTN	198	0				
CMD-like	tr|A0ABN1YIA7|A0ABN1YIA7_9ACTN	197	0				
CMD-like	tr|A0ABN1ZXR9|A0ABN1ZXR9_9ACTN	159	0				
CMD-like	tr|A0ABN1ZY94|A0ABN1ZY94_9ACTN	199	0				
CMD-like	tr|A0ABN2A8B1|A0ABN2A8B1_9ACTN	132	0				
CMD-like	tr|A0ABN2ABK1|A0ABN2ABK1_9ACTN	160	0				
CMD-like	tr|A0ABN2AGC9|A0ABN2AGC9_9ACTN	197	0				
CMD-like	tr|A0ABN2ALV7|A0ABN2ALV7_9ACTN	210	0				
CMD-like	tr|A0ABN2BAH3|A0ABN2BAH3_9MICO	155	0				
CMD-like	tr|A0ABN2BQ17|A0ABN2BQ17_9ACTN	207	0				
CMD-like	tr|A0ABN2BVW7|A0ABN2BVW7_9ACTN	194	0				
CMD-like	tr|A0ABN2C0P8|A0ABN2C0P8_9MICO	183	0				
CMD-like	tr|A0ABN2CWS2|A0ABN2CWS2_9ACTN	169	0				
CMD-like	tr|A0ABN2DMW4|A0ABN2DMW4_9ACTN	176	0				
CMD-like	tr|A0ABN2DP30|A0ABN2DP30_9ACTN	183	0				
CMD-like	tr|A0ABN2ET31|A0ABN2ET31_9ACTN	175	0				
CMD-like	tr|A0ABN2F6U6|A0ABN2F6U6_9ACTN	191	0				
CMD-like	tr|A0ABN2HVC4|A0ABN2HVC4_9ACTN	153	0				
CMD-like	tr|A0ABN2JA56|A0ABN2JA56_9MICO	176	0				
CMD-like	tr|A0ABN2JCG3|A0ABN2JCG3_9MICO	209	0				
CMD-like	tr|A0ABN2MH14|A0ABN2MH14_9PSEU	128	0				
CMD-like	tr|A0ABN2N4Y7|A0ABN2N4Y7_9MICO	194	0				
CMD-like	tr|A0ABN2NIP4|A0ABN2NIP4_9MICO	150	0				
CMD-like	tr|A0ABN2NJ55|A0ABN2NJ55_9PSEU	150	0				
CMD-like	tr|A0ABN2P4P4|A0ABN2P4P4_9ACTN	143	0				
CMD-like	tr|A0ABN2PC67|A0ABN2PC67_9MICO	132	0				
CMD-like	tr|A0ABN2QZ20|A0ABN2QZ20_9MICO	193	0				
CMD-like	tr|A0ABN2R5W0|A0ABN2R5W0_9ACTN	197	0				
CMD-like	tr|A0ABN2RA60|A0ABN2RA60_9MICO	127	0				
CMD-like	tr|A0ABN2RV76|A0ABN2RV76_9ACTN	178	0				
CMD-like	tr|A0ABN2TPR1|A0ABN2TPR1_9ACTN	150	0				
CMD-like	tr|A0ABN2US87|A0ABN2US87_9MICO	199	0				
CMD-like	tr|A0ABN2WN17|A0ABN2WN17_9ACTN	203	0				
CMD-like	tr|A0ABN2YF16|A0ABN2YF16_9ACTN	163	0				
CMD-like	tr|A0ABN2ZBS7|A0ABN2ZBS7_9ACTN	151	0				
CMD-like	tr|A0ABN3CGD2|A0ABN3CGD2_9ACTN	209	0				
CMD-like	tr|A0ABN3D0H9|A0ABN3D0H9_9ACTN	159	0				
CMD-like	tr|A0ABN3DC86|A0ABN3DC86_9ACTN	150	0				
CMD-like	tr|A0ABN3FAK8|A0ABN3FAK8_9ACTN	210	0				
CMD-like	tr|A0ABN3FK36|A0ABN3FK36_9ACTN	160	0				
CMD-like	tr|A0ABN3FM47|A0ABN3FM47_9ACTN	161	0				
CMD-like	tr|A0ABN3IFZ9|A0ABN3IFZ9_9ACTN	122	0				
CMD-like	tr|A0ABN3JKB4|A0ABN3JKB4_9ACTN	166	0				
CMD-like	tr|A0ABN3KBL5|A0ABN3KBL5_9ACTN	148	0				
CMD-like	tr|A0ABN3KRD6|A0ABN3KRD6_9MICO	184	0				
CMD-like	tr|A0ABN3M9U1|A0ABN3M9U1_9ACTN	157	0				
CMD-like	tr|A0ABN3MII3|A0ABN3MII3_9ACTN	184	0				
CMD-like	tr|A0ABN3P5C0|A0ABN3P5C0_9MICO	158	0				
CMD-like	tr|A0ABN3RBY4|A0ABN3RBY4_9ACTN	157	0				
CMD-like	tr|A0ABN3RPY7|A0ABN3RPY7_9ACTN	199	0				
CMD-like	tr|A0ABN3RZI1|A0ABN3RZI1_9ACTN	167	0				
CMD-like	tr|A0ABN3S6C5|A0ABN3S6C5_9ACTN	150	0				
CMD-like	tr|A0ABN3TV35|A0ABN3TV35_9ACTN	126	0				
CMD-like	tr|A0ABN3U2H6|A0ABN3U2H6_9ACTN	145	0				
CMD-like	tr|A0ABN3V6I9|A0ABN3V6I9_9PSEU	153	0				
CMD-like	tr|A0ABN3VNW8|A0ABN3VNW8_9PSEU	142	0				
CMD-like	tr|A0ABN3WKI8|A0ABN3WKI8_STRTU	201	0				
CMD-like	tr|A0ABN3XNM1|A0ABN3XNM1_9ACTN	127	0				
CMD-like	tr|A0ABN4A5C3|A0ABN4A5C3_GEOTH	122	0				
CMD-like	tr|A0ABN4PXW5|A0ABN4PXW5_YERET	185	0				
CMD-like	tr|A0ABN4TD65|A0ABN4TD65_9BURK	150	0				
CMD-like	tr|A0ABN4YR46|A0ABN4YR46_SPOUR	126	0				
CMD-like	tr|A0ABN5FFA1|A0ABN5FFA1_9PROT	178	0				
CMD-like	tr|A0ABN5GJ33|A0ABN5GJ33_9RHOB	157	0				
CMD-like	tr|A0ABN5GQI8|A0ABN5GQI8_9RHOB	141	0				
CMD-like	tr|A0ABN5J8Q7|A0ABN5J8Q7_FUSMR	205	0				
CMD-like	tr|A0ABN5LZW4|A0ABN5LZW4_9DEIN	133	0				
CMD-like	tr|A0ABN5WJ37|A0ABN5WJ37_9SPHN	128	0				
CMD-like	tr|A0ABN5WWQ7|A0ABN5WWQ7_9GAMM	143	0				
CMD-like	tr|A0ABN5XXR0|A0ABN5XXR0_MYCME	185	0				
CMD-like	tr|A0ABN5YSX7|A0ABN5YSX7_9MYCO	176	0				
CMD-like	tr|A0ABN6IUQ7|A0ABN6IUQ7_9CLOT	123	0				
CMD-like	tr|A0ABN6KAN1|A0ABN6KAN1_9LEPT	144	0				
CMD-like	tr|A0ABN6U5J1|A0ABN6U5J1_9NOCA	134	0				
CMD-like	tr|A0ABN7HWJ3|A0ABN7HWJ3_9BURK	158	0				
CMD-like	tr|A0ABN7Y0L3|A0ABN7Y0L3_9BURK	148	0				
CMD-like	tr|A0ABN7YM40|A0ABN7YM40_9BURK	153	0				
CMD-like	tr|A0ABN8A7T2|A0ABN8A7T2_9BACI	189	0				
CMD-like	tr|A0ABN8E5D7|A0ABN8E5D7_9VIBR	124	0				
CMD-like	tr|A0ABN8JTR8|A0ABN8JTR8_9HYPH	194	0				
CMD-like	tr|A0ABN9GCN8|A0ABN9GCN8_9NEOB	174	0				
CMD-like	tr|A0ABN9JJI9|A0ABN9JJI9_9RALS	150	0				
CMD-like	tr|A0ABN9JVX0|A0ABN9JVX0_9RALS	144	0				
CMD-like	tr|A0ABP0AZ17|A0ABP0AZ17_9PEZI	194	0				
CMD-like	tr|A0ABP0BEN7|A0ABP0BEN7_9PEZI	184	0				
CMD-like	tr|A0ABP0CPA0|A0ABP0CPA0_9PEZI	201	0				
CMD-like	tr|A0ABP0CTV7|A0ABP0CTV7_9PEZI	199	1	72-103	0.000166	153-180	0.000176
CMD-like	tr|A0ABP0D135|A0ABP0D135_9PEZI	140	0				
CMD-like	tr|A0ABP0D5U7|A0ABP0D5U7_9PEZI	125	0				
CMD-like	tr|A0ABP2YY36|A0ABP2YY36_STASI	146	0				
CMD-like	tr|A0ABP3D2F7|A0ABP3D2F7_9PSEU	138	0				
CMD-like	tr|A0ABP3JVJ6|A0ABP3JVJ6_9SPHN	151	0				
CMD-like	tr|A0ABP3KZ74|A0ABP3KZ74_9ACTN	161	0				
CMD-like	tr|A0ABP3QBE1|A0ABP3QBE1_9PROT	120	0				
CMD-like	tr|A0ABP3QCK9|A0ABP3QCK9_9ACTN	156	0				
CMD-like	tr|A0ABP3QH14|A0ABP3QH14_9HYPH	151	0				
CMD-like	tr|A0ABP3SAK7|A0ABP3SAK7_9ACTN	170	0				
CMD-like	tr|A0ABP3VI67|A0ABP3VI67_9FLAO	181	0				
CMD-like	tr|A0ABP3VWH6|A0ABP3VWH6_9BURK	134	0				
CMD-like	tr|A0ABP4ABX6|A0ABP4ABX6_9ACTN	181	0				
CMD-like	tr|A0ABP4AI25|A0ABP4AI25_9ACTN	191	0				
CMD-like	tr|A0ABP4AIT8|A0ABP4AIT8_9PSEU	179	0				
CMD-like	tr|A0ABP4AXT9|A0ABP4AXT9_9PSEU	162	0				
CMD-like	tr|A0ABP4AYZ4|A0ABP4AYZ4_9ACTN	174	0				
CMD-like	tr|A0ABP4B270|A0ABP4B270_9ACTN	149	0				
CMD-like	tr|A0ABP4BU38|A0ABP4BU38_9ACTN	202	0				
CMD-like	tr|A0ABP4BXQ9|A0ABP4BXQ9_9ACTN	129	0				
CMD-like	tr|A0ABP4G7F2|A0ABP4G7F2_9MICO	137	0				
CMD-like	tr|A0ABP4IB32|A0ABP4IB32_9PSEU	157	0				
CMD-like	tr|A0ABP4PFC4|A0ABP4PFC4_9ACTN	147	0				
CMD-like	tr|A0ABP4PNH4|A0ABP4PNH4_9ACTN	157	0				
CMD-like	tr|A0ABP4UFU2|A0ABP4UFU2_9ACTN	153	0				
CMD-like	tr|A0ABP4VRY4|A0ABP4VRY4_9ACTN	177	0				
CMD-like	tr|A0ABP5DWK0|A0ABP5DWK0_9MICO	194	0				
CMD-like	tr|A0ABP5ER04|A0ABP5ER04_9MICO	165	0				
CMD-like	tr|A0ABP5ERQ9|A0ABP5ERQ9_9ACTN	152	0				
CMD-like	tr|A0ABP5H271|A0ABP5H271_9ACTN	183	0				
CMD-like	tr|A0ABP5H8T0|A0ABP5H8T0_9ACTN	150	0				
CMD-like	tr|A0ABP5HJL5|A0ABP5HJL5_9ACTN	155	0				
CMD-like	tr|A0ABP5HY45|A0ABP5HY45_9ACTN	205	0				
CMD-like	tr|A0ABP5L8L4|A0ABP5L8L4_9ACTN	159	0				
CMD-like	tr|A0ABP5LIC1|A0ABP5LIC1_9ACTN	133	0				
CMD-like	tr|A0ABP5MSQ2|A0ABP5MSQ2_9MICO	189	0				
CMD-like	tr|A0ABP5NUV6|A0ABP5NUV6_9MICC	160	0				
CMD-like	tr|A0ABP5PPG2|A0ABP5PPG2_9ACTN	129	0				
CMD-like	tr|A0ABP5RSM4|A0ABP5RSM4_9ACTN	157	0				
CMD-like	tr|A0ABP5TW80|A0ABP5TW80_9ACTN	154	0				
CMD-like	tr|A0ABP5VQM7|A0ABP5VQM7_9ACTN	180	0				
CMD-like	tr|A0ABP5WST7|A0ABP5WST7_9ACTN	159	0				
CMD-like	tr|A0ABP5XJS9|A0ABP5XJS9_9ACTN	143	0				
CMD-like	tr|A0ABP6ASL6|A0ABP6ASL6_STRLO	194	0				
CMD-like	tr|A0ABP6FYD1|A0ABP6FYD1_9ACTN	153	0				
CMD-like	tr|A0ABP6IBI1|A0ABP6IBI1_9ACTN	154	0				
CMD-like	tr|A0ABP6JFR4|A0ABP6JFR4_STRTU	171	0				
CMD-like	tr|A0ABP6L1W8|A0ABP6L1W8_9ACTN	176	0				
CMD-like	tr|A0ABP6L719|A0ABP6L719_9ACTN	154	0				
CMD-like	tr|A0ABP6MML2|A0ABP6MML2_9ACTN	193	0				
CMD-like	tr|A0ABP6NA08|A0ABP6NA08_9ACTN	196	0				
CMD-like	tr|A0ABP6Q4N2|A0ABP6Q4N2_9ACTN	174	0				
CMD-like	tr|A0ABP6QBD8|A0ABP6QBD8_9ACTN	173	0				
CMD-like	tr|A0ABP6QD05|A0ABP6QD05_9ACTN	150	0				
CMD-like	tr|A0ABP6RL79|A0ABP6RL79_9PSEU	172	0				
CMD-like	tr|A0ABP6RTF5|A0ABP6RTF5_9PSEU	151	0				
CMD-like	tr|A0ABP6RWH3|A0ABP6RWH3_9PSEU	159	0				
CMD-like	tr|A0ABP6S4Q2|A0ABP6S4Q2_9ACTN	125	0				
CMD-like	tr|A0ABP6SD04|A0ABP6SD04_9ACTN	129	0				
CMD-like	tr|A0ABP6T4E0|A0ABP6T4E0_9ACTN	186	0				
CMD-like	tr|A0ABP6T5J2|A0ABP6T5J2_9ACTN	157	0				
CMD-like	tr|A0A127VDX7|A0A127VDX7_9SPHI	147	0				
CMD-like	tr|A0A128FGT4|A0A128FGT4_9GAMM	180	0				
CMD-like	tr|A0A132C3B2|A0A132C3B2_9RHOB	202	0				
CMD-like	tr|A0A132EB87|A0A132EB87_9BURK	180	0				
CMD-like	tr|A0A132PG42|A0A132PG42_9MYCO	122	0				
CMD-like	tr|A0A133XEF9|A0A133XEF9_9RHOO	129	0				
CMD-like	tr|A0A133ZBK1|A0A133ZBK1_9FIRM	135	0				
CMD-like	tr|A0A136A753|A0A136A753_9ALTE	191	0				
CMD-like	tr|A0A136J191|A0A136J191_9PEZI	204	0				
CMD-like	tr|A0A0U1NIT6|A0A0U1NIT6_9RHOB	144	0				
CMD-like	tr|A0A0U2U3R9|A0A0U2U3R9_9BURK	139	0				
CMD-like	tr|A0A0U3EW78|A0A0U3EW78_9HYPH	187	0				
CMD-like	tr|A0A0U3GL66|A0A0U3GL66_9MICC	188	0				
CMD-like	tr|A0A0U3QB81|A0A0U3QB81_9MICC	194	0				
CMD-like	tr|A0A0U3QNG8|A0A0U3QNG8_9MICC	202	0				
CMD-like	tr|A0A0U4ZHB8|A0A0U4ZHB8_ASPCI	185	0				
CMD-like	tr|A0A0U5GV15|A0A0U5GV15_ASPCI	178	0				
CMD-like	tr|A0A0W0SRF2|A0A0W0SRF2_9GAMM	169	0				
CMD-like	tr|A0A0W0SWV5|A0A0W0SWV5_9GAMM	121	0				
CMD-like	tr|A0A0W0TVX1|A0A0W0TVX1_9GAMM	179	0				
CMD-like	tr|A0A2T7NMQ3|A0A2T7NMQ3_POMCA	205	0				
CMD-like	tr|A0A2U1CH37|A0A2U1CH37_9BURK	148	0				
CMD-like	tr|A0A2U1SXA9|A0A2U1SXA9_9MICO	133	0				
CMD-like	tr|A0A2U1UK87|A0A2U1UK87_9GAMM	172	0				
CMD-like	tr|A0A5D0RPK2|A0A5D0RPK2_9RHOB	137	0				
CMD-like	tr|A0A5D0TRV8|A0A5D0TRV8_9ACTN	178	0				
CMD-like	tr|A0A5D0UH81|A0A5D0UH81_9ACTN	149	0				
CMD-like	tr|A0A5D3K9V6|A0A5D3K9V6_9BRAD	148	0				
CMD-like	tr|A0A5D3KL24|A0A5D3KL24_9BRAD	164	0				
CMD-like	tr|A0A5D4XQZ1|A0A5D4XQZ1_9GAMM	147	0				
CMD-like	tr|A0A5D9A0T6|A0A5D9A0T6_9FLAO	138	0				
CMD-like	tr|A0A5D9C7A6|A0A5D9C7A6_9SPHN	124	0				
CMD-like	tr|A0A5D9CEL8|A0A5D9CEL8_9SPHN	137	0				
CMD-like	tr|A0ABP6TZ01|A0ABP6TZ01_9ACTN	173	0				
CMD-like	tr|A0ABP6UJQ9|A0ABP6UJQ9_9ACTN	150	0				
CMD-like	tr|A0ABP6VGH3|A0ABP6VGH3_9ACTN	169	0				
CMD-like	tr|A0ABP6W5N3|A0ABP6W5N3_9PSEU	137	0				
CMD-like	tr|A0ABP6W9L6|A0ABP6W9L6_9PSEU	122	0				
CMD-like	tr|A0ABP6XXW8|A0ABP6XXW8_9PSEU	123	0				
CMD-like	tr|A0ABP6YQ63|A0ABP6YQ63_9ACTN	180	0				
CMD-like	tr|A0ABP6ZFI5|A0ABP6ZFI5_9ACTN	128	0				
CMD-like	tr|A0ABP6ZJX5|A0ABP6ZJX5_9ACTN	160	0				
CMD-like	tr|A0ABP6ZP58|A0ABP6ZP58_9ACTN	162	0				
CMD-like	tr|A0ABP6ZQB3|A0ABP6ZQB3_9ACTN	200	0				
CMD-like	tr|A0ABP7A1J0|A0ABP7A1J0_9ACTN	149	0				
CMD-like	tr|A0ABP7A5K5|A0ABP7A5K5_9PSEU	185	0				
CMD-like	tr|A0ABP7CAB6|A0ABP7CAB6_9ACTN	168	0				
CMD-like	tr|A0ABP7CAE3|A0ABP7CAE3_9MICC	159	0				
CMD-like	tr|A0ABP7D9R1|A0ABP7D9R1_9MICO	151	0				
CMD-like	tr|A0ABP7FBY2|A0ABP7FBY2_9MICO	133	0				
CMD-like	tr|A0ABP7FXT8|A0ABP7FXT8_9MICO	130	0				
CMD-like	tr|A0ABP7G053|A0ABP7G053_9MICO	193	0				
CMD-like	tr|A0ABP7GX40|A0ABP7GX40_9MICO	150	0				
CMD-like	tr|A0ABP7H4L5|A0ABP7H4L5_9ACTN	132	0				
CMD-like	tr|A0ABP7I4W2|A0ABP7I4W2_9ACTN	133	0				
CMD-like	tr|A0ABP7I8V7|A0ABP7I8V7_9ACTN	136	0				
CMD-like	tr|A0ABP7IVV3|A0ABP7IVV3_9ACTN	169	0				
CMD-like	tr|A0ABP7J5W6|A0ABP7J5W6_9ACTN	128	0				
CMD-like	tr|A0ABP7K8K1|A0ABP7K8K1_9ACTN	135	0				
CMD-like	tr|A0ABP7KAK1|A0ABP7KAK1_9RHOB	135	0				
CMD-like	tr|A0ABP7KIJ7|A0ABP7KIJ7_9ACTN	146	0				
CMD-like	tr|A0ABP7KIL6|A0ABP7KIL6_9ACTN	190	0				
CMD-like	tr|A0ABP7KS37|A0ABP7KS37_9MICO	136	0				
CMD-like	tr|A0ABP7L1V0|A0ABP7L1V0_9ACTN	147	0				
CMD-like	tr|A0ABP7L823|A0ABP7L823_9MICO	164	0				
CMD-like	tr|A0ABP7LK81|A0ABP7LK81_9SPHN	131	0				
CMD-like	tr|A0ABP7LLG0|A0ABP7LLG0_9SPHN	164	0				
CMD-like	tr|A0ABP7M491|A0ABP7M491_9GAMM	143	0				
CMD-like	tr|A0ABP7MPJ0|A0ABP7MPJ0_9GAMM	142	0				
CMD-like	tr|A0ABP7MTS6|A0ABP7MTS6_9GAMM	141	0				
CMD-like	tr|A0ABP7N084|A0ABP7N084_9GAMM	145	0				
CMD-like	tr|A0ABP7NCG1|A0ABP7NCG1_9MICO	122	0				
CMD-like	tr|A0ABP7P2B9|A0ABP7P2B9_9SPHI	145	0				
CMD-like	tr|A0ABP7PG52|A0ABP7PG52_9SPHI	183	0				
CMD-like	tr|A0ABP7PY24|A0ABP7PY24_9SPHI	157	0				
CMD-like	tr|A0ABP7STD2|A0ABP7STD2_9BURK	173	0				
CMD-like	tr|A0ABP7T4P7|A0ABP7T4P7_9PSEU	180	0				
CMD-like	tr|A0ABP7V7W1|A0ABP7V7W1_9ACTN	153	0				
CMD-like	tr|A0ABP7W255|A0ABP7W255_9ACTN	157	0				
CMD-like	tr|A0ABP7W395|A0ABP7W395_9ACTN	154	0				
CMD-like	tr|A0ABP7YCE6|A0ABP7YCE6_9ACTN	191	0				
CMD-like	tr|A0ABP7YHJ4|A0ABP7YHJ4_9ACTN	156	0				
CMD-like	tr|A0ABP7YUW0|A0ABP7YUW0_9SPHI	145	0				
CMD-like	tr|A0ABP7ZHR9|A0ABP7ZHR9_9ACTN	202	0				
CMD-like	tr|A0ABP7ZQD7|A0ABP7ZQD7_9MICO	151	0				
CMD-like	tr|A0ABP8ALH9|A0ABP8ALH9_9ACTN	184	0				
CMD-like	tr|A0ABP8C8X0|A0ABP8C8X0_9FLAO	182	0				
CMD-like	tr|A0ABP8C9X7|A0ABP8C9X7_9ACTN	200	0				
CMD-like	tr|A0ABP8CIY7|A0ABP8CIY7_9ACTN	187	0				
CMD-like	tr|A0ABP8D276|A0ABP8D276_9ACTN	127	0				
CMD-like	tr|A0ABP8D2K0|A0ABP8D2K0_9ACTN	154	0				
CMD-like	tr|A0ABP8D7G6|A0ABP8D7G6_9ACTN	161	0				
CMD-like	tr|A0ABP8E510|A0ABP8E510_9MICO	120	0				
CMD-like	tr|A0ABP8E9E4|A0ABP8E9E4_9FLAO	161	0				
CMD-like	tr|A0ABP8EJ88|A0ABP8EJ88_9MICO	157	0				
CMD-like	tr|A0ABP8FAH7|A0ABP8FAH7_9MYCO	192	0				
CMD-like	tr|A0ABP8FBV6|A0ABP8FBV6_9BACT	147	0				
CMD-like	tr|A0ABP8FW72|A0ABP8FW72_9SPHI	150	0				
CMD-like	tr|A0ABP8G6K6|A0ABP8G6K6_9BACT	148	0				
CMD-like	tr|A0ABP8GG75|A0ABP8GG75_9SPHI	146	0				
CMD-like	tr|A0ABP8GKT0|A0ABP8GKT0_9BURK	172	0				
CMD-like	tr|A0ABP8HRQ7|A0ABP8HRQ7_9BURK	191	0				
CMD-like	tr|A0ABP8HRZ5|A0ABP8HRZ5_9BURK	133	0				
CMD-like	tr|A0ABP8HTB4|A0ABP8HTB4_9BURK	193	0				
CMD-like	tr|A0ABP8I0C4|A0ABP8I0C4_9GAMM	124	0				
CMD-like	tr|A0ABP8I0T3|A0ABP8I0T3_9BACT	183	0				
CMD-like	tr|A0ABP8I947|A0ABP8I947_9BURK	124	0				
CMD-like	tr|A0ABP8I9D5|A0ABP8I9D5_9BURK	174	0				
CMD-like	tr|A0ABP8IK58|A0ABP8IK58_9GAMM	185	0				
CMD-like	tr|A0ABP8J2E7|A0ABP8J2E7_9ACTN	124	0				
CMD-like	tr|A0ABP8JPA3|A0ABP8JPA3_9ACTN	198	0				
CMD-like	tr|A0ABP8KAX6|A0ABP8KAX6_9ACTN	153	0				
CMD-like	tr|A0ABP8LWR0|A0ABP8LWR0_9BACT	168	0				
CMD-like	tr|A0ABP8MHS0|A0ABP8MHS0_9BACT	182	0				
CMD-like	tr|A0ABP8P3W5|A0ABP8P3W5_9NOCA	157	0				
CMD-like	tr|A0ABP8PJK0|A0ABP8PJK0_9NOCA	200	0				
CMD-like	tr|A0ABP8PP58|A0ABP8PP58_9NOCA	210	1	32-67	1.39e-05	157-185	0.000817
CMD-like	tr|A0ABP8PWX4|A0ABP8PWX4_9ACTN	183	0				
CMD-like	tr|A0ABP8RPM3|A0ABP8RPM3_9PSEU	187	0				
CMD-like	tr|A0ABP8RVS3|A0ABP8RVS3_9PSEU	186	0				
CMD-like	tr|A0ABP8RWC6|A0ABP8RWC6_9PSEU	145	0				
CMD-like	tr|A0ABP8S0I0|A0ABP8S0I0_9PSEU	136	0				
CMD-like	tr|A0ABP8S219|A0ABP8S219_9PSEU	131	0				
CMD-like	tr|A0ABP8S2I6|A0ABP8S2I6_9PSEU	190	0				
CMD-like	tr|A0ABP8SHG2|A0ABP8SHG2_9ACTN	196	0				
CMD-like	tr|A0ABP8TAI3|A0ABP8TAI3_9ACTN	193	0				
CMD-like	tr|A0ABP8TU28|A0ABP8TU28_9ACTN	146	0				
CMD-like	tr|A0ABP8TU33|A0ABP8TU33_9ACTN	185	0				
CMD-like	tr|A0ABQ4HXB0|A0ABQ4HXB0_9ACTN	149	0				
CMD-like	tr|A0ABQ4NN60|A0ABQ4NN60_9RHOB	123	0				
CMD-like	tr|A0ABQ4PYP3|A0ABQ4PYP3_9BURK	186	0				
CMD-like	tr|A0ABQ4Q0M0|A0ABQ4Q0M0_9BURK	165	0				
CMD-like	tr|A0ABQ4Q0M9|A0ABQ4Q0M9_9BURK	129	0				
CMD-like	tr|A0ABQ4R023|A0ABQ4R023_9HYPH	193	0				
CMD-like	tr|A0ABQ4R151|A0ABQ4R151_9HYPH	179	0				
CMD-like	tr|A0ABQ4SIP9|A0ABQ4SIP9_9HYPH	149	0				
CMD-like	tr|A0ABQ4SMZ5|A0ABQ4SMZ5_9HYPH	184	0				
CMD-like	tr|A0ABQ5JLY5|A0ABQ5JLY5_9LACO	126	0				
CMD-like	tr|A0ABQ5NY59|A0ABQ5NY59_9ACTN	185	0				
CMD-like	tr|A0ABQ5Q795|A0ABQ5Q795_9BACT	131	0				
CMD-like	tr|A0ABQ5Q9M1|A0ABQ5Q9M1_9BACT	149	0				
CMD-like	tr|A0ABQ5QK75|A0ABQ5QK75_9ACTN	178	0				
CMD-like	tr|A0ABQ5R4G7|A0ABQ5R4G7_9ACTN	186	0				
CMD-like	tr|A0ABQ5R7I4|A0ABQ5R7I4_9ACTN	196	0				
CMD-like	tr|A0ABQ5SRD8|A0ABQ5SRD8_9ACTN	162	0				
CMD-like	tr|A0ABQ5SRM9|A0ABQ5SRM9_9ACTN	140	0				
CMD-like	tr|A0ABQ5UXK2|A0ABQ5UXK2_9PROT	189	0				
CMD-like	tr|A0ABQ5W4D7|A0ABQ5W4D7_9HYPH	123	0				
CMD-like	tr|A0ABQ5X8P9|A0ABQ5X8P9_9GAMM	185	0				
CMD-like	tr|A0ABQ5XIU6|A0ABQ5XIU6_9GAMM	192	0				
CMD-like	tr|A0ABQ6AA75|A0ABQ6AA75_9PROT	188	0				
CMD-like	tr|A0ABQ6ACN5|A0ABQ6ACN5_9PROT	128	0				
CMD-like	tr|A0ABQ6ADY0|A0ABQ6ADY0_9PROT	129	0				
CMD-like	tr|A0ABQ6BZU1|A0ABQ6BZU1_9BURK	130	0				
CMD-like	tr|A0ABQ6CDM0|A0ABQ6CDM0_9HYPH	190	0				
CMD-like	tr|A0ABQ6CEN1|A0ABQ6CEN1_9HYPH	164	0				
CMD-like	tr|A0ABQ6JSE5|A0ABQ6JSE5_9MICO	155	0				
CMD-like	tr|A0ABQ6K5X3|A0ABQ6K5X3_9MICO	208	0				
CMD-like	tr|A0ABQ6LF65|A0ABQ6LF65_9RHOB	138	0				
CMD-like	tr|A0ABQ6LJW4|A0ABQ6LJW4_9RHOB	180	0				
CMD-like	tr|A0ABQ6LQI0|A0ABQ6LQI0_9RHOB	188	0				
CMD-like	tr|A0ABQ6LS45|A0ABQ6LS45_9RHOB	192	0				
CMD-like	tr|A0ABQ6LSX9|A0ABQ6LSX9_9RHOB	135	0				
CMD-like	tr|A0ABQ6Q956|A0ABQ6Q956_9GAMM	173	0				
CMD-like	tr|A0ABQ6QQT5|A0ABQ6QQT5_9BACT	191	0				
CMD-like	tr|A0ABQ6VE11|A0ABQ6VE11_9CORY	163	0				
CMD-like	tr|A0ABQ6VJG7|A0ABQ6VJG7_9CORY	146	0				
CMD-like	tr|A0ABQ9E912|A0ABQ9E912_TEGGR	184	0				
CMD-like	tr|A0ABQ9NTJ8|A0ABQ9NTJ8_9PEZI	194	0				
CMD-like	tr|A0ABQ9PTH8|A0ABQ9PTH8_9PEZI	138	0				
CMD-like	tr|A0ABR0GPX0|A0ABR0GPX0_9PEZI	188	0				
CMD-like	tr|A0ABR0KIL4|A0ABR0KIL4_9EURO	151	0				
CMD-like	tr|A0ABR0S317|A0ABR0S317_9EURO	135	0				
CMD-like	tr|A0ABR0SHF5|A0ABR0SHF5_9HYPO	136	0				
CMD-like	tr|A0ABR0T787|A0ABR0T787_AURPU	143	0				
CMD-like	tr|A0ABR1K6I9|A0ABR1K6I9_9AGAR	161	0				
CMD-like	tr|A0ABR1KMJ4|A0ABR1KMJ4_9PEZI	200	0				
CMD-like	tr|A0ABR1RUD7|A0ABR1RUD7_9PEZI	188	0				
CMD-like	tr|A0ABR1TRD0|A0ABR1TRD0_9PEZI	201	0				
CMD-like	tr|A0ABR1W8B7|A0ABR1W8B7_9PEZI	184	0				
CMD-like	tr|A0ABR2V9H3|A0ABR2V9H3_9PEZI	155	0				
CMD-like	tr|A0ABR2XMC3|A0ABR2XMC3_9PEZI	143	0				
CMD-like	tr|A0ABR3AFF9|A0ABR3AFF9_9AGAR	153	0				
CMD-like	tr|A0ABR3BML8|A0ABR3BML8_9TREE	131	0				
CMD-like	tr|A0ABR3GQS7|A0ABR3GQS7_9PEZI	186	0				
CMD-like	tr|A0ABR3PCL7|A0ABR3PCL7_9PEZI	200	0				
CMD-like	tr|A0ABR3T3M4|A0ABR3T3M4_9PEZI	200	0				
CMD-like	tr|A0ABR3TQY5|A0ABR3TQY5_9PEZI	153	0				
CMD-like	tr|A0ABR3VQS9|A0ABR3VQS9_9PEZI	141	0				
CMD-like	tr|A0ABR3XQK7|A0ABR3XQK7_9PEZI	195	0				
CMD-like	tr|A0ABR4P3G4|A0ABR4P3G4_9HELO	161	0				
CMD-like	tr|A0ABR4QWV8|A0ABR4QWV8_9BORD	193	0				
CMD-like	tr|A0ABR4RWC4|A0ABR4RWC4_VIBMT	177	0				
CMD-like	tr|A0ABR5CQX1|A0ABR5CQX1_9HYPH	139	0				
CMD-like	tr|A0ABR5F1P8|A0ABR5F1P8_9ACTN	160	0				
CMD-like	tr|A0ABR5HZ92|A0ABR5HZ92_STRLW	142	0				
CMD-like	tr|A0ABR5I6X9|A0ABR5I6X9_STRLW	152	0				
CMD-like	tr|A0ABR5IFN9|A0ABR5IFN9_9ACTN	186	0				
CMD-like	tr|A0ABR5J860|A0ABR5J860_9ACTN	134	0				
CMD-like	tr|A0ABR5PRT3|A0ABR5PRT3_9LACO	188	0				
CMD-like	tr|A0ABR6AVJ0|A0ABR6AVJ0_9HYPH	124	0				
CMD-like	tr|A0ABR6DYM7|A0ABR6DYM7_9MICC	141	0				
CMD-like	tr|A0ABR6EK65|A0ABR6EK65_9ACTN	156	0				
CMD-like	tr|A0ABR6ERR8|A0ABR6ERR8_9SPHI	148	0				
CMD-like	tr|A0ABR6FUX4|A0ABR6FUX4_9BURK	128	0				
CMD-like	tr|A0ABR6FX65|A0ABR6FX65_9BURK	188	0				
CMD-like	tr|A0ABR6L983|A0ABR6L983_9HYPH	127	0				
CMD-like	tr|A0ABR6LGF4|A0ABR6LGF4_9ACTN	192	0				
CMD-like	tr|A0ABR6NDW2|A0ABR6NDW2_9SPHN	124	0				
CMD-like	tr|A0ABR6RIU3|A0ABR6RIU3_9BURK	188	0				
CMD-like	tr|A0ABR6YB28|A0ABR6YB28_9BURK	181	0				
CMD-like	tr|A0ABR6YSC6|A0ABR6YSC6_9FIRM	205	0				
CMD-like	tr|A0ABR6Z927|A0ABR6Z927_9BURK	148	0				
CMD-like	tr|A0ABR6ZHS8|A0ABR6ZHS8_9BURK	194	0				
CMD-like	tr|A0ABR6ZVR1|A0ABR6ZVR1_9BURK	120	0				
CMD-like	tr|A0ABR7A6L2|A0ABR7A6L2_9BURK	128	0				
CMD-like	tr|A0ABR7L546|A0ABR7L546_9PSEU	167	0				
CMD-like	tr|A0ABR7LFN2|A0ABR7LFN2_9PSEU	147	0				
CMD-like	tr|A0ABR7LWF1|A0ABR7LWF1_9ACTN	153	0				
CMD-like	tr|A0ABR7QW31|A0ABR7QW31_9GAMM	206	0				
CMD-like	tr|A0ABR7RK26|A0ABR7RK26_9PROT	150	0				
CMD-like	tr|A0ABR7SRT7|A0ABR7SRT7_9ACTN	156	0				
CMD-like	tr|A0ABR7TUX8|A0ABR7TUX8_9BACT	150	0				
CMD-like	tr|A0ABR7WB25|A0ABR7WB25_9ACTN	182	0				
CMD-like	tr|A0ABR7WJV1|A0ABR7WJV1_9ACTN	157	0				
CMD-like	tr|A0ABR7X6R6|A0ABR7X6R6_9SPHI	147	0				
CMD-like	tr|A0ABR7XN61|A0ABR7XN61_9SPHI	150	0				
CMD-like	tr|A0ABR7XY48|A0ABR7XY48_9SPHI	154	0				
CMD-like	tr|A0ABR8D4X8|A0ABR8D4X8_9NOST	133	0				
CMD-like	tr|A0ABR8E1Y4|A0ABR8E1Y4_9NOSO	162	0				
CMD-like	tr|A0ABR8L161|A0ABR8L161_9ACTN	122	0				
CMD-like	tr|A0ABR8NDG1|A0ABR8NDG1_9ACTN	125	0				
CMD-like	tr|A0ABR8NNU9|A0ABR8NNU9_9MICO	203	0				
CMD-like	tr|A0ABR8PLW6|A0ABR8PLW6_9BACL	130	0				
CMD-like	tr|A0ABR8QWM8|A0ABR8QWM8_9CAUL	184	0				
CMD-like	tr|A0ABR8S9K0|A0ABR8S9K0_9BURK	149	0				
CMD-like	tr|A0ABR8UYF2|A0ABR8UYF2_9CELL	167	0				
CMD-like	tr|A0ABR8YF14|A0ABR8YF14_9MICC	152	0				
CMD-like	tr|A0ABR8ZAT1|A0ABR8ZAT1_9FLAO	147	0				
CMD-like	tr|A0ABR9BFY9|A0ABR9BFY9_9GAMM	132	0				
CMD-like	tr|A0ABR9CDK5|A0ABR9CDK5_9HYPH	144	0				
CMD-like	tr|A0ABR9DV67|A0ABR9DV67_9GAMM	149	0				
CMD-like	tr|A0ABR9EBM6|A0ABR9EBM6_9GAMM	146	0				
CMD-like	tr|A0ABR9H9E2|A0ABR9H9E2_9BACT	126	0				
CMD-like	tr|A0ABR9I3E2|A0ABR9I3E2_9PSEU	133	0				
CMD-like	tr|A0ABR9JGR2|A0ABR9JGR2_9MICC	140	0				
CMD-like	tr|A0ABR9KVV4|A0ABR9KVV4_9ACTN	170	0				
CMD-like	tr|A0ABR9LPT4|A0ABR9LPT4_9ACTN	194	0				
CMD-like	tr|A0ABR9NP71|A0ABR9NP71_9GAMM	138	0				
CMD-like	tr|A0ABR9S8P9|A0ABR9S8P9_9BURK	128	0				
CMD-like	tr|A0ABR9SD76|A0ABR9SD76_9BURK	131	0				
CMD-like	tr|A0ABR9W7A6|A0ABR9W7A6_9BACT	147	0				
CMD-like	tr|A0ABR9XID0|A0ABR9XID0_9SPHI	145	0				
CMD-like	tr|A0ABR9ZI09|A0ABR9ZI09_9CORY	150	0				
CMD-like	tr|A0ABS0ABN0|A0ABS0ABN0_9GAMM	210	0				
CMD-like	tr|A0ABS0AHW5|A0ABS0AHW5_9GAMM	207	0				
CMD-like	tr|A0ABS0AWQ5|A0ABS0AWQ5_9GAMM	145	0				
CMD-like	tr|A0ABS0BAG4|A0ABS0BAG4_9GAMM	153	0				
CMD-like	tr|A0ABS0CWU1|A0ABS0CWU1_9NOCA	173	0				
CMD-like	tr|A0ABS0DB57|A0ABS0DB57_9NOCA	198	0				
CMD-like	tr|A0ABS0DG45|A0ABS0DG45_9NOCA	187	0				
CMD-like	tr|A0ABS0EW84|A0ABS0EW84_9BURK	172	0				
CMD-like	tr|A0ABS0I3W7|A0ABS0I3W7_9BACT	145	0				
CMD-like	tr|A0ABS0J6P5|A0ABS0J6P5_9BACT	145	0				
CMD-like	tr|A0ABS0M189|A0ABS0M189_9GAMM	131	0				
CMD-like	tr|A0ABS0NDA5|A0ABS0NDA5_9NEIS	128	0				
CMD-like	tr|A0ABS0NSI3|A0ABS0NSI3_9ACTN	160	0				
CMD-like	tr|A0ABS0PHR4|A0ABS0PHR4_9BRAD	190	0				
CMD-like	tr|A0ABS0Q0F7|A0ABS0Q0F7_9BRAD	135	0				
CMD-like	tr|A0ABS1BET6|A0ABS1BET6_9SPHI	146	0				
CMD-like	tr|A0ABS1CQ22|A0ABS1CQ22_9GAMM	184	0				
CMD-like	tr|A0ABS1CZF7|A0ABS1CZF7_9PROT	188	0				
CMD-like	tr|A0ABS1DAX2|A0ABS1DAX2_9PROT	190	0				
CMD-like	tr|A0ABS1DLQ4|A0ABS1DLQ4_9PROT	185	0				
CMD-like	tr|A0ABS1DLR6|A0ABS1DLR6_9PROT	184	0				
CMD-like	tr|A0ABS1E1E7|A0ABS1E1E7_RUBGE	131	0				
CMD-like	tr|A0ABS1E348|A0ABS1E348_9GAMM	176	0				
CMD-like	tr|A0ABS1E7U0|A0ABS1E7U0_9GAMM	199	0				
CMD-like	tr|A0ABS1FW32|A0ABS1FW32_9FLAO	149	0				
CMD-like	tr|A0ABS1HLD9|A0ABS1HLD9_9BACT	131	0				
CMD-like	tr|A0ABS1I5D2|A0ABS1I5D2_9PROT	180	0				
CMD-like	tr|A0ABS1JB80|A0ABS1JB80_9BACL	130	0				
CMD-like	tr|A0ABS1KWN8|A0ABS1KWN8_9BACT	144	0				
CMD-like	tr|A0ABS1MVG0|A0ABS1MVG0_9ACTN	170	0				
CMD-like	tr|A0ABS1MZX0|A0ABS1MZX0_9ACTN	193	0				
CMD-like	tr|A0ABS1R5F5|A0ABS1R5F5_9SPHI	145	0				
CMD-like	tr|A0ABS1S0I5|A0ABS1S0I5_RHOSU	154	0				
CMD-like	tr|A0ABS1SHT5|A0ABS1SHT5_9MICO	138	0				
CMD-like	tr|A0ABS1SZZ8|A0ABS1SZZ8_9GAMM	177	0				
CMD-like	tr|A0ABS1TG35|A0ABS1TG35_9CLOT	125	0				
CMD-like	tr|A0ABS1TWV7|A0ABS1TWV7_9PROT	129	0				
CMD-like	tr|A0ABS1U3X3|A0ABS1U3X3_9PROT	182	0				
CMD-like	tr|A0ABS1V7R8|A0ABS1V7R8_9PROT	137	0				
CMD-like	tr|A0ABS1VEB1|A0ABS1VEB1_9ACTN	177	0				
CMD-like	tr|A0ABS1VU76|A0ABS1VU76_9ACTN	168	0				
CMD-like	tr|A0ABS1W8X1|A0ABS1W8X1_9GAMM	172	0				
CMD-like	tr|A0ABS1WS97|A0ABS1WS97_9GAMM	152	0				
CMD-like	tr|A0ABS1ZNP6|A0ABS1ZNP6_9PSED	178	0				
CMD-like	tr|A0ABS2ABK2|A0ABS2ABK2_9ACTN	167	0				
CMD-like	tr|A0ABS2AGQ4|A0ABS2AGQ4_9ACTN	206	0				
CMD-like	tr|A0ABS2BPI9|A0ABS2BPI9_9NEIS	148	0				
CMD-like	tr|A0ABS2DBL1|A0ABS2DBL1_9SPHN	186	0				
CMD-like	tr|A0ABS2DTI9|A0ABS2DTI9_9BURK	136	0				
CMD-like	tr|A0ABS2MA42|A0ABS2MA42_9ACTN	139	0				
CMD-like	tr|A0ABS2NTG7|A0ABS2NTG7_9FIRM	121	0				
CMD-like	tr|A0ABS2TX97|A0ABS2TX97_9ACTN	201	0				
CMD-like	tr|A0ABS2ZX59|A0ABS2ZX59_9BACL	124	0				
CMD-like	tr|A0ABS3BVD0|A0ABS3BVD0_9BACT	146	0				
CMD-like	tr|A0ABS3F3Q0|A0ABS3F3Q0_9PROT	130	0				
CMD-like	tr|A0ABS3F949|A0ABS3F949_9PROT	154	0				
CMD-like	tr|A0ABS3HRC2|A0ABS3HRC2_9ENTE	123	0				
CMD-like	tr|A0ABS3KLM0|A0ABS3KLM0_9PROT	203	0				
CMD-like	tr|A0ABS3KW59|A0ABS3KW59_9PROT	153	0				
CMD-like	tr|A0ABS3LCM0|A0ABS3LCM0_9ENTE	123	0				
CMD-like	tr|A0ABS3M7S6|A0ABS3M7S6_9BACT	134	0				
CMD-like	tr|A0ABS3NG24|A0ABS3NG24_9GAMM	138	0				
CMD-like	tr|A0ABS3QG56|A0ABS3QG56_9BACT	145	0				
CMD-like	tr|A0ABS3QN75|A0ABS3QN75_9BACT	159	0				
CMD-like	tr|A0ABS3RWD1|A0ABS3RWD1_9ACTN	172	0				
CMD-like	tr|A0ABS3SWE2|A0ABS3SWE2_9FLAO	180	0				
CMD-like	tr|A0ABS3U9Q3|A0ABS3U9Q3_9ACTN	173	0				
CMD-like	tr|A0ABS3VVI7|A0ABS3VVI7_MICEH	207	0				
CMD-like	tr|A0ABS3X569|A0ABS3X569_9ACTN	123	0				
CMD-like	tr|A0ABS3YAU9|A0ABS3YAU9_9BACT	157	0				
CMD-like	tr|A0ABS3YP23|A0ABS3YP23_9BACT	177	0				
CMD-like	tr|A0ABS3YVG6|A0ABS3YVG6_9BACT	147	0				
CMD-like	tr|A0ABS3YZ27|A0ABS3YZ27_9BACT	156	0				
CMD-like	tr|A0ABS4BJE3|A0ABS4BJE3_9HYPH	183	0				
CMD-like	tr|A0ABS4CNH3|A0ABS4CNH3_9ENTE	146	0				
CMD-like	tr|A0ABS4TRQ8|A0ABS4TRQ8_9PSEU	156	0				
CMD-like	tr|A0ABS4U857|A0ABS4U857_9CORY	143	0				
CMD-like	tr|A0ABS4V124|A0ABS4V124_9ACTN	182	0				
CMD-like	tr|A0ABS4W273|A0ABS4W273_9PSEU	140	0				
CMD-like	tr|A0ABS4ZUG9|A0ABS4ZUG9_9MYCO	129	0				
CMD-like	tr|A0ABS5A338|A0ABS5A338_9MYCO	125	0				
CMD-like	tr|A0ABS5A3P2|A0ABS5A3P2_9PSEU	178	0				
CMD-like	tr|A0ABS5CJP5|A0ABS5CJP5_9BACL	149	0				
CMD-like	tr|A0ABS5EBS6|A0ABS5EBS6_9PROT	152	0				
CMD-like	tr|A0ABS5EKU2|A0ABS5EKU2_9PROT	122	0				
CMD-like	tr|A0ABS5FAN2|A0ABS5FAN2_9BRAD	193	0				
CMD-like	tr|A0ABS5IBS1|A0ABS5IBS1_9PROT	178	0				
CMD-like	tr|A0ABS5IVZ3|A0ABS5IVZ3_9BACT	146	0				
CMD-like	tr|A0ABS5J7L4|A0ABS5J7L4_9BACT	146	0				
CMD-like	tr|A0ABS5J8G7|A0ABS5J8G7_9BACT	152	0				
CMD-like	tr|A0ABS5KVN1|A0ABS5KVN1_9ACTN	169	0				
CMD-like	tr|A0ABS5KXG4|A0ABS5KXG4_9ACTN	132	0				
CMD-like	tr|A0ABS5NH80|A0ABS5NH80_TSUPA	125	0				
CMD-like	tr|A0ABS5SRD7|A0ABS5SRD7_9PROT	146	0				
CMD-like	tr|A0ABS5TLF0|A0ABS5TLF0_9ACTN	157	0				
CMD-like	tr|A0ABS5W4E8|A0ABS5W4E8_9SPHN	154	0				
CMD-like	tr|A0ABS5YKR4|A0ABS5YKR4_9ACTN	186	0				
CMD-like	tr|A0ABS5ZCV2|A0ABS5ZCV2_9GAMM	133	0				
CMD-like	tr|A0ABS6ASN5|A0ABS6ASN5_9NOCA	158	0				
CMD-like	tr|A0ABS6AT78|A0ABS6AT78_9NOCA	151	0				
CMD-like	tr|A0ABS6AXK4|A0ABS6AXK4_9NOCA	159	0				
CMD-like	tr|A0ABS6B6Q1|A0ABS6B6Q1_9NOCA	163	0				
CMD-like	tr|A0ABS6B8N0|A0ABS6B8N0_9NOCA	188	0				
CMD-like	tr|A0ABS6B9T6|A0ABS6B9T6_9NOCA	139	0				
CMD-like	tr|A0ABS6CWW3|A0ABS6CWW3_9ACTN	158	0				
CMD-like	tr|A0ABS6DRM9|A0ABS6DRM9_9MOLU	146	0				
CMD-like	tr|A0ABS6IGK6|A0ABS6IGK6_9HYPH	144	0				
CMD-like	tr|A0ABS6IN65|A0ABS6IN65_9HYPH	185	0				
CMD-like	tr|A0ABS6JH30|A0ABS6JH30_9BACI	127	0				
CMD-like	tr|A0ABS6KMG9|A0ABS6KMG9_9MYCO	130	0				
CMD-like	tr|A0ABS6LAE5|A0ABS6LAE5_9GAMM	185	0				
CMD-like	tr|A0ABS6N8C2|A0ABS6N8C2_9RHOB	187	0				
CMD-like	tr|A0ABS6N9C8|A0ABS6N9C8_9RHOB	131	0				
CMD-like	tr|A0ABS6NC47|A0ABS6NC47_9RHOB	190	0				
CMD-like	tr|A0ABS6QIH7|A0ABS6QIH7_9PSED	146	0				
CMD-like	tr|A0ABS6SL13|A0ABS6SL13_9SPHN	168	0				
CMD-like	tr|A0ABS6U461|A0ABS6U461_9PSEU	198	0				
CMD-like	tr|A0ABS6UG39|A0ABS6UG39_9PSEU	207	0				
CMD-like	tr|A0ABS6UNL6|A0ABS6UNL6_9PSEU	184	0				
CMD-like	tr|A0ABS6URN3|A0ABS6URN3_9PSEU	147	0				
CMD-like	tr|A0ABS6URW6|A0ABS6URW6_9PSEU	180	0				
CMD-like	tr|A0ABS6V0X8|A0ABS6V0X8_9PSEU	186	0				
CMD-like	tr|A0ABS6VNM2|A0ABS6VNM2_9GAMM	133	0				
CMD-like	tr|A0ABS6VPQ9|A0ABS6VPQ9_9GAMM	158	0				
CMD-like	tr|A0ABS6VVY7|A0ABS6VVY7_9GAMM	207	0				
CMD-like	tr|A0ABS6Z4V9|A0ABS6Z4V9_9ACTN	174	0				
CMD-like	tr|A0ABS6Z611|A0ABS6Z611_9ACTN	156	0				
CMD-like	tr|A0ABS7D692|A0ABS7D692_9BACL	145	0				
CMD-like	tr|A0ABS7D7P5|A0ABS7D7P5_9BACL	147	0				
CMD-like	tr|A0ABS7E142|A0ABS7E142_9GAMM	188	0				
CMD-like	tr|A0ABS7EK99|A0ABS7EK99_9GAMM	204	0				
CMD-like	tr|A0ABS7FX27|A0ABS7FX27_9ACTN	178	0				
CMD-like	tr|A0ABS7G816|A0ABS7G816_9BACT	148	0				
CMD-like	tr|A0ABS7H142|A0ABS7H142_9HYPH	197	0				
CMD-like	tr|A0ABS7JK62|A0ABS7JK62_9SPHN	151	0				
CMD-like	tr|A0ABS7JKA9|A0ABS7JKA9_9SPHN	159	0				
CMD-like	tr|A0ABS7JYV8|A0ABS7JYV8_9SPHN	209	0				
CMD-like	tr|A0ABS7MCN6|A0ABS7MCN6_9SPHN	129	0				
CMD-like	tr|A0ABS7MF59|A0ABS7MF59_9SPHN	184	0				
CMD-like	tr|A0ABS7NXA9|A0ABS7NXA9_9NOCA	179	0				
CMD-like	tr|A0ABS7PKA3|A0ABS7PKA3_9SPHN	133	0				
CMD-like	tr|A0ABS7PSP2|A0ABS7PSP2_9SPHN	194	0				
CMD-like	tr|A0ABS7PUJ9|A0ABS7PUJ9_9SPHN	148	0				
CMD-like	tr|A0ABS7PY21|A0ABS7PY21_9SPHN	178	0				
CMD-like	tr|A0ABS7Q2A3|A0ABS7Q2A3_9ACTN	141	0				
CMD-like	tr|A0ABS7Q7Z8|A0ABS7Q7Z8_9ACTN	153	0				
CMD-like	tr|A0ABS7QIJ0|A0ABS7QIJ0_9ACTN	159	0				
CMD-like	tr|A0ABS7SD24|A0ABS7SD24_9MICO	153	0				
CMD-like	tr|A0ABS7SUG4|A0ABS7SUG4_9BURK	178	0				
CMD-like	tr|A0ABS7T4P9|A0ABS7T4P9_9GAMM	168	0				
CMD-like	tr|A0ABS7U3V2|A0ABS7U3V2_9BACT	137	0				
CMD-like	tr|A0ABS7UFH1|A0ABS7UFH1_9ACTN	182	0				
CMD-like	tr|A0ABS7WXU5|A0ABS7WXU5_9GAMM	185	0				
CMD-like	tr|A0ABS7YSN8|A0ABS7YSN8_9VIBR	123	0				
CMD-like	tr|A0ABS7ZU90|A0ABS7ZU90_9GAMM	197	0				
CMD-like	tr|A0ABS7ZWI7|A0ABS7ZWI7_9GAMM	208	0				
CMD-like	tr|A0ABS8AUA7|A0ABS8AUA7_9BACT	144	0				
CMD-like	tr|A0ABS8B5V2|A0ABS8B5V2_9ACTN	150	0				
CMD-like	tr|A0ABS8BQY6|A0ABS8BQY6_9RHOB	132	0				
CMD-like	tr|A0ABS8BYT7|A0ABS8BYT7_9RHOB	125	0				
CMD-like	tr|A0ABS8CE59|A0ABS8CE59_9BURK	186	0				
CMD-like	tr|A0ABS8JDF5|A0ABS8JDF5_9GAMM	146	0				
CMD-like	tr|A0ABS8JST7|A0ABS8JST7_9BURK	138	0				
CMD-like	tr|A0ABS8KUA6|A0ABS8KUA6_9HYPH	157	0				
CMD-like	tr|A0ABS8KWB2|A0ABS8KWB2_9HYPH	132	0				
CMD-like	tr|A0ABS8L322|A0ABS8L322_9HYPH	182	0				
CMD-like	tr|A0ABS8L3F4|A0ABS8L3F4_9HYPH	191	0				
CMD-like	tr|A0ABS8MW30|A0ABS8MW30_9FLAO	176	0				
CMD-like	tr|A0ABS8P6W2|A0ABS8P6W2_9PSEU	126	0				
CMD-like	tr|A0ABS8PK92|A0ABS8PK92_9BACT	153	0				
CMD-like	tr|A0ABS8QDU9|A0ABS8QDU9_9BURK	154	0				
CMD-like	tr|A0ABS8XB81|A0ABS8XB81_9BURK	159	0				
CMD-like	tr|A0ABS8XR29|A0ABS8XR29_9BURK	189	0				
CMD-like	tr|A0ABS8Y467|A0ABS8Y467_9BURK	178	0				
CMD-like	tr|A0ABS8Z211|A0ABS8Z211_9PSEU	189	0				
CMD-like	tr|A0ABS8ZF80|A0ABS8ZF80_9PSEU	131	0				
CMD-like	tr|A0ABS8ZH75|A0ABS8ZH75_9PSEU	123	0				
CMD-like	tr|A0ABS8ZVY2|A0ABS8ZVY2_9PSEU	151	0				
CMD-like	tr|A0ABS9A3A9|A0ABS9A3A9_9GAMM	144	0				
CMD-like	tr|A0ABS9AI84|A0ABS9AI84_9GAMM	137	0				
CMD-like	tr|A0ABS9BKQ2|A0ABS9BKQ2_9BACT	122	0				
CMD-like	tr|A0ABS9CYA2|A0ABS9CYA2_9RHOB	135	0				
CMD-like	tr|A0ABS9DG89|A0ABS9DG89_9ACTN	125	0				
CMD-like	tr|A0ABS9DVV7|A0ABS9DVV7_9PROT	154	0				
CMD-like	tr|A0ABS9HCB8|A0ABS9HCB8_9ACTN	169	0				
CMD-like	tr|A0ABS9IJE2|A0ABS9IJE2_9FLAO	180	0				
CMD-like	tr|A0ABS9IWB7|A0ABS9IWB7_9ACTN	200	0				
CMD-like	tr|A0ABS9L5D2|A0ABS9L5D2_9MICC	166	0				
CMD-like	tr|A0ABS9LAF6|A0ABS9LAF6_9MICC	176	0				
CMD-like	tr|A0ABS9PCZ1|A0ABS9PCZ1_9GAMM	137	0				
CMD-like	tr|A0ABS9Q992|A0ABS9Q992_9HYPH	153	0				
CMD-like	tr|A0ABS9QLL4|A0ABS9QLL4_9HYPH	152	0				
CMD-like	tr|A0ABS9R5V6|A0ABS9R5V6_9FIRM	199	0				
CMD-like	tr|A0ABS9TAB9|A0ABS9TAB9_9PSEU	208	0				
CMD-like	tr|A0ABS9TAD2|A0ABS9TAD2_9PSEU	147	0				
CMD-like	tr|A0ABS9TWF7|A0ABS9TWF7_9MICC	156	0				
CMD-like	tr|A0ABS9U492|A0ABS9U492_9MICC	182	0				
CMD-like	tr|A0ABS9XWY4|A0ABS9XWY4_9ACTN	143	0				
CMD-like	tr|A0ABS9YAU2|A0ABS9YAU2_9ACTN	190	0				
CMD-like	tr|A0ABS9YSR5|A0ABS9YSR5_9MYCO	179	0				
CMD-like	tr|A0ABS9YTC5|A0ABS9YTC5_9MYCO	176	0				
CMD-like	tr|A0ABS9Z4B8|A0ABS9Z4B8_9HYPH	126	0				
CMD-like	tr|A0ABS9ZRE9|A0ABS9ZRE9_9PSED	136	0				
CMD-like	tr|A0ABT0A2S7|A0ABT0A2S7_9GAMM	149	0				
CMD-like	tr|A0ABT0B7K3|A0ABT0B7K3_9SPHN	205	0				
CMD-like	tr|A0ABT0B7L6|A0ABT0B7L6_9SPHN	195	0				
CMD-like	tr|A0ABT0BMK5|A0ABT0BMK5_9SPHN	183	0				
CMD-like	tr|A0ABT0BRU6|A0ABT0BRU6_9SPHN	155	0				
CMD-like	tr|A0ABT0C872|A0ABT0C872_THEVL	185	0				
CMD-like	tr|A0ABT0DDC7|A0ABT0DDC7_9HYPH	152	0				
CMD-like	tr|A0ABT0EKA7|A0ABT0EKA7_9PSED	145	0				
CMD-like	tr|A0ABT0FSU0|A0ABT0FSU0_ACTLZ	135	0				
CMD-like	tr|A0ABT0G0P2|A0ABT0G0P2_ACTLZ	128	0				
CMD-like	tr|A0ABT0ID21|A0ABT0ID21_9ACTN	168	0				
CMD-like	tr|A0ABT0J956|A0ABT0J956_9MICO	170	0				
CMD-like	tr|A0ABT0MXI8|A0ABT0MXI8_9GAMM	183	0				
CMD-like	tr|A0ABT0PNN6|A0ABT0PNN6_9FLAO	150	0				
CMD-like	tr|A0ABT0PQN7|A0ABT0PQN7_9FLAO	189	0				
CMD-like	tr|A0ABT0PX96|A0ABT0PX96_9RHOB	152	0				
CMD-like	tr|A0ABT0RFL8|A0ABT0RFL8_9SPHN	163	0				
CMD-like	tr|A0ABT0RKF4|A0ABT0RKF4_9SPHN	181	0				
CMD-like	tr|A0ABT0RSV2|A0ABT0RSV2_9SPHN	149	0				
CMD-like	tr|A0ABT0S1L8|A0ABT0S1L8_9SPHN	183	0				
CMD-like	tr|A0ABT0SAK8|A0ABT0SAK8_9SPHN	181	0				
CMD-like	tr|A0ABT0T5R3|A0ABT0T5R3_9GAMM	131	0				
CMD-like	tr|A0ABT0USJ6|A0ABT0USJ6_9ACTN	163	0				
CMD-like	tr|A0ABT0WME5|A0ABT0WME5_9BURK	128	0				
CMD-like	tr|A0ABT0XC04|A0ABT0XC04_9ACTN	120	0				
CMD-like	tr|A0ABT0YI49|A0ABT0YI49_9BURK	187	0				
CMD-like	tr|A0ABT0YUI1|A0ABT0YUI1_9BURK	150	0				
CMD-like	tr|A0ABT0Z1Q6|A0ABT0Z1Q6_9FLAO	158	0				
CMD-like	tr|A0ABT0Z689|A0ABT0Z689_9ACTN	157	0				
CMD-like	tr|A0ABT1BQ72|A0ABT1BQ72_9BURK	198	0				
CMD-like	tr|A0ABT1G1F6|A0ABT1G1F6_9CORY	162	0				
CMD-like	tr|A0ABT1HJI8|A0ABT1HJI8_9NOCA	199	0				
CMD-like	tr|A0ABT1JTR7|A0ABT1JTR7_9ACTN	152	0				
CMD-like	tr|A0ABT1LNT1|A0ABT1LNT1_9MICC	156	0				
CMD-like	tr|A0ABT1NYP2|A0ABT1NYP2_9GAMM	178	0				
CMD-like	tr|A0ABT1QJR9|A0ABT1QJR9_9NOCA	160	0				
CMD-like	tr|A0ABT1STE5|A0ABT1STE5_9FIRM	149	0				
CMD-like	tr|A0ABT1SXT7|A0ABT1SXT7_9SPHI	182	0				
CMD-like	tr|A0ABT1TTA2|A0ABT1TTA2_9GAMM	144	0				
CMD-like	tr|A0ABT1U555|A0ABT1U555_9GAMM	199	0				
CMD-like	tr|A0ABT1W1P7|A0ABT1W1P7_9PROT	188	0				
CMD-like	tr|A0ABT1WF27|A0ABT1WF27_9BURK	135	0				
CMD-like	tr|A0ABT1YKE0|A0ABT1YKE0_9BACL	152	0				
CMD-like	tr|A0ABT2A180|A0ABT2A180_9BURK	171	0				
CMD-like	tr|A0ABT2AFN9|A0ABT2AFN9_9BURK	154	0				
CMD-like	tr|A0ABT2AGJ6|A0ABT2AGJ6_9BURK	154	0				
CMD-like	tr|A0ABT2BGI4|A0ABT2BGI4_9BURK	146	0				
CMD-like	tr|A0ABT2BT37|A0ABT2BT37_9BURK	123	0				
CMD-like	tr|A0ABT2BWS8|A0ABT2BWS8_9BURK	177	0				
CMD-like	tr|A0ABT2D8P7|A0ABT2D8P7_9BURK	129	0				
CMD-like	tr|A0ABT2G210|A0ABT2G210_9CORY	139	0				
CMD-like	tr|A0ABT2GAH4|A0ABT2GAH4_9MICO	156	0				
CMD-like	tr|A0ABT2GSI8|A0ABT2GSI8_9MICO	181	0				
CMD-like	tr|A0ABT2I4J7|A0ABT2I4J7_9SPHN	203	0				
CMD-like	tr|A0ABT2J7J6|A0ABT2J7J6_9PSEU	177	0				
CMD-like	tr|A0ABT2JZF4|A0ABT2JZF4_9ACTN	152	0				
CMD-like	tr|A0ABT2NRV7|A0ABT2NRV7_9RHOB	183	0				
CMD-like	tr|A0ABT2PJH4|A0ABT2PJH4_9BURK	133	0				
CMD-like	tr|A0ABT2PK91|A0ABT2PK91_9BURK	186	0				
CMD-like	tr|A0ABT2PY40|A0ABT2PY40_9MOLU	197	0				
CMD-like	tr|A0ABT2QUD2|A0ABT2QUD2_9GAMM	205	0				
CMD-like	tr|A0ABT2XCJ6|A0ABT2XCJ6_9GAMM	126	0				
CMD-like	tr|A0ABT2ZKS9|A0ABT2ZKS9_9RHOB	151	0				
CMD-like	tr|A0ABT2ZN61|A0ABT2ZN61_9RHOB	122	0				
CMD-like	tr|A0ABT3ACH1|A0ABT3ACH1_9ALTE	159	0				
CMD-like	tr|A0ABT3AX20|A0ABT3AX20_9CYAN	196	0				
CMD-like	tr|A0ABT3B5D9|A0ABT3B5D9_9CYAN	189	0				
CMD-like	tr|A0ABT3CFK8|A0ABT3CFK8_9MYCO	138	0				
CMD-like	tr|A0ABT3CL35|A0ABT3CL35_9MYCO	179	0				
CMD-like	tr|A0ABT3CVT2|A0ABT3CVT2_9BACT	152	0				
CMD-like	tr|A0ABT3E1X9|A0ABT3E1X9_9XANT	155	0				
CMD-like	tr|A0ABT3FKQ5|A0ABT3FKQ5_9BACT	158	0				
CMD-like	tr|A0ABT3IMC6|A0ABT3IMC6_9BACT	147	0				
CMD-like	tr|A0ABT3INA5|A0ABT3INA5_9BACT	137	0				
CMD-like	tr|A0ABT3P186|A0ABT3P186_9PROT	133	0				
CMD-like	tr|A0ABT3PI20|A0ABT3PI20_9BACT	144	0				
CMD-like	tr|A0ABT3PI26|A0ABT3PI26_9BACT	153	0				
CMD-like	tr|A0ABT3Q1D1|A0ABT3Q1D1_9BACT	192	0				
CMD-like	tr|A0ABT3QAG1|A0ABT3QAG1_9PROT	151	0				
CMD-like	tr|A0ABT3QJQ7|A0ABT3QJQ7_9HYPH	130	0				
CMD-like	tr|A0ABT3SF99|A0ABT3SF99_9MYCO	186	0				
CMD-like	tr|A0ABT3SGI1|A0ABT3SGI1_9MYCO	170	0				
CMD-like	tr|A0ABT3SKR8|A0ABT3SKR8_9MYCO	191	0				
CMD-like	tr|A0ABT3SN18|A0ABT3SN18_9MYCO	194	0				
CMD-like	tr|A0ABT3SQN8|A0ABT3SQN8_9GAMM	195	0				
CMD-like	tr|A0ABT3TD18|A0ABT3TD18_9GAMM	126	0				
CMD-like	tr|A0ABT3THZ7|A0ABT3THZ7_9GAMM	180	0				
CMD-like	tr|A0ABT3TKR8|A0ABT3TKR8_9GAMM	189	0				
CMD-like	tr|A0ABT3U2U2|A0ABT3U2U2_9ACTN	127	0				
CMD-like	tr|A0ABT3X1X5|A0ABT3X1X5_9BACL	125	0				
CMD-like	tr|A0ABT3XUT4|A0ABT3XUT4_9FLAO	146	0				
CMD-like	tr|A0ABT3ZDB5|A0ABT3ZDB5_9HYPH	153	0				
CMD-like	tr|A0ABT3ZJT2|A0ABT3ZJT2_9BURK	198	0				
CMD-like	tr|A0ABT4A2N5|A0ABT4A2N5_9BACT	153	0				
CMD-like	tr|A0ABT4ABH6|A0ABT4ABH6_9BACT	184	0				
CMD-like	tr|A0ABT4AMF1|A0ABT4AMF1_9BACT	177	0				
CMD-like	tr|A0ABT4AQH4|A0ABT4AQH4_9ACTN	205	0				
CMD-like	tr|A0ABT4AY08|A0ABT4AY08_9ACTN	132	0				
CMD-like	tr|A0ABT4BK60|A0ABT4BK60_9STAP	138	0				
CMD-like	tr|A0ABT4C6Z0|A0ABT4C6Z0_9ACTN	195	0				
CMD-like	tr|A0ABT4DRX9|A0ABT4DRX9_9BACL	136	0				
CMD-like	tr|A0ABT4E083|A0ABT4E083_9BACL	147	0				
CMD-like	tr|A0ABT4GR42|A0ABT4GR42_PAEAL	148	0				
CMD-like	tr|A0ABT4IAM0|A0ABT4IAM0_9ACTO	152	0				
CMD-like	tr|A0ABT4IFG0|A0ABT4IFG0_9EURY	153	0				
CMD-like	tr|A0ABT4L531|A0ABT4L531_9SPHI	154	0				
CMD-like	tr|A0ABT4LEV8|A0ABT4LEV8_9PROT	142	0				
CMD-like	tr|A0ABT4ML83|A0ABT4ML83_9NOCA	197	0				
CMD-like	tr|A0ABT4MSW5|A0ABT4MSW5_GORRU	153	0				
CMD-like	tr|A0ABT4MW99|A0ABT4MW99_GORRU	176	0				
CMD-like	tr|A0ABT4PQC6|A0ABT4PQC6_9MYCO	188	0				
CMD-like	tr|A0ABT4QHJ5|A0ABT4QHJ5_9BACL	149	0				
CMD-like	tr|A0ABT4QY85|A0ABT4QY85_9HYPH	128	0				
CMD-like	tr|A0ABT4RJW7|A0ABT4RJW7_9ACTN	153	0				
CMD-like	tr|A0ABT4RMG9|A0ABT4RMG9_9ACTN	122	0				
CMD-like	tr|A0ABT4RS42|A0ABT4RS42_9ACTN	194	0				
CMD-like	tr|A0ABT4SG74|A0ABT4SG74_9ACTN	150	0				
CMD-like	tr|A0ABT4U5Q5|A0ABT4U5Q5_9ACTN	148	0				
CMD-like	tr|A0ABT4VA70|A0ABT4VA70_9PSEU	153	0				
CMD-like	tr|A0ABT4VAG2|A0ABT4VAG2_9PSEU	168	0				
CMD-like	tr|A0ABT4VBC3|A0ABT4VBC3_9PSEU	158	0				
CMD-like	tr|A0ABT4VWZ4|A0ABT4VWZ4_9RHOB	191	0				
CMD-like	tr|A0ABT4WIP0|A0ABT4WIP0_9FLAO	144	0				
CMD-like	tr|A0ABT4WY94|A0ABT4WY94_9BACI	148	0				
CMD-like	tr|A0ABT4XM11|A0ABT4XM11_9PSED	184	0				
CMD-like	tr|A0ABT4YWR2|A0ABT4YWR2_9VIBR	124	0				
CMD-like	tr|A0ABT5BX63|A0ABT5BX63_9BACT	179	0				
CMD-like	tr|A0ABT5EA76|A0ABT5EA76_9BACT	177	0				
CMD-like	tr|A0ABT5GFK0|A0ABT5GFK0_9MICO	168	0				
CMD-like	tr|A0ABT5IBI9|A0ABT5IBI9_9CAUL	150	0				
CMD-like	tr|A0ABT5ISH7|A0ABT5ISH7_9NEIS	182	0				
CMD-like	tr|A0ABT5J0T9|A0ABT5J0T9_9NEIS	152	0				
CMD-like	tr|A0ABT5J9B8|A0ABT5J9B8_RHOTP	138	0				
CMD-like	tr|A0ABT5JAG6|A0ABT5JAG6_RHOTP	150	0				
CMD-like	tr|A0ABT5JJR8|A0ABT5JJR8_RHOTP	152	0				
CMD-like	tr|A0ABT5JX60|A0ABT5JX60_9BURK	129	0				
CMD-like	tr|A0ABT5KL01|A0ABT5KL01_9BURK	155	0				
CMD-like	tr|A0ABT5P9N2|A0ABT5P9N2_9PSED	147	0				
CMD-like	tr|A0ABT5PZR8|A0ABT5PZR8_9PSED	130	0				
CMD-like	tr|A0ABT5SQ54|A0ABT5SQ54_9PSEU	195	0				
CMD-like	tr|A0ABT5T5N4|A0ABT5T5N4_9RHOB	185	0				
CMD-like	tr|A0ABT5U4N3|A0ABT5U4N3_9GAMM	140	0				
CMD-like	tr|A0ABT5U6S1|A0ABT5U6S1_9GAMM	203	0				
CMD-like	tr|A0ABT5UBF9|A0ABT5UBF9_9GAMM	156	0				
CMD-like	tr|A0ABT5VR90|A0ABT5VR90_9BACT	183	0				
CMD-like	tr|A0ABT5WRJ2|A0ABT5WRJ2_9SPHN	202	0				
CMD-like	tr|A0ABT6C9M8|A0ABT6C9M8_9MICO	151	0				
CMD-like	tr|A0ABT6CEN5|A0ABT6CEN5_9SPHN	193	0				
CMD-like	tr|A0ABT6CNE0|A0ABT6CNE0_9SPHN	198	0				
CMD-like	tr|A0ABT6DL76|A0ABT6DL76_9BACT	159	0				
CMD-like	tr|A0ABT6FKI9|A0ABT6FKI9_9BACT	161	0				
CMD-like	tr|A0ABT6I323|A0ABT6I323_9GAMM	160	0				
CMD-like	tr|A0ABT6IHU4|A0ABT6IHU4_9PSED	131	0				
CMD-like	tr|A0ABT6LRE1|A0ABT6LRE1_9ACTN	139	0				
CMD-like	tr|A0ABT6M6C8|A0ABT6M6C8_9NOCA	148	0				
CMD-like	tr|A0ABT6MDS4|A0ABT6MDS4_9NOCA	132	0				
CMD-like	tr|A0ABT6MTJ5|A0ABT6MTJ5_9GAMM	151	0				
CMD-like	tr|A0ABT6NEA3|A0ABT6NEA3_9FIRM	188	0				
CMD-like	tr|A0ABT6PKI4|A0ABT6PKI4_9PSEU	151	0				
CMD-like	tr|A0ABT6PRD9|A0ABT6PRD9_9PSEU	186	0				
CMD-like	tr|A0ABT6RG84|A0ABT6RG84_9BACT	145	0				
CMD-like	tr|A0ABT6RMZ0|A0ABT6RMZ0_9ACTN	149	0				
CMD-like	tr|A0ABT6SBX3|A0ABT6SBX3_9ACTN	150	0				
CMD-like	tr|A0ABT6SNA7|A0ABT6SNA7_9ACTN	174	0				
CMD-like	tr|A0ABT6T122|A0ABT6T122_9ACTN	128	0				
CMD-like	tr|A0ABT6T3Y8|A0ABT6T3Y8_9ACTN	154	0				
CMD-like	tr|A0ABT6TVE2|A0ABT6TVE2_9GAMM	151	0				
CMD-like	tr|A0ABT6UC80|A0ABT6UC80_9GAMM	134	0				
CMD-like	tr|A0ABT6YBD8|A0ABT6YBD8_9BACT	180	0				
CMD-like	tr|A0ABT6YG07|A0ABT6YG07_9BACT	177	0				
CMD-like	tr|A0ABT6YJY5|A0ABT6YJY5_9BACT	131	0				
CMD-like	tr|A0ABT6ZW27|A0ABT6ZW27_9ACTN	144	0				
CMD-like	tr|A0ABT7AK82|A0ABT7AK82_9HYPH	156	0				
CMD-like	tr|A0ABT7CB02|A0ABT7CB02_9MICO	169	0				
CMD-like	tr|A0ABT7CEF6|A0ABT7CEF6_9BACT	156	0				
CMD-like	tr|A0ABT7CVN9|A0ABT7CVN9_9BACT	160	0				
CMD-like	tr|A0ABT7CXI3|A0ABT7CXI3_9BACT	147	0				
CMD-like	tr|A0ABT7CYR8|A0ABT7CYR8_9BACT	165	0				
CMD-like	tr|A0ABT7DZS0|A0ABT7DZS0_9NEIS	187	0				
CMD-like	tr|A0ABT7E4C8|A0ABT7E4C8_9NEIS	125	0				
CMD-like	tr|A0ABT7EJC0|A0ABT7EJC0_9GAMM	185	0				
CMD-like	tr|A0ABT7ET67|A0ABT7ET67_9GAMM	139	0				
CMD-like	tr|A0ABT7FKL6|A0ABT7FKL6_9RHOB	185	0				
CMD-like	tr|A0ABT7HYE6|A0ABT7HYE6_MAMSC	156	0				
CMD-like	tr|A0ABT7J656|A0ABT7J656_9ACTN	158	0				
CMD-like	tr|A0ABT7JU02|A0ABT7JU02_9HYPH	122	0				
CMD-like	tr|A0ABT7L878|A0ABT7L878_9BACI	125	0				
CMD-like	tr|A0ABT7MAN2|A0ABT7MAN2_9PSEU	126	0				
CMD-like	tr|A0ABT7MG58|A0ABT7MG58_9PSEU	153	0				
CMD-like	tr|A0ABT7MHK2|A0ABT7MHK2_9PSEU	187	0				
CMD-like	tr|A0ABT7MMY9|A0ABT7MMY9_9BACL	142	0				
CMD-like	tr|A0ABT7N294|A0ABT7N294_9MICO	191	0				
CMD-like	tr|A0ABT7N2L9|A0ABT7N2L9_9MICO	163	0				
CMD-like	tr|A0ABT7NEY9|A0ABT7NEY9_9BURK	159	0				
CMD-like	tr|A0ABT7PGI3|A0ABT7PGI3_9BACT	158	0				
CMD-like	tr|A0ABT7V8X5|A0ABT7V8X5_9ACTN	127	0				
CMD-like	tr|A0ABT7W6S0|A0ABT7W6S0_9BORD	139	0				
CMD-like	tr|A0ABT7W7U0|A0ABT7W7U0_9BORD	153	0				
CMD-like	tr|A0ABT7XN25|A0ABT7XN25_9NEIS	124	0				
CMD-like	tr|A0ABT7XUH3|A0ABT7XUH3_9NEIS	154	0				
CMD-like	tr|A0ABT8B4X2|A0ABT8B4X2_9NEIS	178	0				
CMD-like	tr|A0ABT8D7Z9|A0ABT8D7Z9_9RHOB	138	0				
CMD-like	tr|A0ABT8EGB7|A0ABT8EGB7_9BURK	135	0				
CMD-like	tr|A0ABT8EJ11|A0ABT8EJ11_9BURK	149	0				
CMD-like	tr|A0ABT8FWY7|A0ABT8FWY7_9MICO	124	0				
CMD-like	tr|A0ABT8H062|A0ABT8H062_9ACTN	166	0				
CMD-like	tr|A0ABT8H9L2|A0ABT8H9L2_MYCAO	184	0				
CMD-like	tr|A0ABT8K4U2|A0ABT8K4U2_9MICC	155	0				
CMD-like	tr|A0ABT8LE53|A0ABT8LE53_9BACT	147	0				
CMD-like	tr|A0ABT8M196|A0ABT8M196_9EURY	138	0				
CMD-like	tr|A0ABT8RJ58|A0ABT8RJ58_9FLAO	169	0				
CMD-like	tr|A0ABT8SCC9|A0ABT8SCC9_9BURK	174	0				
CMD-like	tr|A0ABT8TIB7|A0ABT8TIB7_9GAMM	157	0				
CMD-like	tr|A0ABT8Y892|A0ABT8Y892_9SPHN	122	0				
CMD-like	tr|A0ABT8YDZ5|A0ABT8YDZ5_9SPHN	153	0				
CMD-like	tr|A0ABT8YH17|A0ABT8YH17_9HYPH	172	0				
CMD-like	tr|A0ABT8ZEY5|A0ABT8ZEY5_9GAMM	149	0				
CMD-like	tr|A0ABT9BJU5|A0ABT9BJU5_9MICO	187	0				
CMD-like	tr|A0ABT9D659|A0ABT9D659_9CELL	125	0				
CMD-like	tr|A0ABT9DTN9|A0ABT9DTN9_9PROT	136	0				
CMD-like	tr|A0ABT9DZY2|A0ABT9DZY2_9PROT	186	0				
CMD-like	tr|A0ABT9H381|A0ABT9H381_9GAMM	155	0				
CMD-like	tr|A0ABT9HLC3|A0ABT9HLC3_9SPHN	189	0				
CMD-like	tr|A0ABT9I7V8|A0ABT9I7V8_9ACTN	205	0				
CMD-like	tr|A0ABT9IZJ5|A0ABT9IZJ5_9BACL	145	0				
CMD-like	tr|A0ABT9MNK7|A0ABT9MNK7_9ACTN	125	0				
CMD-like	tr|A0ABT9NEG5|A0ABT9NEG5_9ACTO	125	0				
CMD-like	tr|A0ABT9W582|A0ABT9W582_9BACI	127	0				
CMD-like	tr|A0ABT9Z2A2|A0ABT9Z2A2_9BACI	124	0				
CMD-like	tr|A0ABU0FPI3|A0ABU0FPI3_9HYPH	134	0				
CMD-like	tr|A0ABU0I7R5|A0ABU0I7R5_9HYPH	203	0				
CMD-like	tr|A0ABU0LQY3|A0ABU0LQY3_9HYPH	178	0				
CMD-like	tr|A0ABU0M9L9|A0ABU0M9L9_9HYPH	128	0				
CMD-like	tr|A0ABU0RGR6|A0ABU0RGR6_9ACTN	170	0				
CMD-like	tr|A0ABU0WPD3|A0ABU0WPD3_9PROT	141	0				
CMD-like	tr|A0ABU0WQI4|A0ABU0WQI4_9PROT	127	0				
CMD-like	tr|A0ABU0WVY6|A0ABU0WVY6_9PSEU	136	0				
CMD-like	tr|A0ABU0YP69|A0ABU0YP69_9PROT	152	0				
CMD-like	tr|A0ABU0YRN1|A0ABU0YRN1_9PROT	175	0				
CMD-like	tr|A0ABU0ZBP3|A0ABU0ZBP3_9ACTN	202	0				
CMD-like	tr|A0ABU0ZEC7|A0ABU0ZEC7_9ACTN	178	0				
CMD-like	tr|A0ABU0ZL77|A0ABU0ZL77_9ACTN	185	0				
CMD-like	tr|A0ABU0ZU00|A0ABU0ZU00_9ACTN	190	0				
CMD-like	tr|A0ABU1D4Q4|A0ABU1D4Q4_9BURK	188	0				
CMD-like	tr|A0ABU1DAI5|A0ABU1DAI5_9HYPH	152	0				
CMD-like	tr|A0ABU1DAL0|A0ABU1DAL0_9HYPH	140	0				
CMD-like	tr|A0ABU1DHK6|A0ABU1DHK6_9HYPH	187	0				
CMD-like	tr|A0ABU1G7R7|A0ABU1G7R7_9GAMM	199	0				
CMD-like	tr|A0ABU1HHV1|A0ABU1HHV1_9GAMM	162	0				
CMD-like	tr|X0PXD6|X0PXD6_RHOWR	124	0				
CMD-like	tr|X0Q2L5|X0Q2L5_RHOWR	195	0				
CMD-like	tr|X5DIM9|X5DIM9_9CORY	144	0				
CMD-like	tr|X5DPI4|X5DPI4_9CORY	156	0				
CMD-like	tr|X5M7R3|X5M7R3_9HYPH	188	0				
CMD-like	tr|X5MCW7|X5MCW7_9HYPH	125	0				
CMD-like	tr|W4LTA6|W4LTA6_ENTF1	133	0				
CMD-like	tr|W4LY44|W4LY44_9BACT	185	0				
CMD-like	tr|W4M4V5|W4M4V5_9BACT	181	0				
CMD-like	tr|W4MBN4|W4MBN4_9BACT	185	0				
CMD-like	tr|W4MCE3|W4MCE3_9BACT	120	0				
CMD-like	tr|W4MEB5|W4MEB5_9BACT	185	0				
CMD-like	tr|W4QGM1|W4QGM1_9BACI	130	0				
CMD-like	tr|W4VQD4|W4VQD4_9BACI	129	0				
CMD-like	tr|W5W1Y0|W5W1Y0_9PSEU	157	0				
CMD-like	tr|W5W8J2|W5W8J2_9PSEU	142	0				
CMD-like	tr|W5WNY0|W5WNY0_9PSEU	149	0				
CMD-like	tr|W6PPJ6|W6PPJ6_METBM	121	0				
CMD-like	tr|W6RII9|W6RII9_9HYPH	195	0				
CMD-like	tr|W6RPU7|W6RPU7_9HYPH	140	0				
CMD-like	tr|W6S6L5|W6S6L5_9HYPH	143	0				
CMD-like	tr|W7B975|W7B975_9LIST	165	0				
CMD-like	tr|W7DP13|W7DP13_9LIST	129	0				
CMD-like	tr|W7DYZ0|W7DYZ0_9PROT	205	0				
CMD-like	tr|W7IV65|W7IV65_9PSEU	152	0				
CMD-like	tr|W7IX76|W7IX76_9PSEU	200	0				
CMD-like	tr|V2XDZ0|V2XDZ0_MONRO	162	0				
CMD-like	tr|V2XV13|V2XV13_MONRO	170	0				
CMD-like	tr|V4PPG7|V4PPG7_9CAUL	152	0				
CMD-like	tr|V4RGS1|V4RGS1_9HYPH	129	0				
CMD-like	tr|V5DK69|V5DK69_9GAMM	189	0				
CMD-like	tr|V5ZDI6|V5ZDI6_9GAMM	138	0				
CMD-like	tr|V6JUD9|V6JUD9_STRRC	145	0				
CMD-like	tr|V7I4D3|V7I4D3_9CLOT	184	0				
CMD-like	tr|V8QNS9|V8QNS9_9BURK	170	0				
CMD-like	tr|V8QSC4|V8QSC4_9BURK	135	0				
CMD-like	tr|V8QSK2|V8QSK2_9BURK	189	0				
CMD-like	tr|V9KT96|V9KT96_CALMI	154	0				
CMD-like	tr|V9VZG0|V9VZG0_9RHOB	186	0				
CMD-like	tr|V9VZK5|V9VZK5_9RHOB	195	0				
CMD-like	tr|W0A267|W0A267_9SPHN	159	0				
CMD-like	tr|W0BHA0|W0BHA0_9GAMM	127	0				
CMD-like	tr|A0A1E3H2X2|A0A1E3H2X2_9HYPH	154	0				
CMD-like	tr|A0A1E3RWH6|A0A1E3RWH6_9MYCO	127	0				
CMD-like	tr|A0A1E3SP43|A0A1E3SP43_MYCIE	204	0				
CMD-like	tr|A0A1E3T2U2|A0A1E3T2U2_9MYCO	190	0				
CMD-like	tr|A0A1E4TIG5|A0A1E4TIG5_9ASCO	210	0				
CMD-like	tr|A0A1E5KT28|A0A1E5KT28_9ENTE	130	0				
CMD-like	tr|A0A1E5LDF1|A0A1E5LDF1_9BACI	123	0				
CMD-like	tr|A0A1E5Q3P5|A0A1E5Q3P5_9PROT	187	0				
CMD-like	tr|A0A1E5XPQ3|A0A1E5XPQ3_9HYPH	151	0				
CMD-like	tr|A0A1E7JWW7|A0A1E7JWW7_9ACTN	178	0				
CMD-like	tr|A0A1E7L446|A0A1E7L446_9ACTN	186	0				
CMD-like	tr|A0A1E7Z8W8|A0A1E7Z8W8_9ALTE	152	0				
CMD-like	tr|A0A1E8GL79|A0A1E8GL79_9LACT	124	0				
CMD-like	tr|A0A1E8Q304|A0A1E8Q304_9MYCO	176	0				
CMD-like	tr|A0A1G1TFV3|A0A1G1TFV3_9BACT	180	0				
CMD-like	tr|A0A1G5F3C7|A0A1G5F3C7_9HYPH	131	0				
CMD-like	tr|A0A1G5V357|A0A1G5V357_9EURY	127	0				
CMD-like	tr|A0A1G6DZS7|A0A1G6DZS7_9HYPH	182	0				
CMD-like	tr|A0A1G6IPT2|A0A1G6IPT2_9MICO	171	0				
CMD-like	tr|A0A1G6JML0|A0A1G6JML0_9GAMM	144	0				
CMD-like	tr|A0A1G6W3F2|A0A1G6W3F2_9ACTN	131	0				
CMD-like	tr|A0A1G7AJH8|A0A1G7AJH8_9PROT	131	0				
CMD-like	tr|A0A1G7H7Z1|A0A1G7H7Z1_9RHOB	134	0				
CMD-like	tr|A0A1G7IKK6|A0A1G7IKK6_9FLAO	157	0				
CMD-like	tr|A0A1G7M8R2|A0A1G7M8R2_9SPHN	130	0				
CMD-like	tr|A0A1G7T779|A0A1G7T779_9EURY	185	0				
CMD-like	tr|A0A1G7V107|A0A1G7V107_9PROT	150	0				
CMD-like	tr|A0A1G7VM86|A0A1G7VM86_9MICO	185	0				
CMD-like	tr|A0A1G8A2M7|A0A1G8A2M7_9HYPH	133	0				
CMD-like	tr|A0A1G8FXS6|A0A1G8FXS6_9MICO	143	0				
CMD-like	tr|A0A1G8Z7V8|A0A1G8Z7V8_9ACTN	171	0				
CMD-like	tr|A0A1G9JHM1|A0A1G9JHM1_9GAMM	133	0				
CMD-like	tr|A0A1G9MBY0|A0A1G9MBY0_9FIRM	128	0				
CMD-like	tr|A0A101SQ86|A0A101SQ86_9ACTN	163	0				
CMD-like	tr|A0A101SVD7|A0A101SVD7_9ACTN	183	0				
CMD-like	tr|A0A101T4Q4|A0A101T4Q4_9ACTN	149	0				
CMD-like	tr|A0A101U3F9|A0A101U3F9_9ACTN	130	0				
CMD-like	tr|A0A101UUV3|A0A101UUV3_9ACTN	157	0				
CMD-like	tr|A0A101XNR2|A0A101XNR2_9BACL	155	0				
CMD-like	tr|A0A103E1F2|A0A103E1F2_9BURK	146	0				
CMD-like	tr|A0A0R3LHY7|A0A0R3LHY7_9BRAD	184	0				
CMD-like	tr|A0A0R3MUH8|A0A0R3MUH8_9BRAD	126	0				
CMD-like	tr|A0A0R3N8U5|A0A0R3N8U5_9BRAD	185	0				
CMD-like	tr|A0A2T4ZEI0|A0A2T4ZEI0_9HYPH	187	0				
CMD-like	tr|A0A2T5MD02|A0A2T5MD02_9GAMM	207	0				
CMD-like	tr|A0A2T5MG48|A0A2T5MG48_9GAMM	164	0				
CMD-like	tr|A0A2T5UW78|A0A2T5UW78_9HYPH	130	0				
CMD-like	tr|A0A2T5VE68|A0A2T5VE68_9HYPH	130	0				
CMD-like	tr|A0A2T7AQV1|A0A2T7AQV1_9ENTR	159	0				
CMD-like	tr|A0A2T7BI29|A0A2T7BI29_9BACT	145	0				
CMD-like	tr|A0A2T7BPX6|A0A2T7BPX6_9BACT	155	0				
CMD-like	tr|A0ABU1LS53|A0ABU1LS53_9BURK	170	0				
CMD-like	tr|A0ABU1MLQ5|A0ABU1MLQ5_9SPHN	145	0				
CMD-like	tr|A0ABU1UDT8|A0ABU1UDT8_9MICC	173	0				
CMD-like	tr|A0ABU1WC30|A0ABU1WC30_9GAMM	134	0				
CMD-like	tr|A0ABU1XGP8|A0ABU1XGP8_9NOCA	133	0				
CMD-like	tr|A0ABU2H396|A0ABU2H396_9ACTN	152	0				
CMD-like	tr|A0ABU2H524|A0ABU2H524_9ACTN	204	0				
CMD-like	tr|A0ABU2H8Q6|A0ABU2H8Q6_9ACTN	146	0				
CMD-like	tr|A0ABU2JQQ7|A0ABU2JQQ7_9ACTN	157	0				
CMD-like	tr|A0ABU2KQ41|A0ABU2KQ41_9ACTN	157	0				
CMD-like	tr|A0ABU2L6Z3|A0ABU2L6Z3_9ACTN	143	0				
CMD-like	tr|A0ABU2LCI7|A0ABU2LCI7_9ACTN	154	0				
CMD-like	tr|A0ABU2LUV7|A0ABU2LUV7_9ACTN	136	0				
CMD-like	tr|A0ABU2M7J0|A0ABU2M7J0_9ACTN	150	0				
CMD-like	tr|A0ABU2MTG9|A0ABU2MTG9_9ACTN	151	0				
CMD-like	tr|A0ABU2MXU6|A0ABU2MXU6_9ACTN	161	0				
CMD-like	tr|A0ABU2NGM3|A0ABU2NGM3_9PSEU	148	0				
CMD-like	tr|A0ABU2Q5N2|A0ABU2Q5N2_9ACTN	157	0				
CMD-like	tr|A0ABU2QV59|A0ABU2QV59_9ACTN	139	0				
CMD-like	tr|A0ABU2R3M5|A0ABU2R3M5_9ACTN	182	0				
CMD-like	tr|A0ABU2RAS2|A0ABU2RAS2_9ACTN	136	0				
CMD-like	tr|A0ABU2SNN2|A0ABU2SNN2_9ACTN	161	0				
CMD-like	tr|A0ABU2SRP8|A0ABU2SRP8_9ACTN	185	0				
CMD-like	tr|A0ABU2TLS1|A0ABU2TLS1_9ACTN	157	0				
CMD-like	tr|A0ABU2V247|A0ABU2V247_9ACTN	173	0				
CMD-like	tr|A0ABU2XV23|A0ABU2XV23_9ACTN	157	0				
CMD-like	tr|A0ABU2ZMT3|A0ABU2ZMT3_9ALTE	195	0				
CMD-like	tr|A0ABU3AA66|A0ABU3AA66_9FLAO	150	0				
CMD-like	tr|A0ABU3B803|A0ABU3B803_9GAMM	136	0				
CMD-like	tr|A0ABU3B822|A0ABU3B822_9GAMM	153	0				
CMD-like	tr|A0ABU3C3G0|A0ABU3C3G0_9GAMM	178	0				
CMD-like	tr|A0ABU3CEQ0|A0ABU3CEQ0_9FLAO	143	0				
CMD-like	tr|A0ABU3DAX8|A0ABU3DAX8_9FLAO	201	0				
CMD-like	tr|A0ABU3DJ01|A0ABU3DJ01_9RHOB	135	0				
CMD-like	tr|A0ABU3E212|A0ABU3E212_9FLAO	186	0				
CMD-like	tr|A0ABU3HAC0|A0ABU3HAC0_9BACL	131	0				
CMD-like	tr|A0ABU3K7D4|A0ABU3K7D4_9BACT	129	0				
CMD-like	tr|A0ABU3P9K3|A0ABU3P9K3_9BURK	200	0				
CMD-like	tr|A0ABU3PU77|A0ABU3PU77_9ACTN	184	0				
CMD-like	tr|A0ABU3Q0X5|A0ABU3Q0X5_9ACTN	183	0				
CMD-like	tr|A0ABU3QK28|A0ABU3QK28_9ACTN	127	0				
CMD-like	tr|A0ABU3QUZ0|A0ABU3QUZ0_9ACTN	136	0				
CMD-like	tr|A0ABU3UG54|A0ABU3UG54_9ACTN	183	0				
CMD-like	tr|A0ABU3V1L4|A0ABU3V1L4_9ACTN	176	0				
CMD-like	tr|A0ABU3V6R8|A0ABU3V6R8_9ACTN	152	0				
CMD-like	tr|A0ABU3VWI2|A0ABU3VWI2_9GAMM	158	0				
CMD-like	tr|A0ABU3WSJ1|A0ABU3WSJ1_9NOCA	152	0				
CMD-like	tr|A0ABU4C2I4|A0ABU4C2I4_RHOGO	197	0				
CMD-like	tr|A0ABU4C5I4|A0ABU4C5I4_RHOGO	178	0				
CMD-like	tr|A0ABU4HNK1|A0ABU4HNK1_9ACTN	180	0				
CMD-like	tr|A0ABU4L371|A0ABU4L371_9ACTN	199	0				
CMD-like	tr|A0ABU4MU05|A0ABU4MU05_9ACTN	127	0				
CMD-like	tr|A0ABU4S3G2|A0ABU4S3G2_9GAMM	150	0				
CMD-like	tr|A0ABU4S3G4|A0ABU4S3G4_9GAMM	178	0				
CMD-like	tr|A0ABU4SSY1|A0ABU4SSY1_9PSEU	123	0				
CMD-like	tr|A0ABU4UF18|A0ABU4UF18_9GAMM	178	0				
CMD-like	tr|A0ABU4XEF7|A0ABU4XEF7_9HYPH	157	0				
CMD-like	tr|A0ABU5ACH2|A0ABU5ACH2_9HYPH	125	0				
CMD-like	tr|A0ABU5CJA9|A0ABU5CJA9_9BACI	143	0				
CMD-like	tr|A0ABU5DT86|A0ABU5DT86_9BURK	146	0				
CMD-like	tr|A0ABU5DUC7|A0ABU5DUC7_9BURK	151	0				
CMD-like	tr|A0ABU5DYR2|A0ABU5DYR2_9PROT	151	0				
CMD-like	tr|A0ABU5EFV5|A0ABU5EFV5_9PROT	178	0				
CMD-like	tr|A0ABU5F6H1|A0ABU5F6H1_9BACT	194	0				
CMD-like	tr|A0ABU5H039|A0ABU5H039_9BACT	158	0				
CMD-like	tr|A0ABU5I866|A0ABU5I866_9BURK	174	0				
CMD-like	tr|A0ABU5IAY0|A0ABU5IAY0_9BURK	136	0				
CMD-like	tr|A0ABU5IHU3|A0ABU5IHU3_9BURK	137	0				
CMD-like	tr|A0ABU5IRM8|A0ABU5IRM8_9BURK	134	0				
CMD-like	tr|A0ABU5IYI0|A0ABU5IYI0_9BACI	123	0				
CMD-like	tr|A0ABU5K917|A0ABU5K917_9ACTN	208	0				
CMD-like	tr|A0ABU5KBR3|A0ABU5KBR3_9ACTN	153	0				
CMD-like	tr|A0ABU5L6Y6|A0ABU5L6Y6_9RICK	137	0				
CMD-like	tr|A0ABU5MKF9|A0ABU5MKF9_9GAMM	150	0				
CMD-like	tr|A0ABU5NCK6|A0ABU5NCK6_9RICK	125	0				
CMD-like	tr|A0ABU5RA67|A0ABU5RA67_9PSEU	193	0				
CMD-like	tr|A0ABU5TBY2|A0ABU5TBY2_9MICC	148	0				
CMD-like	tr|A0ABU5VKB7|A0ABU5VKB7_9PSED	172	0				
CMD-like	tr|A0ABU5VQ10|A0ABU5VQ10_9BACT	158	0				
CMD-like	tr|A0ABU5W0C5|A0ABU5W0C5_AERCA	140	0				
CMD-like	tr|A0ABU5ZMH7|A0ABU5ZMH7_9BACL	121	0				
CMD-like	tr|A0ABU5ZRQ1|A0ABU5ZRQ1_9FLAO	144	0				
CMD-like	tr|A0ABU5ZTZ8|A0ABU5ZTZ8_9FLAO	150	0				
CMD-like	tr|A0ABU6AE82|A0ABU6AE82_9PSEU	121	0				
CMD-like	tr|A0ABU6AXG4|A0ABU6AXG4_9NOCA	142	0				
CMD-like	tr|A0ABU6EBQ7|A0ABU6EBQ7_9GAMM	143	0				
CMD-like	tr|A0ABU6F5X1|A0ABU6F5X1_9ACTN	178	0				
CMD-like	tr|A0ABU6FME7|A0ABU6FME7_9PROT	152	0				
CMD-like	tr|A0ABU6GDB8|A0ABU6GDB8_9BACL	147	0				
CMD-like	tr|A0ABU6HWE2|A0ABU6HWE2_9FLAO	177	0				
CMD-like	tr|A0ABU6J4D3|A0ABU6J4D3_9BURK	154	0				
CMD-like	tr|A0ABU6JAY3|A0ABU6JAY3_9BURK	144	0				
CMD-like	tr|A0ABU6JB72|A0ABU6JB72_9BURK	191	0				
CMD-like	tr|A0ABU6JXU4|A0ABU6JXU4_9RHOO	151	0				
CMD-like	tr|A0ABU6LG47|A0ABU6LG47_9GAMM	166	0				
CMD-like	tr|A0ABU7FD40|A0ABU7FD40_9ACTN	191	0				
CMD-like	tr|A0ABU7FSA8|A0ABU7FSA8_9ACTN	157	0				
CMD-like	tr|A0ABU7FST4|A0ABU7FST4_9ACTN	156	0				
CMD-like	tr|A0ABU7FY75|A0ABU7FY75_9ACTN	158	0				
CMD-like	tr|A0ABU7IY77|A0ABU7IY77_9FLAO	150	0				
CMD-like	tr|A0ABU7JDI1|A0ABU7JDI1_9GAMM	153	0				
CMD-like	tr|A0ABU7JLE7|A0ABU7JLE7_9NOCA	198	0				
CMD-like	tr|A0ABU7KCN7|A0ABU7KCN7_9ACTN	157	0				
CMD-like	tr|A0ABU7L3Z0|A0ABU7L3Z0_9NOCA	157	0				
CMD-like	tr|A0ABU7L8W3|A0ABU7L8W3_9NOCA	190	0				
CMD-like	tr|A0ABU7M9E3|A0ABU7M9E3_9ACTN	148	0				
CMD-like	tr|A0ABU7MIU8|A0ABU7MIU8_9ACTN	131	0				
CMD-like	tr|A0ABU7PEM6|A0ABU7PEM6_9ACTN	181	0				
CMD-like	tr|A0ABU7PHK9|A0ABU7PHK9_9ACTN	180	0				
CMD-like	tr|A0ABU7Q4T8|A0ABU7Q4T8_9ACTN	148	0				
CMD-like	tr|A0ABU7RE87|A0ABU7RE87_9BACT	145	0				
CMD-like	tr|A0ABU7SR87|A0ABU7SR87_9LACO	125	0				
CMD-like	tr|A0ABU7X293|A0ABU7X293_9ACTN	142	0				
CMD-like	tr|A0ABU8AEY4|A0ABU8AEY4_9ACTN	130	0				
CMD-like	tr|A0ABU8C495|A0ABU8C495_9GAMM	151	0				
CMD-like	tr|A0ABU8CZQ7|A0ABU8CZQ7_9GAMM	148	0				
CMD-like	tr|A0ABU8D9N5|A0ABU8D9N5_9GAMM	177	0				
CMD-like	tr|A0ABU8F4V4|A0ABU8F4V4_9BACI	129	0				
CMD-like	tr|A0ABU8I8W9|A0ABU8I8W9_9SPHI	145	0				
CMD-like	tr|A0ABU8LNT9|A0ABU8LNT9_9MICO	146	0				
CMD-like	tr|A0ABU8M225|A0ABU8M225_9PSEU	131	0				
CMD-like	tr|A0ABU8MHW4|A0ABU8MHW4_9PSEU	205	0				
CMD-like	tr|A0ABU8MJ61|A0ABU8MJ61_9PSEU	159	0				
CMD-like	tr|A0ABU8MTM6|A0ABU8MTM6_9PSEU	210	0				
CMD-like	tr|A0ABU8N8V6|A0ABU8N8V6_9PSEU	132	0				
CMD-like	tr|A0ABU8NNN9|A0ABU8NNN9_9SPHI	149	0				
CMD-like	tr|A0ABU8NXM1|A0ABU8NXM1_9CORY	155	0				
CMD-like	tr|A0ABU8PVC7|A0ABU8PVC7_9GAMM	159	0				
CMD-like	tr|A0ABU8QIY8|A0ABU8QIY8_9RHOB	183	0				
CMD-like	tr|A0ABU8RXA3|A0ABU8RXA3_9SPHN	207	0				
CMD-like	tr|A0ABU8RXH5|A0ABU8RXH5_9SPHN	210	0				
CMD-like	tr|A0ABU8S0X1|A0ABU8S0X1_9SPHN	185	0				
CMD-like	tr|A0ABU8SBH7|A0ABU8SBH7_9SPHN	204	0				
CMD-like	tr|A0ABU8SCP3|A0ABU8SCP3_9SPHN	193	0				
CMD-like	tr|A0ABU8SPD8|A0ABU8SPD8_9GAMM	174	0				
CMD-like	tr|A0ABU8VC70|A0ABU8VC70_9BURK	197	0				
CMD-like	tr|A0ABU8VQP2|A0ABU8VQP2_9BURK	180	0				
CMD-like	tr|A0ABU8VQZ2|A0ABU8VQZ2_9BURK	182	0				
CMD-like	tr|A0ABU8W8Y3|A0ABU8W8Y3_9BURK	179	0				
CMD-like	tr|A0ABU8WE06|A0ABU8WE06_9BURK	146	0				
CMD-like	tr|A0ABU8WFL5|A0ABU8WFL5_9BURK	136	0				
CMD-like	tr|A0ABU8WL14|A0ABU8WL14_9BURK	125	0				
CMD-like	tr|A0ABU8XKT2|A0ABU8XKT2_9PROT	152	0				
CMD-like	tr|A0ABU8XS89|A0ABU8XS89_9PROT	129	0				
CMD-like	tr|A0ABU8XSK1|A0ABU8XSK1_9PROT	137	0				
CMD-like	tr|A0ABU8Z1V6|A0ABU8Z1V6_9ENTR	147	0				
CMD-like	tr|A0ABU9BIL5|A0ABU9BIL5_9BURK	196	0				
CMD-like	tr|A0ABU9BJU7|A0ABU9BJU7_9BURK	185	0				
CMD-like	tr|A0ABU9CKY2|A0ABU9CKY2_9BURK	206	0				
CMD-like	tr|A0ABU9EAT5|A0ABU9EAT5_9BACT	146	0				
CMD-like	tr|A0ABU9F2K9|A0ABU9F2K9_9ENTR	143	0				
CMD-like	tr|A0ABU9GG52|A0ABU9GG52_COBMA	150	0				
CMD-like	tr|A0ABU9HBZ5|A0ABU9HBZ5_9GAMM	155	0				
CMD-like	tr|A0ABU9L453|A0ABU9L453_9FLAO	143	0				
CMD-like	tr|A0ABU9MTY4|A0ABU9MTY4_9GAMM	151	0				
CMD-like	tr|A0ABU9TWA7|A0ABU9TWA7_9GAMM	178	0				
CMD-like	tr|A0ABU9U0F5|A0ABU9U0F5_9GAMM	151	0				
CMD-like	tr|A0ABU9VNE6|A0ABU9VNE6_9BACI	140	0				
CMD-like	tr|A0ABU9W7B3|A0ABU9W7B3_9MICO	163	0				
CMD-like	tr|A0ABU9W8K4|A0ABU9W8K4_9MICO	197	0				
CMD-like	tr|A0ABU9YBL7|A0ABU9YBL7_9SPHN	164	0				
CMD-like	tr|A0ABU9YYL8|A0ABU9YYL8_9RHOO	151	0				
CMD-like	tr|A0ABU9Z814|A0ABU9Z814_9HYPH	142	0				
CMD-like	tr|A0ABV0ARG9|A0ABV0ARG9_9ACTN	126	0				
CMD-like	tr|A0ABV0B9M6|A0ABV0B9M6_9SPHN	155	0				
CMD-like	tr|A0ABV0GDY5|A0ABV0GDY5_9BURK	121	0				
CMD-like	tr|A0ABV0HPZ1|A0ABV0HPZ1_9ENTR	124	0				
CMD-like	tr|A0ABV0IMB1|A0ABV0IMB1_9MICC	174	0				
CMD-like	tr|A0ABV0KCV5|A0ABV0KCV5_9CYAN	189	0				
CMD-like	tr|A0ABV0LLN5|A0ABV0LLN5_9PSEU	190	0				
CMD-like	tr|A0ABV0M226|A0ABV0M226_9HYPH	152	0				
CMD-like	tr|A0ABV0MBY4|A0ABV0MBY4_9HYPH	184	0				
CMD-like	tr|A0ABV1HTT8|A0ABV1HTT8_9FIRM	193	0				
CMD-like	tr|A0ABV1K6D8|A0ABV1K6D8_9PSEU	193	0				
CMD-like	tr|A0ABV1KEX0|A0ABV1KEX0_9PSEU	200	0				
CMD-like	tr|A0ABV1KIE8|A0ABV1KIE8_9PSEU	138	0				
CMD-like	tr|A0ABV1KJQ9|A0ABV1KJQ9_9PSEU	199	0				
CMD-like	tr|A0ABV1LV92|A0ABV1LV92_9BURK	188	0				
CMD-like	tr|A0ABV1LYN7|A0ABV1LYN7_9BURK	134	0				
CMD-like	tr|A0ABV1NTB4|A0ABV1NTB4_9ACTN	132	0				
CMD-like	tr|A0ABV1UL09|A0ABV1UL09_9ACTN	180	0				
CMD-like	tr|A0ABV1UY28|A0ABV1UY28_9ACTN	199	0				
CMD-like	tr|A0ABV1VS49|A0ABV1VS49_9ACTN	154	0				
CMD-like	tr|A0ABV1VYF4|A0ABV1VYF4_9ACTN	135	0				
CMD-like	tr|A0ABV1WCS2|A0ABV1WCS2_9ACTN	157	0				
CMD-like	tr|A0ABV1WTT3|A0ABV1WTT3_9ACTN	133	0				
CMD-like	tr|A0ABV1X5C6|A0ABV1X5C6_9ACTN	165	0				
CMD-like	tr|A0ABV1XFE6|A0ABV1XFE6_9ACTN	123	0				
CMD-like	tr|A0ABV1XN05|A0ABV1XN05_9ACTN	134	0				
CMD-like	tr|A0ABV2B037|A0ABV2B037_9GAMM	132	0				
CMD-like	tr|A0ABV2BP22|A0ABV2BP22_9GAMM	120	0				
CMD-like	tr|A0ABV2BUP5|A0ABV2BUP5_9GAMM	155	0				
CMD-like	tr|A0ABV2CUY7|A0ABV2CUY7_9RHOO	158	0				
CMD-like	tr|A0ABV2D8A0|A0ABV2D8A0_9HYPH	157	0				
CMD-like	tr|A0ABV2J6B0|A0ABV2J6B0_9HYPH	183	0				
CMD-like	tr|A0ABV2Q8A4|A0ABV2Q8A4_9BURK	132	0				
CMD-like	tr|A0ABV2QHE5|A0ABV2QHE5_9BURK	145	0				
CMD-like	tr|A0ABV2QHH4|A0ABV2QHH4_9BURK	175	0				
CMD-like	tr|A0ABV2T6V4|A0ABV2T6V4_9BACT	136	0				
CMD-like	tr|A0ABV2TBN9|A0ABV2TBN9_9BACT	147	0				
CMD-like	tr|A0ABV2TCY3|A0ABV2TCY3_9BACT	152	0				
CMD-like	tr|A0ABV2WBC0|A0ABV2WBC0_9ACTN	176	0				
CMD-like	tr|A0ABV2WLE1|A0ABV2WLE1_9NOCA	202	0				
CMD-like	tr|A0ABV2YS56|A0ABV2YS56_9ACTN	157	0				
CMD-like	tr|A0ABV3AQN3|A0ABV3AQN3_9ACTN	156	0				
CMD-like	tr|A0ABV3B8I0|A0ABV3B8I0_9ACTN	176	0				
CMD-like	tr|A0ABV3BTW2|A0ABV3BTW2_9ACTN	154	0				
CMD-like	tr|A0ABV3DJ42|A0ABV3DJ42_9ACTN	146	0				
CMD-like	tr|A0ABV3DLF6|A0ABV3DLF6_9ACTN	163	0				
CMD-like	tr|A0ABV3DLR6|A0ABV3DLR6_9ACTN	184	0				
CMD-like	tr|A0ABV3EVL0|A0ABV3EVL0_9ACTN	148	0				
CMD-like	tr|A0ABV3FCX3|A0ABV3FCX3_9NOCA	155	0				
CMD-like	tr|A0ABV3FW32|A0ABV3FW32_9NOCA	199	0				
CMD-like	tr|A0ABV3G2U7|A0ABV3G2U7_9NOCA	177	0				
CMD-like	tr|A0ABV3GGE1|A0ABV3GGE1_MICGL	146	0				
CMD-like	tr|A0ABV3GRW5|A0ABV3GRW5_MICGL	161	0				
CMD-like	tr|A0ABV3H0H3|A0ABV3H0H3_9ACTN	203	0				
CMD-like	tr|A0ABV3HD32|A0ABV3HD32_9ACTN	143	0				
CMD-like	tr|A0ABV3IVP2|A0ABV3IVP2_9ACTN	167	0				
CMD-like	tr|A0ABV3JU75|A0ABV3JU75_STRON	147	0				
CMD-like	tr|A0ABV3JUR7|A0ABV3JUR7_STRON	158	0				
CMD-like	tr|A0ABV3PK78|A0ABV3PK78_9HYPH	150	0				
CMD-like	tr|A0ABV3PMJ8|A0ABV3PMJ8_9HYPH	182	0				
CMD-like	tr|A0ABV3PUN8|A0ABV3PUN8_9HYPH	151	0				
CMD-like	tr|A0ABV3QDK9|A0ABV3QDK9_9GAMM	139	0				
CMD-like	tr|A0ABV3QJD0|A0ABV3QJD0_9GAMM	152	0				
CMD-like	tr|A0ABV3QTN4|A0ABV3QTN4_9HYPH	152	0				
CMD-like	tr|A0ABV3SFN3|A0ABV3SFN3_9HYPH	208	0				
CMD-like	tr|A0ABV3SL43|A0ABV3SL43_9HYPH	175	0				
CMD-like	tr|A0ABV3SW75|A0ABV3SW75_9ACTN	165	0				
CMD-like	tr|A0ABV3T0S5|A0ABV3T0S5_9ACTN	203	0				
CMD-like	tr|A0ABV3T392|A0ABV3T392_9ACTN	199	0				
CMD-like	tr|A0ABV3UVX7|A0ABV3UVX7_9CORY	160	0				
CMD-like	tr|A0ABV3UXD3|A0ABV3UXD3_9CORY	123	0				
CMD-like	tr|A0ABV3V4P9|A0ABV3V4P9_9MICC	155	0				
CMD-like	tr|A0ABV3WYS6|A0ABV3WYS6_9HYPH	131	0				
CMD-like	tr|A0ABV3XTR5|A0ABV3XTR5_9RHOB	125	0				
CMD-like	tr|A0ABV3Y0G4|A0ABV3Y0G4_9ACTN	129	0				
CMD-like	tr|A0ABV3Y0J8|A0ABV3Y0J8_9ACTN	135	0				
CMD-like	tr|A0ABV3YFM4|A0ABV3YFM4_9ACTN	146	0				
CMD-like	tr|A0ABV3Z8S1|A0ABV3Z8S1_9PROT	153	0				
CMD-like	tr|A0ABV3ZFC0|A0ABV3ZFC0_9BACT	147	0				
CMD-like	tr|A0ABV3ZHZ7|A0ABV3ZHZ7_9BACT	176	0				
CMD-like	tr|A0ABV3ZLK6|A0ABV3ZLK6_9BACT	153	0				
CMD-like	tr|A0ABV4AD69|A0ABV4AD69_9GAMM	206	0				
CMD-like	tr|A0ABV4B0C0|A0ABV4B0C0_9BURK	152	0				
CMD-like	tr|A0ABV4BD67|A0ABV4BD67_9GAMM	130	0				
CMD-like	tr|A0ABV4BHF5|A0ABV4BHF5_9GAMM	188	0				
CMD-like	tr|A0ABV4C5N4|A0ABV4C5N4_9MYCO	199	0				
CMD-like	tr|A0ABV4C5P1|A0ABV4C5P1_9MYCO	181	0				
CMD-like	tr|A0ABV4C9T4|A0ABV4C9T4_9PSEU	135	0				
CMD-like	tr|A0ABV4CDX2|A0ABV4CDX2_9PSEU	149	0				
CMD-like	tr|A0ABV4CLK4|A0ABV4CLK4_9PSEU	150	0				
CMD-like	tr|A0ABV4H5K0|A0ABV4H5K0_9ACTN	123	0				
CMD-like	tr|A0ABV4HVM4|A0ABV4HVM4_9GAMM	185	0				
CMD-like	tr|A0ABV4JV85|A0ABV4JV85_9BACT	129	0				
CMD-like	tr|A0ABV4ND16|A0ABV4ND16_9VIBR	145	0				
CMD-like	tr|A0ABV4P1D8|A0ABV4P1D8_9GAMM	177	0				
CMD-like	tr|A0ABV4Q3X6|A0ABV4Q3X6_9ACTN	204	0				
CMD-like	tr|A0ABV4TXU0|A0ABV4TXU0_9GAMM	130	0				
CMD-like	tr|A0ABV4TZH6|A0ABV4TZH6_9GAMM	184	0				
CMD-like	tr|A0ABV4U1G2|A0ABV4U1G2_9BACT	136	0				
CMD-like	tr|A0ABV4ZR87|A0ABV4ZR87_9ACTN	149	0				
CMD-like	tr|A0ABV5CGB3|A0ABV5CGB3_9SPHI	146	0				
CMD-like	tr|A0ABV5CK32|A0ABV5CK32_9ACTN	146	0				
CMD-like	tr|A0ABV5EAT2|A0ABV5EAT2_9ACTN	159	0				
CMD-like	tr|A0ABV5EAV0|A0ABV5EAV0_9ACTN	196	0				
CMD-like	tr|A0ABV5GUG6|A0ABV5GUG6_9FLAO	177	0				
CMD-like	tr|A0ABV5HTP2|A0ABV5HTP2_9VIBR	136	0				
CMD-like	tr|A0ABV5IGG5|A0ABV5IGG5_9ACTN	163	0				
CMD-like	tr|A0ABV5ILP4|A0ABV5ILP4_9ACTN	128	0				
CMD-like	tr|A0ABV5IXI0|A0ABV5IXI0_9ACTN	154	0				
CMD-like	tr|A0ABV5JGR4|A0ABV5JGR4_9RHOB	189	0				
CMD-like	tr|A0ABV5MEB4|A0ABV5MEB4_9ACTN	161	0				
CMD-like	tr|A0ABV5MEH1|A0ABV5MEH1_9ACTN	142	0				
CMD-like	tr|A0ABV5NVH5|A0ABV5NVH5_9ACTN	160	0				
CMD-like	tr|A0ABV5P6D2|A0ABV5P6D2_STRCM	156	0				
CMD-like	tr|A0ABV5P9I8|A0ABV5P9I8_STRCM	180	0				
CMD-like	tr|A0ABV5PYM1|A0ABV5PYM1_9ACTN	172	0				
CMD-like	tr|A0ABV5QE55|A0ABV5QE55_9ACTN	143	0				
CMD-like	tr|A0ABV5RV34|A0ABV5RV34_9ACTN	136	0				
CMD-like	tr|A0ABV5SXW0|A0ABV5SXW0_9MICO	192	0				
CMD-like	tr|A0ABV5T377|A0ABV5T377_9MICO	210	0				
CMD-like	tr|A0ABV5T3I9|A0ABV5T3I9_9MICO	124	0				
CMD-like	tr|A0ABV5T3J3|A0ABV5T3J3_9MICO	137	0				
CMD-like	tr|A0ABV5T7D8|A0ABV5T7D8_9MICO	159	0				
CMD-like	tr|A0ABV5TM48|A0ABV5TM48_9ACTN	189	0				
CMD-like	tr|A0ABV5UVP5|A0ABV5UVP5_9MICC	170	0				
CMD-like	tr|A0ABV5XFU3|A0ABV5XFU3_9NOCA	123	0				
CMD-like	tr|A0ABV5Y868|A0ABV5Y868_9ACTN	207	0				
CMD-like	tr|A0ABV5YA48|A0ABV5YA48_9ACTN	193	0				
CMD-like	tr|A0ABV5YB20|A0ABV5YB20_9ACTN	146	0				
CMD-like	tr|A0ABV5YFL3|A0ABV5YFL3_9ACTN	146	0				
CMD-like	tr|A0ABV5YWY3|A0ABV5YWY3_9ACTN	139	0				
CMD-like	tr|A0ABV5Z9S8|A0ABV5Z9S8_9GAMM	156	0				
CMD-like	tr|A0ABV6CNB7|A0ABV6CNB7_9RHOB	187	0				
CMD-like	tr|A0ABV6D6M6|A0ABV6D6M6_9HYPH	186	0				
CMD-like	tr|A0ABV6D8C9|A0ABV6D8C9_9HYPH	155	0				
CMD-like	tr|A0ABV6DDI2|A0ABV6DDI2_9HYPH	209	0				
CMD-like	tr|A0ABV6DR80|A0ABV6DR80_9BACL	148	0				
CMD-like	tr|A0ABV6HDB9|A0ABV6HDB9_9SPHI	189	0				
CMD-like	tr|A0ABV6HR03|A0ABV6HR03_9SPHI	146	0				
CMD-like	tr|A0ABV6HRX2|A0ABV6HRX2_9SPHI	150	0				
CMD-like	tr|A0ABV6MSS6|A0ABV6MSS6_9PSEU	195	0				
CMD-like	tr|A0ABV6N4L9|A0ABV6N4L9_9PSEU	188	0				
CMD-like	tr|A0ABV6N5A9|A0ABV6N5A9_9PSEU	158	0				
CMD-like	tr|A0ABV6NW69|A0ABV6NW69_9ACTN	151	0				
CMD-like	tr|A0ABV6P3V8|A0ABV6P3V8_9ACTN	172	0				
CMD-like	tr|A0ABV6PQ43|A0ABV6PQ43_9BURK	156	0				
CMD-like	tr|A0ABV6QXQ0|A0ABV6QXQ0_9ACTN	183	0				
CMD-like	tr|A0ABV6R091|A0ABV6R091_9CAUL	137	0				
CMD-like	tr|A0ABV6R415|A0ABV6R415_9CAUL	186	0				
CMD-like	tr|A0ABV6RPG5|A0ABV6RPG5_9GAMM	190	0				
CMD-like	tr|A0ABV6TLW3|A0ABV6TLW3_9ACTN	151	0				
CMD-like	tr|A0ABV6TW58|A0ABV6TW58_9ACTN	174	0				
CMD-like	tr|A0ABV6UPX3|A0ABV6UPX3_9ACTN	189	0				
CMD-like	tr|A0ABV6WE79|A0ABV6WE79_9ACTN	141	0				
CMD-like	tr|A0ABV6XUH0|A0ABV6XUH0_9ACTN	149	0				
CMD-like	tr|A0ABV6YKT5|A0ABV6YKT5_UNCEI	124	0				
CMD-like	tr|A0ABV7AEJ4|A0ABV7AEJ4_9RHOB	158	0				
CMD-like	tr|A0ABV7AEL8|A0ABV7AEL8_9RHOB	183	0				
CMD-like	tr|A0ABV7BQV8|A0ABV7BQV8_9PROT	130	0				
CMD-like	tr|A0ABV7CJD9|A0ABV7CJD9_9GAMM	153	0				
CMD-like	tr|A0ABV7CPB7|A0ABV7CPB7_9GAMM	149	0				
CMD-like	tr|A0ABV7D4B5|A0ABV7D4B5_9PROT	186	0				
CMD-like	tr|A0ABV7E042|A0ABV7E042_9RHOB	148	0				
CMD-like	tr|A0ABV7EKA8|A0ABV7EKA8_9GAMM	143	0				
CMD-like	tr|A0ABV7EKT0|A0ABV7EKT0_9GAMM	175	0				
CMD-like	tr|A0ABV7ETS0|A0ABV7ETS0_9GAMM	183	0				
CMD-like	tr|A0ABV7F472|A0ABV7F472_9BURK	155	0				
CMD-like	tr|A0ABV7F5I2|A0ABV7F5I2_9BURK	177	0				
CMD-like	tr|A0ABV7GEX5|A0ABV7GEX5_9GAMM	144	0				
CMD-like	tr|A0ABV7GRT2|A0ABV7GRT2_9RHOB	136	0				
CMD-like	tr|A0ABV7ILW1|A0ABV7ILW1_9SPHN	158	0				
CMD-like	tr|A0ABV7J1L5|A0ABV7J1L5_9RHOB	203	0				
CMD-like	tr|A0ABV7JVU2|A0ABV7JVU2_9ALTE	182	0				
CMD-like	tr|A0ABV7KUU2|A0ABV7KUU2_9PROT	179	0				
CMD-like	tr|A0ABV7KV97|A0ABV7KV97_9PROT	206	0				
CMD-like	tr|A0ABV7L3G7|A0ABV7L3G7_9PROT	139	0				
CMD-like	tr|A0ABV7L3Y5|A0ABV7L3Y5_9PROT	180	0				
CMD-like	tr|A0ABV7L997|A0ABV7L997_9PROT	198	0				
CMD-like	tr|A0ABV7LXB4|A0ABV7LXB4_9GAMM	189	0				
CMD-like	tr|A0ABV7P0D0|A0ABV7P0D0_9PSEU	166	0				
CMD-like	tr|A0ABV7P4H5|A0ABV7P4H5_9PSEU	153	0				
CMD-like	tr|A0ABV7RAH2|A0ABV7RAH2_9NEIS	176	0				
CMD-like	tr|A0ABV7TDV2|A0ABV7TDV2_9RHOB	178	0				
CMD-like	tr|A0ABV7TY97|A0ABV7TY97_9NEIS	146	0				
CMD-like	tr|A0ABV7UIY7|A0ABV7UIY7_9HYPH	147	0				
CMD-like	tr|A0ABV7UN37|A0ABV7UN37_9HYPH	180	0				
CMD-like	tr|A0ABV7UWH7|A0ABV7UWH7_9GAMM	150	0				
CMD-like	tr|A0ABV7VHA0|A0ABV7VHA0_9PROT	135	0				
CMD-like	tr|A0ABV7VI10|A0ABV7VI10_9PROT	191	0				
CMD-like	tr|A0ABV7VM51|A0ABV7VM51_9PROT	145	0				
CMD-like	tr|A0ABV7VMR4|A0ABV7VMR4_9PROT	178	0				
CMD-like	tr|A0ABV7VSV8|A0ABV7VSV8_9GAMM	153	0				
CMD-like	tr|A0ABV7XXX7|A0ABV7XXX7_9FLAO	180	0				
CMD-like	tr|A0ABV7Y447|A0ABV7Y447_9ACTN	156	0				
CMD-like	tr|A0ABV7YHP9|A0ABV7YHP9_9ACTN	126	0				
CMD-like	tr|A0ABV7YLL8|A0ABV7YLL8_9ACTN	151	0				
CMD-like	tr|A0ABV7Z687|A0ABV7Z687_9DEIO	202	0				
CMD-like	tr|A0ABV7ZDY2|A0ABV7ZDY2_9DEIO	135	0				
CMD-like	tr|A0ABV8C083|A0ABV8C083_9PSEU	158	0				
CMD-like	tr|A0ABV8CCK5|A0ABV8CCK5_9GAMM	149	0				
CMD-like	tr|A0ABV8DH78|A0ABV8DH78_9BURK	154	0				
CMD-like	tr|A0ABV8E088|A0ABV8E088_9NOCA	151	0				
CMD-like	tr|A0ABV8EVE6|A0ABV8EVE6_9ACTN	172	0				
CMD-like	tr|A0ABV8EYI3|A0ABV8EYI3_9ACTN	167	0				
CMD-like	tr|A0ABV8GE29|A0ABV8GE29_9ACTN	178	0				
CMD-like	tr|A0ABV8GJY7|A0ABV8GJY7_9ACTN	122	0				
CMD-like	tr|A0ABV8HZ50|A0ABV8HZ50_9ACTN	152	0				
CMD-like	tr|A0ABV8J2T8|A0ABV8J2T8_9ACTN	127	0				
CMD-like	tr|A0ABV8JFN9|A0ABV8JFN9_9BACL	149	0				
CMD-like	tr|A0ABV8JUZ0|A0ABV8JUZ0_9BACL	143	0				
CMD-like	tr|A0ABV8KIT8|A0ABV8KIT8_9ACTN	126	0				
CMD-like	tr|A0ABV8KXI0|A0ABV8KXI0_9ACTN	168	0				
CMD-like	tr|A0ABV8KZ61|A0ABV8KZ61_9NOCA	140	0				
CMD-like	tr|A0ABV8LCM7|A0ABV8LCM7_9NOCA	128	0				
CMD-like	tr|A0ABV8LV52|A0ABV8LV52_9ACTN	123	0				
CMD-like	tr|A0ABV8NN28|A0ABV8NN28_9SPHI	179	0				
CMD-like	tr|A0ABV8NTC2|A0ABV8NTC2_9BURK	199	0				
CMD-like	tr|A0ABV8NYX6|A0ABV8NYX6_9BURK	159	0				
CMD-like	tr|A0ABV8P1F3|A0ABV8P1F3_9BURK	169	0				
CMD-like	tr|A0ABV8P6C5|A0ABV8P6C5_9SPHI	144	0				
CMD-like	tr|A0ABV8RPU0|A0ABV8RPU0_9SPHN	139	0				
CMD-like	tr|A0ABV8RT37|A0ABV8RT37_9SPHN	187	0				
CMD-like	tr|A0ABV8RU15|A0ABV8RU15_9SPHN	188	0				
CMD-like	tr|A0ABV8S222|A0ABV8S222_9BURK	153	0				
CMD-like	tr|A0ABV8S9W7|A0ABV8S9W7_9BACL	149	0				
CMD-like	tr|A0ABV8T8M1|A0ABV8T8M1_9ACTN	188	0				
CMD-like	tr|A0ABV8TZ58|A0ABV8TZ58_9ACTN	174	0				
CMD-like	tr|A0ABV8TZU4|A0ABV8TZU4_9ACTN	161	0				
CMD-like	tr|A0ABV8U974|A0ABV8U974_9PROT	127	0				
CMD-like	tr|A0ABV8UM52|A0ABV8UM52_9PROT	189	0				
CMD-like	tr|A0ABV8UMQ7|A0ABV8UMQ7_9PROT	125	0				
CMD-like	tr|A0ABV8V1F9|A0ABV8V1F9_9GAMM	179	0				
CMD-like	tr|A0ABV8XZG8|A0ABV8XZG8_9MICC	136	0				
CMD-like	tr|A0ABV8YTX0|A0ABV8YTX0_9ACTN	147	0				
CMD-like	tr|A0ABV9AW32|A0ABV9AW32_9ACTN	126	0				
CMD-like	tr|A0ABV9DTX1|A0ABV9DTX1_9ACTN	157	0				
CMD-like	tr|A0ABV9E9L9|A0ABV9E9L9_9ACTN	179	0				
CMD-like	tr|A0ABV9ENF2|A0ABV9ENF2_9ACTN	154	0				
CMD-like	tr|A0ABV9FBI7|A0ABV9FBI7_9BACL	150	0				
CMD-like	tr|A0ABV9FGZ5|A0ABV9FGZ5_9BACL	126	0				
CMD-like	tr|A0ABV9GK77|A0ABV9GK77_9BACL	124	0				
CMD-like	tr|A0ABV9GQ20|A0ABV9GQ20_9BACL	146	0				
CMD-like	tr|A0ABV9HK64|A0ABV9HK64_9MICO	132	0				
CMD-like	tr|A0ABV9I642|A0ABV9I642_9DEIO	139	0				
CMD-like	tr|A0ABV9I6F7|A0ABV9I6F7_9DEIO	147	0				
CMD-like	tr|A0ABV9IEX1|A0ABV9IEX1_9DEIO	183	0				
CMD-like	tr|A0ABV9ILU3|A0ABV9ILU3_9ACTN	152	0				
CMD-like	tr|A0ABV9JC01|A0ABV9JC01_9ACTN	157	0				
CMD-like	tr|A0ABV9JD15|A0ABV9JD15_9LACT	123	0				
CMD-like	tr|A0ABV9KGY0|A0ABV9KGY0_9RHOB	184	0				
CMD-like	tr|A0ABV9KJY4|A0ABV9KJY4_9RHOB	159	0				
CMD-like	tr|A0ABV9KPY6|A0ABV9KPY6_9BACT	145	0				
CMD-like	tr|A0ABV9MR09|A0ABV9MR09_9ENTE	153	0				
CMD-like	tr|A0ABV9N6C1|A0ABV9N6C1_9PROT	189	0				
CMD-like	tr|A0ABV9NA77|A0ABV9NA77_9PROT	189	0				
CMD-like	tr|A0ABV9NMC9|A0ABV9NMC9_9GAMM	143	0				
CMD-like	tr|A0ABV9NRU1|A0ABV9NRU1_9BACI	132	0				
CMD-like	tr|A0ABV9RP26|A0ABV9RP26_9PSEU	132	0				
CMD-like	tr|A0ABV9S123|A0ABV9S123_9PSEU	126	0				
CMD-like	tr|A0ABV9S1W3|A0ABV9S1W3_9PSEU	154	0				
CMD-like	tr|A0ABV9T6V6|A0ABV9T6V6_9BACT	194	0				
CMD-like	tr|A0ABV9TY43|A0ABV9TY43_9ACTN	166	0				
CMD-like	tr|A0ABV9U2G6|A0ABV9U2G6_9ACTN	152	0				
CMD-like	tr|A0ABV9UW17|A0ABV9UW17_9ACTN	130	0				
CMD-like	tr|A0ABV9XWY0|A0ABV9XWY0_9PSEU	188	0				
CMD-like	tr|A0ABV9Y0Q5|A0ABV9Y0Q5_9PSEU	194	0				
CMD-like	tr|A0ABV9Y946|A0ABV9Y946_9PSEU	147	0				
CMD-like	tr|A0ABV9YRP1|A0ABV9YRP1_9PSEU	126	0				
CMD-like	tr|A0ABV9ZTD4|A0ABV9ZTD4_9ACTN	130	0				
CMD-like	tr|A0ABW0BFY8|A0ABW0BFY8_9ACTN	191	0				
CMD-like	tr|A0ABW0EL34|A0ABW0EL34_9PSEU	198	0				
CMD-like	tr|A0ABW0EP24|A0ABW0EP24_9PSEU	149	0				
CMD-like	tr|A0ABW0FX87|A0ABW0FX87_9CAUL	134	0				
CMD-like	tr|A0ABW0G2D3|A0ABW0G2D3_9PROT	140	0				
CMD-like	tr|A0ABW0HQK7|A0ABW0HQK7_9BACL	147	0				
CMD-like	tr|A0ABW0IKI7|A0ABW0IKI7_9HYPH	181	0				
CMD-like	tr|A0ABW0JX88|A0ABW0JX88_9GAMM	153	0				
CMD-like	tr|A0ABW0K4E0|A0ABW0K4E0_9BACL	121	0				
CMD-like	tr|A0ABW0KIU1|A0ABW0KIU1_9BACL	145	0				
CMD-like	tr|A0ABW0KJW4|A0ABW0KJW4_9BACT	140	0				
CMD-like	tr|A0ABW0LED4|A0ABW0LED4_9BACI	145	0				
CMD-like	tr|A0ABW0M6Z8|A0ABW0M6Z8_9BURK	134	0				
CMD-like	tr|A0ABW0ME99|A0ABW0ME99_9BURK	125	0				
CMD-like	tr|A0ABW0NFS3|A0ABW0NFS3_9BURK	126	0				
CMD-like	tr|A0ABW0PPB5|A0ABW0PPB5_9HYPH	154	0				
CMD-like	tr|A0ABW0R023|A0ABW0R023_9BACL	161	0				
CMD-like	tr|A0ABW0R6L6|A0ABW0R6L6_9BACL	189	1	51-95	2.33e-12	133-185	1.85e-07
CMD-like	tr|A0ABW0RTP6|A0ABW0RTP6_9BURK	145	0				
CMD-like	tr|A0ABW0SI71|A0ABW0SI71_9GAMM	170	0				
CMD-like	tr|A0ABW0SK41|A0ABW0SK41_9GAMM	152	0				
CMD-like	tr|A0ABW0SWB3|A0ABW0SWB3_9GAMM	151	0				
CMD-like	tr|A0ABW0T0W1|A0ABW0T0W1_9GAMM	153	0				
CMD-like	tr|A0ABW0TM72|A0ABW0TM72_9BACL	127	0				
CMD-like	tr|A0ABW0V9Y0|A0ABW0V9Y0_9ACTN	178	0				
CMD-like	tr|A0ABW0VBY3|A0ABW0VBY3_9ACTN	184	0				
CMD-like	tr|A0ABW0VXU1|A0ABW0VXU1_9BACL	153	0				
CMD-like	tr|A0ABW0WZK7|A0ABW0WZK7_9ACTN	130	0				
CMD-like	tr|A0ABW0X4D2|A0ABW0X4D2_9ACTN	144	0				
CMD-like	tr|A0ABW0ZAA8|A0ABW0ZAA8_9ACTN	135	0				
CMD-like	tr|A0ABW0ZTD8|A0ABW0ZTD8_9ACTN	141	0				
CMD-like	tr|A0ABW0ZU02|A0ABW0ZU02_9ACTN	206	0				
CMD-like	tr|A0ABW0ZWW8|A0ABW0ZWW8_9ACTN	194	0				
CMD-like	tr|A0ABW1A3Q5|A0ABW1A3Q5_9ACTN	155	0				
CMD-like	tr|A0ABW1C623|A0ABW1C623_9ACTN	173	0				
CMD-like	tr|A0ABW1CF39|A0ABW1CF39_9ACTN	145	0				
CMD-like	tr|A0ABW1CKC1|A0ABW1CKC1_9ACTN	210	0				
CMD-like	tr|A0ABW1CR81|A0ABW1CR81_9ACTN	182	0				
CMD-like	tr|A0ABW1D9V4|A0ABW1D9V4_9ACTN	140	0				
CMD-like	tr|A0ABW1DBJ6|A0ABW1DBJ6_9ACTN	184	0				
CMD-like	tr|A0ABW1DTB2|A0ABW1DTB2_9ACTN	132	0				
CMD-like	tr|A0ABW1EIY3|A0ABW1EIY3_9BACT	193	0				
CMD-like	tr|A0ABW1F7X2|A0ABW1F7X2_9ACTN	198	0				
CMD-like	tr|A0ABW1GB20|A0ABW1GB20_9ACTN	134	0				
CMD-like	tr|A0ABW1H9U1|A0ABW1H9U1_9ACTN	160	0				
CMD-like	tr|A0ABW1HEW4|A0ABW1HEW4_9ACTN	146	0				
CMD-like	tr|A0ABW1HZJ0|A0ABW1HZJ0_9PSEU	195	0				
CMD-like	tr|A0ABW1IH73|A0ABW1IH73_9PSEU	200	0				
CMD-like	tr|A0ABW1IHA7|A0ABW1IHA7_9PSEU	199	0				
CMD-like	tr|A0ABW1J285|A0ABW1J285_9PSEU	155	0				
CMD-like	tr|A0ABW1NKR6|A0ABW1NKR6_9ACTN	135	0				
CMD-like	tr|A0ABW1NYH6|A0ABW1NYH6_9PSEU	166	0				
CMD-like	tr|A0ABW1QBH0|A0ABW1QBH0_9CORY	145	0				
CMD-like	tr|A0ABW1QDE8|A0ABW1QDE8_9CORY	131	0				
CMD-like	tr|A0ABW1QT25|A0ABW1QT25_9ACTN	131	0				
CMD-like	tr|A0ABW1S988|A0ABW1S988_9PROT	187	0				
CMD-like	tr|A0ABW1TXA3|A0ABW1TXA3_9BURK	155	0				
CMD-like	tr|A0ABW1TZ20|A0ABW1TZ20_9BURK	197	0				
CMD-like	tr|A0ABW1V503|A0ABW1V503_9BACL	148	0				
CMD-like	tr|A0ABW1VG99|A0ABW1VG99_9MICO	133	0				
CMD-like	tr|A0ABW1VJJ0|A0ABW1VJJ0_9GAMM	185	0				
CMD-like	tr|A0ABW1Y8B1|A0ABW1Y8B1_STRPL	183	0				
CMD-like	tr|A0ABW1YGD3|A0ABW1YGD3_9GAMM	159	0				
CMD-like	tr|A0ABW1YJG4|A0ABW1YJG4_9GAMM	134	0				
CMD-like	tr|A0ABW1Z3V7|A0ABW1Z3V7_9BACT	173	0				
CMD-like	tr|A0ABW2AY63|A0ABW2AY63_9MICO	132	0				
CMD-like	tr|A0ABW2B1D2|A0ABW2B1D2_9RHOB	126	0				
CMD-like	tr|A0ABW2BXT8|A0ABW2BXT8_9PSEU	188	0				
CMD-like	tr|A0ABW2CDA9|A0ABW2CDA9_9ACTN	159	0				
CMD-like	tr|A0ABW2CI42|A0ABW2CI42_9ACTN	189	0				
CMD-like	tr|A0ABW2DBH4|A0ABW2DBH4_9ACTN	167	0				
CMD-like	tr|A0ABW2DE01|A0ABW2DE01_9ACTN	171	0				
CMD-like	tr|A0ABW2E731|A0ABW2E731_9ACTN	158	0				
CMD-like	tr|A0ABW2FU03|A0ABW2FU03_9ACTN	181	0				
CMD-like	tr|A0ABW2GJY1|A0ABW2GJY1_9ACTN	181	0				
CMD-like	tr|A0ABW2HH20|A0ABW2HH20_9MICO	189	0				
CMD-like	tr|A0ABW2HLK8|A0ABW2HLK8_9ACTN	184	0				
CMD-like	tr|A0ABW2HX21|A0ABW2HX21_9ACTN	155	0				
CMD-like	tr|A0ABW2HY68|A0ABW2HY68_9ACTN	185	0				
CMD-like	tr|A0ABW2I1S8|A0ABW2I1S8_9ACTN	152	0				
CMD-like	tr|A0ABW2ILA1|A0ABW2ILA1_9PROT	186	0				
CMD-like	tr|A0ABW2IM92|A0ABW2IM92_9PROT	190	0				
CMD-like	tr|A0ABW2J5B2|A0ABW2J5B2_9BURK	183	0				
CMD-like	tr|A0ABW2J5J8|A0ABW2J5J8_9BURK	178	0				
CMD-like	tr|A0ABW2JDF6|A0ABW2JDF6_9ACTN	161	0				
CMD-like	tr|A0ABW2JLR9|A0ABW2JLR9_9ACTN	157	0				
CMD-like	tr|A0ABW2JMA5|A0ABW2JMA5_9ACTN	200	0				
CMD-like	tr|A0ABW2JP95|A0ABW2JP95_9ACTN	150	0				
CMD-like	tr|A0ABW2KB81|A0ABW2KB81_9ACTN	186	0				
CMD-like	tr|A0ABW2KHP4|A0ABW2KHP4_9ACTN	144	0				
CMD-like	tr|A0ABW2LNW8|A0ABW2LNW8_9PSEU	152	0				
CMD-like	tr|A0ABW2LSQ0|A0ABW2LSQ0_9PSEU	167	0				
CMD-like	tr|A0ABW2P090|A0ABW2P090_9ACTN	166	0				
CMD-like	tr|A0ABW2Q7U8|A0ABW2Q7U8_9ACTN	203	0				
CMD-like	tr|A0ABW2SVS8|A0ABW2SVS8_9ACTN	187	0				
CMD-like	tr|A0ABW2T555|A0ABW2T555_9ACTN	208	0				
CMD-like	tr|A0ABW2T7L9|A0ABW2T7L9_9ACTN	181	0				
CMD-like	tr|A0ABW2T803|A0ABW2T803_9ACTN	147	0				
CMD-like	tr|A0ABW2TMR2|A0ABW2TMR2_9PSEU	126	0				
CMD-like	tr|A0ABW2TR32|A0ABW2TR32_9PSEU	179	0				
CMD-like	tr|A0ABW2TS44|A0ABW2TS44_9PSEU	150	0				
CMD-like	tr|A0ABW2TTP3|A0ABW2TTP3_9PSEU	140	0				
CMD-like	tr|A0ABW2UK69|A0ABW2UK69_9RHOB	180	0				
CMD-like	tr|A0ABW2VQQ9|A0ABW2VQQ9_9ACTN	192	0				
CMD-like	tr|A0ABW2VU77|A0ABW2VU77_9ACTN	184	0				
CMD-like	tr|A0ABW2WY47|A0ABW2WY47_9ACTN	151	0				
CMD-like	tr|A0ABW2XDA8|A0ABW2XDA8_9ACTN	163	0				
CMD-like	tr|A0ABW2XMQ8|A0ABW2XMQ8_9ACTN	183	0				
CMD-like	tr|A0ABW2YCU3|A0ABW2YCU3_9GAMM	185	0				
CMD-like	tr|A0ABW3C093|A0ABW3C093_SPHXN	181	0				
CMD-like	tr|A0ABW3C5Y3|A0ABW3C5Y3_SPHXN	190	0				
CMD-like	tr|A0ABW3C6W8|A0ABW3C6W8_SPHXN	200	0				
CMD-like	tr|A0ABW3C712|A0ABW3C712_SPHXN	153	0				
CMD-like	tr|A0ABW3CCN8|A0ABW3CCN8_9ACTN	162	0				
CMD-like	tr|A0ABW3CE84|A0ABW3CE84_9ACTN	134	0				
CMD-like	tr|A0ABW3CEW6|A0ABW3CEW6_9ACTN	166	0				
CMD-like	tr|A0ABW3CJ39|A0ABW3CJ39_9ACTN	143	0				
CMD-like	tr|A0ABW3D4K0|A0ABW3D4K0_9BACL	149	0				
CMD-like	tr|A0ABW3ENR0|A0ABW3ENR0_9ACTN	146	0				
CMD-like	tr|A0ABW3ESP0|A0ABW3ESP0_9ACTN	154	0				
CMD-like	tr|A0ABW3FMT9|A0ABW3FMT9_9PSEU	127	0				
CMD-like	tr|A0ABW3G2L8|A0ABW3G2L8_9PSEU	148	0				
CMD-like	tr|A0ABW3G663|A0ABW3G663_9NOCA	173	0				
CMD-like	tr|A0ABW3HGC7|A0ABW3HGC7_9GAMM	206	0				
CMD-like	tr|A0ABW3I5N2|A0ABW3I5N2_9FLAO	185	0				
CMD-like	tr|A0ABW3LG76|A0ABW3LG76_9BACI	177	0				
CMD-like	tr|A0ABW3MB29|A0ABW3MB29_9PSEU	174	0				
CMD-like	tr|A0ABW3MBH2|A0ABW3MBH2_9PSEU	122	0				
CMD-like	tr|A0ABW3MVG2|A0ABW3MVG2_9MICO	175	0				
CMD-like	tr|A0ABW3NVX3|A0ABW3NVX3_9SPHN	151	0				
CMD-like	tr|A0ABW3PL71|A0ABW3PL71_9LACO	132	0				
CMD-like	tr|A0ABW3QAK2|A0ABW3QAK2_9BACT	146	0				
CMD-like	tr|A0ABW3R3Y6|A0ABW3R3Y6_9PSEU	136	0				
CMD-like	tr|A0ABW3R444|A0ABW3R444_9PSEU	179	0				
CMD-like	tr|A0ABW3R4E1|A0ABW3R4E1_9PSEU	127	0				
CMD-like	tr|A0ABW3S8D8|A0ABW3S8D8_9BACL	153	0				
CMD-like	tr|A0ABW3T1K7|A0ABW3T1K7_9CAUL	182	0				
CMD-like	tr|A0ABW3TQU7|A0ABW3TQU7_9MICO	181	0				
CMD-like	tr|A0ABW3UBD2|A0ABW3UBD2_9GAMM	192	0				
CMD-like	tr|A0ABW3UCG8|A0ABW3UCG8_9GAMM	150	0				
CMD-like	tr|A0ABW3VJQ1|A0ABW3VJQ1_9PSEU	206	0				
CMD-like	tr|A0ABW3VNM5|A0ABW3VNM5_9PSEU	197	0				
CMD-like	tr|A0ABW3W139|A0ABW3W139_9ACTN	193	0				
CMD-like	tr|A0ABW3XDS4|A0ABW3XDS4_9ACTN	163	0				
CMD-like	tr|A0ABW3Z789|A0ABW3Z789_9HYPH	190	0				
CMD-like	tr|A0ABW4EMW5|A0ABW4EMW5_9PSEU	131	0				
CMD-like	tr|A0ABW4EPF8|A0ABW4EPF8_9PSEU	180	0				
CMD-like	tr|A0ABW4EVR9|A0ABW4EVR9_9PSEU	182	0				
CMD-like	tr|A0ABW4EXY6|A0ABW4EXY6_9PSEU	131	0				
CMD-like	tr|A0ABW4F196|A0ABW4F196_9PSEU	188	0				
CMD-like	tr|A0ABW4F8Z7|A0ABW4F8Z7_9PSEU	144	0				
CMD-like	tr|A0ABW4G388|A0ABW4G388_9ACTN	122	0				
CMD-like	tr|A0ABW4G8F6|A0ABW4G8F6_9ACTN	125	0				
CMD-like	tr|A0ABW4GEI4|A0ABW4GEI4_9ACTN	188	0				
CMD-like	tr|A0ABW4I099|A0ABW4I099_9SPHN	149	0				
CMD-like	tr|A0ABW4I4E9|A0ABW4I4E9_9SPHN	128	0				
CMD-like	tr|A0ABW4JPE7|A0ABW4JPE7_9BACL	156	0				
CMD-like	tr|A0ABW4K017|A0ABW4K017_9HYPH	144	0				
CMD-like	tr|A0ABW4K559|A0ABW4K559_9HYPH	147	0				
CMD-like	tr|A0ABW4KCQ4|A0ABW4KCQ4_9HYPH	134	0				
CMD-like	tr|A0ABW4KTJ4|A0ABW4KTJ4_9BURK	184	0				
CMD-like	tr|A0ABW4KZL9|A0ABW4KZL9_9BURK	161	0				
CMD-like	tr|A0ABW4L4Y4|A0ABW4L4Y4_9ACTN	193	0				
CMD-like	tr|A0ABW4MG81|A0ABW4MG81_9SPHN	197	0				
CMD-like	tr|A0ABW4N242|A0ABW4N242_9CAUL	153	0				
CMD-like	tr|A0ABW4N615|A0ABW4N615_9CAUL	174	0				
CMD-like	tr|A0ABW4P1D5|A0ABW4P1D5_9NOCA	174	0				
CMD-like	tr|A0ABW4P8X7|A0ABW4P8X7_9NOCA	176	0				
CMD-like	tr|A0ABW4P9E8|A0ABW4P9E8_9NOCA	179	0				
CMD-like	tr|A0ABW4PUS2|A0ABW4PUS2_9ACTN	180	0				
CMD-like	tr|A0ABW4R553|A0ABW4R553_9RHOB	149	0				
CMD-like	tr|A0ABW4RHL5|A0ABW4RHL5_9BACL	139	0				
CMD-like	tr|A0ABW4RM99|A0ABW4RM99_9BACL	149	0				
CMD-like	tr|A0ABW4SIZ0|A0ABW4SIZ0_9BACL	124	0				
CMD-like	tr|A0ABW4SWK1|A0ABW4SWK1_9ACTN	183	0				
CMD-like	tr|A0ABW4TI09|A0ABW4TI09_9ACTN	184	0				
CMD-like	tr|A0ABW4UXE7|A0ABW4UXE7_9BACL	128	0				
CMD-like	tr|A0ABW4VAX2|A0ABW4VAX2_9MICO	137	0				
CMD-like	tr|A0ABW4VSR0|A0ABW4VSR0_9BACT	155	0				
CMD-like	tr|A0ABW4VZL1|A0ABW4VZL1_9BACI	125	0				
CMD-like	tr|A0ABW4YUS6|A0ABW4YUS6_9HYPH	137	0				
CMD-like	tr|A0ABW4YY89|A0ABW4YY89_9HYPH	182	0				
CMD-like	tr|A0ABW4ZIW1|A0ABW4ZIW1_9SPHI	158	0				
CMD-like	tr|A0ABW5AMA4|A0ABW5AMA4_9BRAD	201	0				
CMD-like	tr|A0ABW5ARN6|A0ABW5ARN6_9FLAO	192	0				
CMD-like	tr|A0ABW5BG76|A0ABW5BG76_9PROT	142	0				
CMD-like	tr|A0ABW5BJW4|A0ABW5BJW4_9PROT	140	0				
CMD-like	tr|A0ABW5BMA9|A0ABW5BMA9_9PROT	135	0				
CMD-like	tr|A0ABW5D2P6|A0ABW5D2P6_9BACT	186	0				
CMD-like	tr|A0ABW5DKW5|A0ABW5DKW5_9PROT	147	0				
CMD-like	tr|A0ABW5DLR9|A0ABW5DLR9_9PROT	130	0				
CMD-like	tr|A0ABW5DM94|A0ABW5DM94_9PROT	146	0				
CMD-like	tr|A0ABW5EFL4|A0ABW5EFL4_9GAMM	150	0				
CMD-like	tr|A0ABW5EGM2|A0ABW5EGM2_9GAMM	188	0				
CMD-like	tr|A0ABW5FKK2|A0ABW5FKK2_9PSEU	187	0				
CMD-like	tr|A0ABW5G159|A0ABW5G159_9PSEU	154	0				
CMD-like	tr|A0ABW5G9Z4|A0ABW5G9Z4_9PSEU	191	0				
CMD-like	tr|A0ABW5GLB0|A0ABW5GLB0_9PSEU	210	0				
CMD-like	tr|A0ABW5GRX0|A0ABW5GRX0_9PSEU	197	0				
CMD-like	tr|A0ABW5GXG6|A0ABW5GXG6_9PSEU	157	0				
CMD-like	tr|A0ABW5HH38|A0ABW5HH38_9PSEU	181	0				
CMD-like	tr|A0ABW5HJK5|A0ABW5HJK5_9PSEU	181	0				
CMD-like	tr|A0ABW5IRR6|A0ABW5IRR6_9BACT	195	0				
CMD-like	tr|A0ABW5MC55|A0ABW5MC55_9BACT	183	0				
CMD-like	tr|A0ABW5Q5L7|A0ABW5Q5L7_9BACI	122	0				
CMD-like	tr|A0ABW5RER5|A0ABW5RER5_9BACL	144	0				
CMD-like	tr|A0ABW5S1R4|A0ABW5S1R4_9BACL	128	0				
CMD-like	tr|A0ABW5UDI2|A0ABW5UDI2_9SPHI	145	0				
CMD-like	tr|A0ABW5UWQ5|A0ABW5UWQ5_9MICO	143	0				
CMD-like	tr|A0ABW5XU37|A0ABW5XU37_9SPHI	149	0				
CMD-like	tr|A0ABW5Y1Q1|A0ABW5Y1Q1_9BACL	126	0				
CMD-like	tr|A0ABW5YCJ6|A0ABW5YCJ6_9SPHI	148	0				
CMD-like	tr|A0ABW5YP25|A0ABW5YP25_9FLAO	148	0				
CMD-like	tr|A0ABW6B017|A0ABW6B017_9SPHI	150	0				
CMD-like	tr|A0ABW6B0H2|A0ABW6B0H2_9SPHI	146	0				
CMD-like	tr|A0ABW6CT97|A0ABW6CT97_9CAUL	191	0				
CMD-like	tr|A0ABW6HC17|A0ABW6HC17_9ACTN	162	0				
CMD-like	tr|A0ABW6LHE8|A0ABW6LHE8_9ACTN	125	0				
CMD-like	tr|A0ABW6LPF5|A0ABW6LPF5_9ACTN	200	0				
CMD-like	tr|A0ABW6MJN1|A0ABW6MJN1_9ACTN	175	0				
CMD-like	tr|A0ABW6P9H8|A0ABW6P9H8_9NOCA	192	0				
CMD-like	tr|A0ABW6RT48|A0ABW6RT48_9NOCA	131	0				
CMD-like	tr|A0ABW6RWD1|A0ABW6RWD1_9NOCA	169	0				
CMD-like	tr|A0ABW6SWB5|A0ABW6SWB5_9ACTN	129	0				
CMD-like	tr|A0ABW6UWM8|A0ABW6UWM8_9ACTN	159	0				
CMD-like	tr|A0ABW6V1R7|A0ABW6V1R7_MICFU	184	0				
CMD-like	tr|A0ABW6WW23|A0ABW6WW23_9ACTN	171	0				
CMD-like	tr|A0ABW6XEJ4|A0ABW6XEJ4_9ACTN	135	0				
CMD-like	tr|A0ABW6ZBA7|A0ABW6ZBA7_9HYPH	150	0				
CMD-like	tr|A0ABW6ZH18|A0ABW6ZH18_9HYPH	157	0				
CMD-like	tr|A0ABW6ZU48|A0ABW6ZU48_9HYPH	144	0				
CMD-like	tr|A0ABW7C3P2|A0ABW7C3P2_9ACTN	179	0				
CMD-like	tr|A0ABW7CBG2|A0ABW7CBG2_9CYAN	120	0				
CMD-like	tr|A0ABW7DV48|A0ABW7DV48_STRRO	194	0				
CMD-like	tr|A0ABW7HG22|A0ABW7HG22_9BURK	149	0				
CMD-like	tr|A0ABW7KXW8|A0ABW7KXW8_9NOCA	205	0				
CMD-like	tr|A0ABW7NB42|A0ABW7NB42_9BACT	147	0				
CMD-like	tr|A0ABW7NE96|A0ABW7NE96_9BACT	177	0				
CMD-like	tr|A0ABW7PMW5|A0ABW7PMW5_9ACTN	161	0				
CMD-like	tr|A0ABW7Q0K3|A0ABW7Q0K3_9GAMM	144	0				
CMD-like	tr|A0ABW7QQ61|A0ABW7QQ61_9ACTN	183	0				
CMD-like	tr|A0ABW7R448|A0ABW7R448_9ACTN	143	0				
CMD-like	tr|A0ABW7RWI1|A0ABW7RWI1_STRTE	173	0				
CMD-like	tr|A0ABW7SA10|A0ABW7SA10_STRTE	137	0				
CMD-like	tr|A0ABW7ST11|A0ABW7ST11_9ACTN	168	0				
CMD-like	tr|A0ABW7TDK0|A0ABW7TDK0_9NOCA	183	0				
CMD-like	tr|A0ABW7TKP3|A0ABW7TKP3_9NOCA	142	0				
CMD-like	tr|A0ABW7TP42|A0ABW7TP42_9NOCA	155	0				
CMD-like	tr|A0ABW7UNW2|A0ABW7UNW2_9ACTN	190	0				
CMD-like	tr|A0ABW7VN39|A0ABW7VN39_STROI	185	0				
CMD-like	tr|A0ABW7W8P8|A0ABW7W8P8_9NOCA	155	0				
CMD-like	tr|A0ABW7XN88|A0ABW7XN88_9MICO	151	0				
CMD-like	tr|A0ABW7ZAX0|A0ABW7ZAX0_9ACTN	156	0				
CMD-like	tr|A0ABW8A0Z5|A0ABW8A0Z5_9ACTN	148	0				
CMD-like	tr|A0ABW8AK50|A0ABW8AK50_9ACTN	186	0				
CMD-like	tr|A0ABW8AKJ1|A0ABW8AKJ1_9ACTN	133	0				
CMD-like	tr|A0ABW8AQB7|A0ABW8AQB7_9ACTN	196	0				
CMD-like	tr|A0ABW8CV70|A0ABW8CV70_STRBI	155	0				
CMD-like	tr|A0ABW8F785|A0ABW8F785_9ACTN	201	0				
CMD-like	tr|A0ABW8NM67|A0ABW8NM67_9GAMM	180	0				
CMD-like	tr|A0ABW8NMA2|A0ABW8NMA2_9GAMM	128	0				
CMD-like	tr|A0ABW8UYS1|A0ABW8UYS1_9RHOB	148	0				
CMD-like	tr|A0ABW8V2U7|A0ABW8V2U7_9RHOB	128	0				
CMD-like	tr|A0ABW8Z1P4|A0ABW8Z1P4_9BURK	134	0				
CMD-like	tr|A0ABW8Z2D7|A0ABW8Z2D7_9BURK	180	0				
CMD-like	tr|A0ABW8Z8G1|A0ABW8Z8G1_9BURK	182	0				
CMD-like	tr|A0ABW8ZAV0|A0ABW8ZAV0_9BURK	146	0				
CMD-like	tr|A0ABW9AGD1|A0ABW9AGD1_9BURK	184	0				
CMD-like	tr|A0ABW9AHF8|A0ABW9AHF8_9BURK	131	0				
CMD-like	tr|A0ABW9AW70|A0ABW9AW70_9BURK	178	0				
CMD-like	tr|A0ABW9DWI2|A0ABW9DWI2_9BURK	132	0				
CMD-like	tr|A0ABW9E4R3|A0ABW9E4R3_9BURK	125	0				
CMD-like	tr|A0ABW9E8X2|A0ABW9E8X2_9BURK	137	0				
CMD-like	tr|A0ABW9GAV6|A0ABW9GAV6_9GAMM	166	0				
CMD-like	tr|A0ABW9HUQ3|A0ABW9HUQ3_9ACTN	176	0				
CMD-like	tr|A0ABW9JFU5|A0ABW9JFU5_9SPHI	145	0				
CMD-like	tr|A0ABW9LTA2|A0ABW9LTA2_9MYCO	207	0				
CMD-like	tr|A0ABW9QU71|A0ABW9QU71_9ACTN	139	0				
CMD-like	tr|A0ABW9QYS4|A0ABW9QYS4_9ACTN	191	0				
CMD-like	tr|A0ABW9RMH3|A0ABW9RMH3_9BACT	151	0				
CMD-like	tr|A0ABW9STR0|A0ABW9STR0_9BURK	151	0				
CMD-like	tr|A0ABW9SXK2|A0ABW9SXK2_9BACL	148	0				
CMD-like	tr|A0ABW9UIZ5|A0ABW9UIZ5_9BACL	153	0				
CMD-like	tr|A0ABW9UW54|A0ABW9UW54_9SPHN	156	0				
CMD-like	tr|A0ABW9VPR5|A0ABW9VPR5_9BURK	151	0				
CMD-like	tr|A0ABW9XK15|A0ABW9XK15_9BACL	152	0				
CMD-like	tr|A0ABW9YBH1|A0ABW9YBH1_9GAMM	186	0				
CMD-like	tr|A0ABW9ZEY7|A0ABW9ZEY7_9HYPH	166	0				
CMD-like	tr|A0ABX0BCP8|A0ABX0BCP8_9MICO	141	0				
CMD-like	tr|A0ABX0CRU9|A0ABX0CRU9_9NOCA	156	0				
CMD-like	tr|A0ABX0F2W1|A0ABX0F2W1_9BACL	144	0				
CMD-like	tr|A0ABX0F6H6|A0ABX0F6H6_9BACT	181	0				
CMD-like	tr|A0ABX0NZU9|A0ABX0NZU9_9BURK	128	0				
CMD-like	tr|A0ABX0PRV4|A0ABX0PRV4_9GAMM	155	0				
CMD-like	tr|A0ABX0Q1D4|A0ABX0Q1D4_9GAMM	159	0				
CMD-like	tr|A0ABX0XVG3|A0ABX0XVG3_9ACTN	200	0				
CMD-like	tr|A0ABX0Y6M8|A0ABX0Y6M8_9ACTN	176	0				
CMD-like	tr|A0ABX0YRG1|A0ABX0YRG1_STRTL	147	0				
CMD-like	tr|A0ABX0YVV8|A0ABX0YVV8_STRTL	158	0				
CMD-like	tr|A0ABX0Z475|A0ABX0Z475_9ACTN	142	0				
CMD-like	tr|A0ABX0ZL36|A0ABX0ZL36_9ACTN	161	0				
CMD-like	tr|A0ABX0ZT22|A0ABX0ZT22_9ACTN	135	0				
CMD-like	tr|A0ABX1A9X0|A0ABX1A9X0_9ACTN	170	0				
CMD-like	tr|A0ABX1AV66|A0ABX1AV66_9ACTN	175	0				
CMD-like	tr|A0ABX1BL27|A0ABX1BL27_9ACTN	149	0				
CMD-like	tr|A0ABX1C766|A0ABX1C766_9ACTN	151	0				
CMD-like	tr|A0ABX1DRR8|A0ABX1DRR8_9HYPH	157	0				
CMD-like	tr|A0ABX1DXG2|A0ABX1DXG2_9PROT	133	0				
CMD-like	tr|A0ABX1E243|A0ABX1E243_9PROT	181	0				
CMD-like	tr|A0ABX1E9I4|A0ABX1E9I4_9PROT	133	0				
CMD-like	tr|A0ABX1EAK8|A0ABX1EAK8_9PROT	178	0				
CMD-like	tr|A0ABX1EZ98|A0ABX1EZ98_9PROT	182	0				
CMD-like	tr|A0ABX1F1R8|A0ABX1F1R8_9PROT	189	0				
CMD-like	tr|A0ABX1FIC1|A0ABX1FIC1_9PSEU	159	0				
CMD-like	tr|A0ABX1GB66|A0ABX1GB66_9MICC	195	0				
CMD-like	tr|A0ABX1GDJ8|A0ABX1GDJ8_9GAMM	171	0				
CMD-like	tr|A0ABX1GH26|A0ABX1GH26_9GAMM	134	0				
CMD-like	tr|A0ABX1GZH0|A0ABX1GZH0_9ACTN	180	0				
CMD-like	tr|A0ABX1INN8|A0ABX1INN8_STRGB	149	0				
CMD-like	tr|A0ABX1IVK4|A0ABX1IVK4_9PSEU	182	0				
CMD-like	tr|A0ABX1J7U2|A0ABX1J7U2_9PSEU	182	0				
CMD-like	tr|A0ABX1JGK6|A0ABX1JGK6_9PSEU	152	0				
CMD-like	tr|A0ABX1KAT0|A0ABX1KAT0_9MICO	165	0				
CMD-like	tr|A0ABX1L0U6|A0ABX1L0U6_9LACO	125	0				
CMD-like	tr|A0ABX1PBP1|A0ABX1PBP1_9CYAN	187	0				
CMD-like	tr|A0ABX1PYN7|A0ABX1PYN7_9RHOO	129	0				
CMD-like	tr|A0ABX1Q116|A0ABX1Q116_9RHOO	210	0				
CMD-like	tr|A0ABX1Q1G5|A0ABX1Q1G5_9RHOO	178	0				
CMD-like	tr|A0ABX1Q5M4|A0ABX1Q5M4_9RHOO	197	0				
CMD-like	tr|A0ABX1QFW1|A0ABX1QFW1_9RHOO	205	0				
CMD-like	tr|A0ABX1R458|A0ABX1R458_9ALTE	184	0				
CMD-like	tr|A0ABX1RDC9|A0ABX1RDC9_9PSEU	186	0				
CMD-like	tr|A0ABX1SEY6|A0ABX1SEY6_9PSEU	203	0				
CMD-like	tr|A0ABX1TUH0|A0ABX1TUH0_9PROT	122	0				
CMD-like	tr|A0ABX1WTM9|A0ABX1WTM9_9BACT	183	0				
CMD-like	tr|A0ABX2BE30|A0ABX2BE30_9GAMM	152	0				
CMD-like	tr|A0ABX2C2G1|A0ABX2C2G1_9BURK	196	0				
CMD-like	tr|A0ABX2C729|A0ABX2C729_9BURK	179	0				
CMD-like	tr|A0ABX2E9S5|A0ABX2E9S5_9BURK	150	0				
CMD-like	tr|A0ABX2EF96|A0ABX2EF96_9BURK	160	0				
CMD-like	tr|A0ABX2EK99|A0ABX2EK99_9BURK	203	0				
CMD-like	tr|A0ABX2FHV8|A0ABX2FHV8_9PSEU	123	0				
CMD-like	tr|A0ABX2FIS6|A0ABX2FIS6_9PSEU	164	0				
CMD-like	tr|A0ABX2FUH5|A0ABX2FUH5_9BACT	128	0				
CMD-like	tr|A0ABX2IKX7|A0ABX2IKX7_9RHOO	145	0				
CMD-like	tr|A0ABX2K3U3|A0ABX2K3U3_9MYCO	205	0				
CMD-like	tr|A0ABX2KBP9|A0ABX2KBP9_9PROT	173	0				
CMD-like	tr|A0ABX2KZ72|A0ABX2KZ72_9PROT	142	0				
CMD-like	tr|A0ABX2LBW7|A0ABX2LBW7_9PROT	125	0				
CMD-like	tr|A0ABX2PB34|A0ABX2PB34_9RHOB	145	0				
CMD-like	tr|A0ABX2PT54|A0ABX2PT54_9RHOB	148	0				
CMD-like	tr|A0ABX2QY17|A0ABX2QY17_9PSED	150	0				
CMD-like	tr|A0ABX2R4E5|A0ABX2R4E5_9PSED	122	0				
CMD-like	tr|A0ABX2R545|A0ABX2R545_9PSED	138	0				
CMD-like	tr|A0ABX2TJA6|A0ABX2TJA6_9PROT	130	0				
CMD-like	tr|A0ABX2W9Q1|A0ABX2W9Q1_9ENTR	143	0				
CMD-like	tr|A0ABX2XFD9|A0ABX2XFD9_9FLAO	144	0				
CMD-like	tr|A0ABX3EKT3|A0ABX3EKT3_9BACL	136	0				
CMD-like	tr|A0ABX3NN49|A0ABX3NN49_9BACT	186	0				
CMD-like	tr|A0ABX3NYF5|A0ABX3NYF5_9BACT	157	0				
CMD-like	tr|A0ABX3P2P0|A0ABX3P2P0_9BACT	149	0				
CMD-like	tr|A0ABX3P8H2|A0ABX3P8H2_9HYPH	178	0				
CMD-like	tr|A0ABX3SWM2|A0ABX3SWM2_MYCMA	189	0				
CMD-like	tr|A0ABX3VRZ3|A0ABX3VRZ3_9MYCO	195	0				
CMD-like	tr|A0ABX4JF90|A0ABX4JF90_9HYPH	141	0				
CMD-like	tr|A0ABX4VFM3|A0ABX4VFM3_9BURK	153	0				
CMD-like	tr|A0ABX4XUY8|A0ABX4XUY8_9PSED	131	0				
CMD-like	tr|A0ABX5IYZ4|A0ABX5IYZ4_9GAMM	149	0				
CMD-like	tr|A0ABX5IZE3|A0ABX5IZE3_9GAMM	126	0				
CMD-like	tr|A0ABX5LPK5|A0ABX5LPK5_9GAMM	142	0				
CMD-like	tr|A0ABX5MY41|A0ABX5MY41_9BURK	140	0				
CMD-like	tr|A0ABX5SND8|A0ABX5SND8_9MICO	199	0				
CMD-like	tr|A0ABX5SWK6|A0ABX5SWK6_9MICO	127	0				
CMD-like	tr|W8L2P4|W8L2P4_9GAMM	185	0				
CMD-like	tr|W9GC89|W9GC89_9MICO	142	0				
CMD-like	tr|W9GNA9|W9GNA9_9MICO	152	0				
CMD-like	tr|W9GPD6|W9GPD6_9MICO	190	0				
CMD-like	tr|W9WIY0|W9WIY0_9EURO	163	0				
CMD-like	tr|W9X8M1|W9X8M1_9EURO	156	0				
CMD-like	tr|W9XHD7|W9XHD7_9EURO	147	0				
CMD-like	tr|W9XT21|W9XT21_9EURO	201	0				
CMD-like	tr|W0DK44|W0DK44_9GAMM	191	0				
CMD-like	tr|W0DT96|W0DT96_9GAMM	168	0				
CMD-like	tr|W0HZK1|W0HZK1_9GAMM	146	0				
CMD-like	tr|W0JME6|W0JME6_9EURY	190	0				
CMD-like	tr|W0L7J7|W0L7J7_9GAMM	130	0				
CMD-like	tr|W0PF40|W0PF40_ADVMD	133	0				
CMD-like	tr|W1DNY1|W1DNY1_KLEPN	176	0				
CMD-like	tr|W1N2R1|W1N2R1_9GAMM	148	0				
CMD-like	tr|W2RUV6|W2RUV6_CYPE1	143	0				
CMD-like	tr|W4JXV5|W4JXV5_HETIT	202	0				
CMD-like	tr|W4K3N9|W4K3N9_HETIT	156	0				
CMD-like	tr|W4LBJ7|W4LBJ7_ENTF1	182	0				
CMD-like	tr|W4LIV0|W4LIV0_ENTF1	172	0				
CMD-like	tr|W4LM89|W4LM89_ENTF1	185	0				
CMD-like	tr|W4LN42|W4LN42_9BACT	183	0				
CMD-like	tr|T2G8R0|T2G8R0_MEGG1	127	0				
CMD-like	tr|U1GSZ9|U1GSZ9_ENDPU	188	0				
CMD-like	tr|U2KG31|U2KG31_9FIRM	135	0				
CMD-like	tr|U2Y387|U2Y387_9SPHN	176	0				
CMD-like	tr|U2YP55|U2YP55_9RHOB	128	0				
CMD-like	tr|U2Z4I5|U2Z4I5_9RHOB	180	0				
CMD-like	tr|U3A698|U3A698_9SPHN	127	0				
CMD-like	tr|U3ARE1|U3ARE1_9VIBR	129	0				
CMD-like	tr|U4KQD8|U4KQD8_ALTPJ	147	0				
CMD-like	tr|U4LPB3|U4LPB3_PYROM	166	0				
CMD-like	tr|U5N5A8|U5N5A8_9BURK	154	0				
CMD-like	tr|U5VX26|U5VX26_9ACTN	155	0				
CMD-like	tr|A0A1A9NGT5|A0A1A9NGT5_9BURK	181	0				
CMD-like	tr|A0A1B1AHI8|A0A1B1AHI8_9PROT	126	0				
CMD-like	tr|A0A1B1MDU0|A0A1B1MDU0_STRLN	157	0				
CMD-like	tr|A0A1B1MZY5|A0A1B1MZY5_9BACL	134	0				
CMD-like	tr|A0A1B1YTT7|A0A1B1YTT7_9GAMM	138	0				
CMD-like	tr|A0A1B1YV07|A0A1B1YV07_9GAMM	208	0				
CMD-like	tr|A0A1B2E2P5|A0A1B2E2P5_9BACL	130	0				
CMD-like	tr|A0A1B3Z614|A0A1B3Z614_9SPHN	181	0				
CMD-like	tr|A0A1B3Z641|A0A1B3Z641_9SPHN	179	0				
CMD-like	tr|A0A1B4XIY9|A0A1B4XIY9_9GAMM	188	0				
CMD-like	tr|A0A1B7K2A0|A0A1B7K2A0_9GAMM	143	0				
CMD-like	tr|A0A1B7K8F9|A0A1B7K8F9_9ENTR	141	0				
CMD-like	tr|A0A1B7L249|A0A1B7L249_9ENTR	175	0				
CMD-like	tr|A0A1B8B5F6|A0A1B8B5F6_FUSPO	169	0				
CMD-like	tr|A0A1B8G9S8|A0A1B8G9S8_9PEZI	137	0				
CMD-like	tr|A0A1B8S8K6|A0A1B8S8K6_9MYCO	192	0				
CMD-like	tr|A0A1B8S9P1|A0A1B8S9P1_9MYCO	193	0				
CMD-like	tr|A0A1B8SG15|A0A1B8SG15_9MYCO	141	0				
CMD-like	tr|A0A1B8U5F4|A0A1B8U5F4_9FLAO	186	0				
CMD-like	tr|A0A1C0YIE1|A0A1C0YIE1_9BACL	129	0				
CMD-like	tr|A0A1C1A707|A0A1C1A707_9BACL	129	0				
CMD-like	tr|A0A1C1YVX7|A0A1C1YVX7_9HYPH	131	0				
CMD-like	tr|A0A1C3EPF1|A0A1C3EPF1_9GAMM	188	0				
CMD-like	tr|A0A1C3X3F3|A0A1C3X3F3_9HYPH	126	0				
CMD-like	tr|A0A1C4YWQ7|A0A1C4YWQ7_MICVI	120	0				
CMD-like	tr|A0A1C6TZ13|A0A1C6TZ13_9ACTN	184	0				
CMD-like	tr|A0A1C7M109|A0A1C7M109_GRIFR	135	0				
CMD-like	tr|A0A1D2LRB8|A0A1D2LRB8_BROTH	146	0				
CMD-like	tr|A0A1D7QMF0|A0A1D7QMF0_9SPHI	148	0				
CMD-like	tr|A0A1D7QS59|A0A1D7QS59_9BACI	133	0				
CMD-like	tr|A0A1D7U697|A0A1D7U697_9HYPH	138	0				
CMD-like	tr|A0A1D7VTU6|A0A1D7VTU6_9ACTN	151	0				
CMD-like	tr|A0A1D7VTW1|A0A1D7VTW1_9ACTN	153	0				
CMD-like	tr|A0A1E1EZJ3|A0A1E1EZJ3_9SPHN	166	0				
CMD-like	tr|A0A1E1F0S3|A0A1E1F0S3_9SPHN	153	0				
CMD-like	tr|A0A1E1KGU8|A0A1E1KGU8_9HELO	184	0				
CMD-like	tr|A0A158CBS2|A0A158CBS2_9BURK	186	1	2-56	1.43e-08	127-181	1.64e-08
CMD-like	tr|A0A158DUX5|A0A158DUX5_9BURK	125	0				
CMD-like	tr|A0A158E638|A0A158E638_9BURK	185	0				
CMD-like	tr|A0A158KB64|A0A158KB64_9BURK	123	0				
CMD-like	tr|A0A158KSC2|A0A158KSC2_9BURK	149	0				
CMD-like	tr|A0A158KVG2|A0A158KVG2_9BURK	134	0				
CMD-like	tr|A0A159Z8C8|A0A159Z8C8_9RHOB	136	0				
CMD-like	tr|A0A160MYW4|A0A160MYW4_9GAMM	123	0				
CMD-like	tr|A0A161Z0I6|A0A161Z0I6_9NOCA	196	0				
CMD-like	tr|A0A162HU09|A0A162HU09_METRI	180	0				
CMD-like	tr|A0A162IE56|A0A162IE56_9HYPO	150	0				
CMD-like	tr|A0A163ASH0|A0A163ASH0_9FLAO	150	0				
CMD-like	tr|A0A163CLW1|A0A163CLW1_9BURK	121	0				
CMD-like	tr|A0A163JEN5|A0A163JEN5_9BACL	148	0				
CMD-like	tr|A0A163TCA6|A0A163TCA6_9BACL	141	0				
CMD-like	tr|A0A164KXW0|A0A164KXW0_9NOCA	195	0				
CMD-like	tr|A0A166D5U1|A0A166D5U1_9EURY	120	0				
CMD-like	tr|A0A166SS72|A0A166SS72_9CLOT	149	0				
CMD-like	tr|A0A166XQY2|A0A166XQY2_9GAMM	137	0				
CMD-like	tr|A0A167EG43|A0A167EG43_9ASCO	194	0				
CMD-like	tr|A0A117UZ56|A0A117UZ56_9SPHN	195	0				
CMD-like	tr|A0A118FY57|A0A118FY57_BURCE	128	0				
CMD-like	tr|A0A127F8V7|A0A127F8V7_STEDE	156	0				
CMD-like	tr|A0A127FBG6|A0A127FBG6_STEDE	135	0				
CMD-like	tr|A0A0X8G6T4|A0A0X8G6T4_9FLAO	120	0				
CMD-like	tr|A0A100W210|A0A100W210_9MYCO	192	0				
CMD-like	tr|A0A100W557|A0A100W557_9MYCO	197	0				
CMD-like	tr|A0A100W7Q6|A0A100W7Q6_MYCCR	124	0				
CMD-like	tr|A0A100WJ40|A0A100WJ40_MYCCR	138	0				
CMD-like	tr|A0A101MS25|A0A101MS25_PENFR	187	0				
CMD-like	tr|A0A0S3EV86|A0A0S3EV86_9SPHN	123	0				
CMD-like	tr|A0A0S3EY86|A0A0S3EY86_9SPHN	125	0				
CMD-like	tr|A0A0S3F295|A0A0S3F295_9SPHN	131	0				
CMD-like	tr|A0A0S3PRT4|A0A0S3PRT4_9BRAD	132	0				
CMD-like	tr|A0A0S4PVG2|A0A0S4PVG2_9HELI	134	0				
CMD-like	tr|A0A0T5PBN2|A0A0T5PBN2_9RHOB	123	0				
CMD-like	tr|A0A0T5VWA7|A0A0T5VWA7_9SPHI	144	0				
CMD-like	tr|A0A0U1CWX7|A0A0U1CWX7_9MYCO	157	0				
CMD-like	tr|A0A2V1D6R9|A0A2V1D6R9_9PLEO	200	0				
CMD-like	tr|A0A2V1HRQ1|A0A2V1HRQ1_9MICO	139	0				
CMD-like	tr|A0A2V2MVC9|A0A2V2MVC9_9EURY	124	0				
CMD-like	tr|A0A2V3TX03|A0A2V3TX03_9HYPH	168	0				
CMD-like	tr|A0A2V3UGJ6|A0A2V3UGJ6_9HYPH	176	0				
CMD-like	tr|A0A2V4MPM4|A0A2V4MPM4_9RHOB	129	0				
CMD-like	tr|A0A2V4MWC3|A0A2V4MWC3_9ACTN	139	0				
CMD-like	tr|A0A2T2P0W6|A0A2T2P0W6_CORCC	194	0				
CMD-like	tr|A0A2T3ACS7|A0A2T3ACS7_9PEZI	196	0				
CMD-like	tr|A0A2T3BEC2|A0A2T3BEC2_AMORE	141	0				
CMD-like	tr|A0A2T3G8K5|A0A2T3G8K5_9BIFI	174	0				
CMD-like	tr|A0A2T3HGX4|A0A2T3HGX4_9SPHI	155	0				
CMD-like	tr|A0A2T3HMB6|A0A2T3HMB6_9SPHI	152	0				
CMD-like	tr|A0A2T3J578|A0A2T3J578_9GAMM	142	0				
CMD-like	tr|A0A2T3JFK6|A0A2T3JFK6_9GAMM	146	0				
CMD-like	tr|A0A2T3JHB6|A0A2T3JHB6_9GAMM	127	0				
CMD-like	tr|A0A2T3M4K6|A0A2T3M4K6_PHOLE	129	0				
CMD-like	tr|A0A2T3NUQ2|A0A2T3NUQ2_9GAMM	181	0				
CMD-like	tr|A0A2T3NUR2|A0A2T3NUR2_9GAMM	190	0				
CMD-like	tr|A0ABX5X0W8|A0ABX5X0W8_9GAMM	179	0				
CMD-like	tr|A0ABX5XDD0|A0ABX5XDD0_CELCE	141	0				
CMD-like	tr|A0ABX6AW37|A0ABX6AW37_9ACTN	185	0				
CMD-like	tr|A0ABX6C707|A0ABX6C707_9CHLR	182	0				
CMD-like	tr|A0ABX6G0U4|A0ABX6G0U4_9BURK	145	0				
CMD-like	tr|A0ABX6G9X0|A0ABX6G9X0_BACT5	120	0				
CMD-like	tr|A0ABX6PS48|A0ABX6PS48_9HYPH	178	0				
CMD-like	tr|A0ABX6RDM5|A0ABX6RDM5_PSEMX	148	0				
CMD-like	tr|A0ABX6T984|A0ABX6T984_9SPHN	133	0				
CMD-like	tr|A0ABX6YEN9|A0ABX6YEN9_9MICO	153	0				
CMD-like	tr|A0ABX7FEZ7|A0ABX7FEZ7_9RHOB	151	0				
CMD-like	tr|A0ABX7FK07|A0ABX7FK07_BRECH	128	0				
CMD-like	tr|A0ABX7I546|A0ABX7I546_9BACT	146	0				
CMD-like	tr|A0ABX7IHB8|A0ABX7IHB8_9ACTO	167	0				
CMD-like	tr|A0ABX7K5I4|A0ABX7K5I4_9PSED	146	0				
CMD-like	tr|A0ABX7MBV6|A0ABX7MBV6_9RHOO	145	0				
CMD-like	tr|A0ABX7NFW2|A0ABX7NFW2_9BACT	153	0				
CMD-like	tr|A0ABX7NPH9|A0ABX7NPH9_9BACT	151	0				
CMD-like	tr|A0ABX7NSW2|A0ABX7NSW2_9BACT	135	0				
CMD-like	tr|A0ABX7QXZ3|A0ABX7QXZ3_9GAMM	166	0				
CMD-like	tr|A0ABX7RJS6|A0ABX7RJS6_9ACTN	122	0				
CMD-like	tr|A0ABX7RXH4|A0ABX7RXH4_9ACTN	174	0				
CMD-like	tr|A0ABX7T8R7|A0ABX7T8R7_9SPHN	189	0				
CMD-like	tr|A0ABX7TMK8|A0ABX7TMK8_STRCY	208	0				
CMD-like	tr|A0ABX7V8X7|A0ABX7V8X7_9GAMM	146	0				
CMD-like	tr|A0ABX7X7I4|A0ABX7X7I4_9GAMM	177	0				
CMD-like	tr|A0ABX7YVL6|A0ABX7YVL6_9GAMM	131	0				
CMD-like	tr|A0ABX8AES0|A0ABX8AES0_9BRAD	155	0				
CMD-like	tr|A0ABX8AIT1|A0ABX8AIT1_9BRAD	179	0				
CMD-like	tr|A0ABX8CIC1|A0ABX8CIC1_9NOCA	183	0				
CMD-like	tr|A0ABX8CSJ5|A0ABX8CSJ5_9NOCA	155	0				
CMD-like	tr|A0ABX8CXF4|A0ABX8CXF4_9NOCA	141	0				
CMD-like	tr|A0ABX8D605|A0ABX8D605_9CELL	196	0				
CMD-like	tr|A0ABX8G3J2|A0ABX8G3J2_9ACTN	158	0				
CMD-like	tr|A0ABX8HKG1|A0ABX8HKG1_9BACL	179	0				
CMD-like	tr|A0ABX8MVE2|A0ABX8MVE2_9PSED	146	0				
CMD-like	tr|A0ABX8QRW7|A0ABX8QRW7_9ACTN	188	0				
CMD-like	tr|A0ABX8UVN5|A0ABX8UVN5_9BURK	178	0				
CMD-like	tr|A0ABX8UXR8|A0ABX8UXR8_9BURK	178	0				
CMD-like	tr|A0ABX8V708|A0ABX8V708_9FLAO	145	0				
CMD-like	tr|A0ABX8VL49|A0ABX8VL49_9MYCO	204	0				
CMD-like	tr|A0ABX8WCE2|A0ABX8WCE2_9HYPH	179	0				
CMD-like	tr|A0ABX8Y399|A0ABX8Y399_9ACTN	190	0				
CMD-like	tr|A0ABX9C7B3|A0ABX9C7B3_9BURK	147	0				
CMD-like	tr|A0ABX9D796|A0ABX9D796_9ACTN	185	0				
CMD-like	tr|A0ABX9VEH2|A0ABX9VEH2_9PROT	194	0				
CMD-like	tr|A0ABX9X4A3|A0ABX9X4A3_9FLAO	138	0				
CMD-like	tr|A0ABX9X4S2|A0ABX9X4S2_9FLAO	147	0				
CMD-like	tr|A0ABY0A7E4|A0ABY0A7E4_9BURK	153	0				
CMD-like	tr|A0ABY0BJV8|A0ABY0BJV8_MORCA	181	0				
CMD-like	tr|A0ABY0FDW4|A0ABY0FDW4_9NEIS	154	0				
CMD-like	tr|A0ABY0H3F4|A0ABY0H3F4_9PEZI	199	0				
CMD-like	tr|A0ABY0PF24|A0ABY0PF24_9BRAD	126	0				
CMD-like	tr|A0ABY0PZR2|A0ABY0PZR2_9BRAD	128	0				
CMD-like	tr|A0ABY1B267|A0ABY1B267_9PSED	147	0				
CMD-like	tr|A0ABY1B5G6|A0ABY1B5G6_9PSED	129	0				
CMD-like	tr|A0ABY1HCW0|A0ABY1HCW0_9GAMM	144	0				
CMD-like	tr|A0ABY1MBH5|A0ABY1MBH5_RHORH	144	0				
CMD-like	tr|A0ABY1QL67|A0ABY1QL67_9BURK	138	0				
CMD-like	tr|A0ABY1QU35|A0ABY1QU35_9SPHN	181	0				
CMD-like	tr|A0ABY1R906|A0ABY1R906_9MICO	141	0				
CMD-like	tr|A0ABY1ZLH0|A0ABY1ZLH0_9GAMM	162	0				
CMD-like	tr|A0ABY2E2K3|A0ABY2E2K3_9MICO	152	0				
CMD-like	tr|A0ABY2Q140|A0ABY2Q140_9HYPH	168	0				
CMD-like	tr|A0ABY2RDT7|A0ABY2RDT7_9NOCA	165	0				
CMD-like	tr|A0ABY2RMA5|A0ABY2RMA5_9NOCA	179	0				
CMD-like	tr|A0ABY2RTC0|A0ABY2RTC0_9NOCA	152	0				
CMD-like	tr|A0ABY2TQD6|A0ABY2TQD6_9SPIR	154	0				
CMD-like	tr|A0ABY2UK67|A0ABY2UK67_9GAMM	137	0				
CMD-like	tr|A0ABY2WY77|A0ABY2WY77_9RHOB	182	0				
CMD-like	tr|A0ABY2XD55|A0ABY2XD55_9RHOB	202	0				
CMD-like	tr|A0ABY2XLE5|A0ABY2XLE5_9GAMM	145	0				
CMD-like	tr|A0ABY3AZX8|A0ABY3AZX8_PAEPP	152	0				
CMD-like	tr|A0ABY3DZ92|A0ABY3DZ92_9CORY	158	0				
CMD-like	tr|A0ABY3EMR1|A0ABY3EMR1_9BURK	167	0				
CMD-like	tr|A0ABY3ETA8|A0ABY3ETA8_9BURK	178	0				
CMD-like	tr|A0ABY3F9M1|A0ABY3F9M1_9GAMM	172	0				
CMD-like	tr|A0ABY3PNH7|A0ABY3PNH7_9CYAN	180	0				
CMD-like	tr|A0ABY3S3I4|A0ABY3S3I4_9ENTR	129	0				
CMD-like	tr|A0ABY3SPH1|A0ABY3SPH1_9BACL	145	0				
CMD-like	tr|A0ABY3TGP0|A0ABY3TGP0_9MYCO	207	0				
CMD-like	tr|A0ABY3UNC4|A0ABY3UNC4_MYCLN	120	0				
CMD-like	tr|A0ABY3VM12|A0ABY3VM12_9MYCO	172	0				
CMD-like	tr|A0ABY3WB12|A0ABY3WB12_9MICC	122	0				
CMD-like	tr|A0ABY3WFD7|A0ABY3WFD7_9MICC	157	0				
CMD-like	tr|A0ABY3X067|A0ABY3X067_9GAMM	180	0				
CMD-like	tr|A0ABY3Y3L5|A0ABY3Y3L5_9ACTN	160	0				
CMD-like	tr|A0ABY3Y3P1|A0ABY3Y3P1_9NEIS	154	0				
CMD-like	tr|A0ABY3YJV1|A0ABY3YJV1_9FLAO	151	0				
CMD-like	tr|A0ABY4AKA8|A0ABY4AKA8_9BURK	130	0				
CMD-like	tr|A0ABY4ALY7|A0ABY4ALY7_9BURK	176	0				
CMD-like	tr|A0ABY4BBG3|A0ABY4BBG3_9BACT	128	0				
CMD-like	tr|A0ABY4C9K7|A0ABY4C9K7_9BACT	185	0				
CMD-like	tr|A0ABY4CQA1|A0ABY4CQA1_9BACL	152	0				
CMD-like	tr|A0ABY4CVS2|A0ABY4CVS2_9BACL	132	0				
CMD-like	tr|A0ABY4E1U7|A0ABY4E1U7_9NEIS	172	0				
CMD-like	tr|A0ABY4E5W7|A0ABY4E5W7_9NEIS	179	0				
CMD-like	tr|A0ABY4EF32|A0ABY4EF32_VITST	149	0				
CMD-like	tr|A0ABY4F1G4|A0ABY4F1G4_9BACI	123	0				
CMD-like	tr|A0ABY4FKV8|A0ABY4FKV8_9MICO	135	0				
CMD-like	tr|A0ABY4HYE3|A0ABY4HYE3_CHIFI	187	0				
CMD-like	tr|A0ABY4JNF0|A0ABY4JNF0_9BACI	147	0				
CMD-like	tr|A0ABY4JZS2|A0ABY4JZS2_9GAMM	188	0				
CMD-like	tr|A0ABY4KDX9|A0ABY4KDX9_9FLAO	146	0				
CMD-like	tr|A0ABY4L302|A0ABY4L302_THEAE	153	0				
CMD-like	tr|A0ABY4L741|A0ABY4L741_THEAE	141	0				
CMD-like	tr|A0ABY4N3A7|A0ABY4N3A7_9MICO	144	0				
CMD-like	tr|A0ABY4NJM6|A0ABY4NJM6_9BURK	139	0				
CMD-like	tr|A0ABY4NJQ6|A0ABY4NJQ6_9BURK	148	0				
CMD-like	tr|A0ABY4NS76|A0ABY4NS76_9PSEU	129	0				
CMD-like	tr|A0ABY4PWR0|A0ABY4PWR0_9ACTN	168	0				
CMD-like	tr|A0ABY4W9R2|A0ABY4W9R2_9PROT	183	0				
CMD-like	tr|A0ABY4YLE0|A0ABY4YLE0_9MICO	188	0				
CMD-like	tr|A0ABY4YZE3|A0ABY4YZE3_9MICO	188	0				
CMD-like	tr|A0ABY5A576|A0ABY5A576_9GAMM	143	0				
CMD-like	tr|A0ABY5CPE6|A0ABY5CPE6_9GAMM	143	0				
CMD-like	tr|A0ABY5DTL5|A0ABY5DTL5_9ACTN	198	0				
CMD-like	tr|A0ABY5DWL5|A0ABY5DWL5_9ACTN	156	0				
CMD-like	tr|A0ABY5GH92|A0ABY5GH92_9GAMM	197	0				
CMD-like	tr|A0ABY5GNH6|A0ABY5GNH6_9GAMM	145	0				
CMD-like	tr|A0ABY5JPJ1|A0ABY5JPJ1_9BACI	147	0				
CMD-like	tr|A0ABY5MKM2|A0ABY5MKM2_9HYPH	166	0				
CMD-like	tr|A0ABY5P1J3|A0ABY5P1J3_9ENTE	200	0				
CMD-like	tr|A0ABY5PHD9|A0ABY5PHD9_9ACTN	206	0				
CMD-like	tr|A0ABY5PJW7|A0ABY5PJW7_9ACTN	198	0				
CMD-like	tr|A0ABY5Q8W7|A0ABY5Q8W7_9ACTN	150	0				
CMD-like	tr|A0ABY5S3P6|A0ABY5S3P6_9BACL	134	0				
CMD-like	tr|A0ABY5SF63|A0ABY5SF63_9BACL	146	0				
CMD-like	tr|A0ABY5UAZ7|A0ABY5UAZ7_9HYPH	153	0				
CMD-like	tr|A0ABY5UF88|A0ABY5UF88_9HYPH	156	0				
CMD-like	tr|A0ABY5WFC5|A0ABY5WFC5_9RHOB	144	0				
CMD-like	tr|A0ABY5WXP4|A0ABY5WXP4_LEICA	153	0				
CMD-like	tr|A0ABY5ZBJ1|A0ABY5ZBJ1_9ACTN	149	0				
CMD-like	tr|A0ABY5ZCG0|A0ABY5ZCG0_9ACTN	129	0				
CMD-like	tr|A0ABY5ZMH7|A0ABY5ZMH7_9BACT	184	0				
CMD-like	tr|A0ABY6ACG0|A0ABY6ACG0_9GAMM	153	0				
CMD-like	tr|A0ABY6CFK2|A0ABY6CFK2_9HYPH	141	0				
CMD-like	tr|A0ABY6CGK8|A0ABY6CGK8_9HYPH	154	0				
CMD-like	tr|A0ABY6CS79|A0ABY6CS79_9BACT	182	0				
CMD-like	tr|A0ABY6D7V3|A0ABY6D7V3_9RHOB	127	0				
CMD-like	tr|A0ABY6DIR1|A0ABY6DIR1_9NEIS	152	0				
CMD-like	tr|A0ABY6F2Q3|A0ABY6F2Q3_9GAMM	182	0				
CMD-like	tr|A0ABY6IVL8|A0ABY6IVL8_9BACT	153	0				
CMD-like	tr|A0ABY6JC29|A0ABY6JC29_9ENTR	126	0				
CMD-like	tr|A0ABY6MXJ2|A0ABY6MXJ2_9ALTE	180	0				
CMD-like	tr|A0ABY6P6P5|A0ABY6P6P5_9NOCA	129	0				
CMD-like	tr|A0ABY6PU84|A0ABY6PU84_9ACTN	157	0				
CMD-like	tr|A0ABY6Q1G2|A0ABY6Q1G2_9ACTN	183	0				
CMD-like	tr|A0ABY6Q2P7|A0ABY6Q2P7_9GAMM	130	0				
CMD-like	tr|A0ABY6Q700|A0ABY6Q700_9GAMM	192	0				
CMD-like	tr|A0ABY6U7I5|A0ABY6U7I5_BIOOC	156	0				
CMD-like	tr|A0ABY6Z3R8|A0ABY6Z3R8_9BACL	123	0				
CMD-like	tr|A0ABY6Z3Y9|A0ABY6Z3Y9_9BACL	130	0				
CMD-like	tr|A0ABY6Z5A9|A0ABY6Z5A9_9BACL	124	0				
CMD-like	tr|A0ABY6ZFA1|A0ABY6ZFA1_9BACL	181	0				
CMD-like	tr|A0ABY7ATH1|A0ABY7ATH1_9PSEU	156	0				
CMD-like	tr|A0ABY7AXE0|A0ABY7AXE0_9PSEU	152	0				
CMD-like	tr|A0ABY7B6P3|A0ABY7B6P3_9PSEU	151	0				
CMD-like	tr|A0ABY7GC43|A0ABY7GC43_MYAAR	121	0				
CMD-like	tr|A0ABY7H1Y0|A0ABY7H1Y0_9BACT	190	0				
CMD-like	tr|A0ABY7HQW3|A0ABY7HQW3_9GAMM	151	0				
CMD-like	tr|A0ABY7JR99|A0ABY7JR99_9ACTN	177	0				
CMD-like	tr|A0ABY7JYV2|A0ABY7JYV2_9ACTN	150	0				
CMD-like	tr|A0ABY7JZ01|A0ABY7JZ01_9ACTN	155	0				
CMD-like	tr|A0ABY7M989|A0ABY7M989_9CHLR	180	0				
CMD-like	tr|A0ABY7NC00|A0ABY7NC00_9MICO	152	0				
CMD-like	tr|A0ABY7NNX6|A0ABY7NNX6_9SPHN	154	0				
CMD-like	tr|A0ABY7QER4|A0ABY7QER4_9ACTN	170	0				
CMD-like	tr|A0ABY7QFQ1|A0ABY7QFQ1_9ACTN	153	0				
CMD-like	tr|A0ABY7RWY6|A0ABY7RWY6_9FLAO	184	0				
CMD-like	tr|A0ABY7T397|A0ABY7T397_9SPHI	144	0				
CMD-like	tr|A0ABY7TSR1|A0ABY7TSR1_9SPHN	195	0				
CMD-like	tr|A0ABY7U5D4|A0ABY7U5D4_9SPHN	128	0				
CMD-like	tr|A0ABY7UKP8|A0ABY7UKP8_9CORY	175	0				
CMD-like	tr|A0ABY7V1K7|A0ABY7V1K7_9DEIO	160	0				
CMD-like	tr|A0ABY7ZKW3|A0ABY7ZKW3_9ACTN	134	0				
CMD-like	tr|A0ABY8A3Q7|A0ABY8A3Q7_9ACTN	190	0				
CMD-like	tr|A0ABY8A5B4|A0ABY8A5B4_9ACTN	192	0				
CMD-like	tr|A0ABY8ATU4|A0ABY8ATU4_9GAMM	146	0				
CMD-like	tr|A0ABY8BUH2|A0ABY8BUH2_9MICO	154	0				
CMD-like	tr|A0ABY8BX00|A0ABY8BX00_AFICR	191	0				
CMD-like	tr|A0ABY8LBT2|A0ABY8LBT2_9RHOB	125	0				
CMD-like	tr|A0ABY8NCA3|A0ABY8NCA3_9GAMM	177	0				
CMD-like	tr|A0ABY8QR05|A0ABY8QR05_9MICO	198	0				
CMD-like	tr|A0ABY8QR42|A0ABY8QR42_9MICO	189	0				
CMD-like	tr|A0ABY8QS50|A0ABY8QS50_9MICO	186	0				
CMD-like	tr|A0ABY8QS79|A0ABY8QS79_9MICO	139	0				
CMD-like	tr|A0ABY8VCJ4|A0ABY8VCJ4_9CORY	157	0				
CMD-like	tr|A0ABY8VS09|A0ABY8VS09_9CORY	159	0				
CMD-like	tr|A0ABY8VY97|A0ABY8VY97_9MYCO	138	0				
CMD-like	tr|A0ABY8XKM3|A0ABY8XKM3_9PSEU	150	0				
CMD-like	tr|A0ABY8XTB7|A0ABY8XTB7_9PSEU	186	0				
CMD-like	tr|A0ABY9BA65|A0ABY9BA65_9CHLR	170	0				
CMD-like	tr|A0ABY9FP31|A0ABY9FP31_9PSED	139	0				
CMD-like	tr|A0ABY9KZ95|A0ABY9KZ95_9BACI	120	0				
CMD-like	tr|A0ABY9M578|A0ABY9M578_9BURK	127	0				
CMD-like	tr|A0ABY9MPV0|A0ABY9MPV0_9GAMM	193	1	52-97	1.52e-07	130-173	3.12e-08
CMD-like	tr|A0ABY9MUB5|A0ABY9MUB5_9GAMM	207	0				
CMD-like	tr|A0ABY9PFQ7|A0ABY9PFQ7_9GAMM	152	0				
CMD-like	tr|A0ABY9RTD0|A0ABY9RTD0_9ACTN	209	0				
CMD-like	tr|A0ABY9RYU2|A0ABY9RYU2_9ACTN	156	0				
CMD-like	tr|A0ABY9T735|A0ABY9T735_BREBE	148	0				
CMD-like	tr|A0ABY9TPN4|A0ABY9TPN4_9GAMM	208	0				
CMD-like	tr|A0ABY9TYS1|A0ABY9TYS1_9GAMM	141	0				
CMD-like	tr|A0ABY9V5S9|A0ABY9V5S9_9ACTN	209	0				
CMD-like	tr|A0ABY9WNN5|A0ABY9WNN5_9BACT	152	0				
CMD-like	tr|A0ABY9ZS52|A0ABY9ZS52_9ACTN	180	0				
CMD-like	tr|A0ABZ0CUK5|A0ABZ0CUK5_9BURK	175	0				
CMD-like	tr|A0ABZ0CXK6|A0ABZ0CXK6_9BURK	134	0				
CMD-like	tr|A0ABZ0HZG3|A0ABZ0HZG3_9HYPH	127	0				
CMD-like	tr|A0ABZ0ITN9|A0ABZ0ITN9_9BACT	151	0				
CMD-like	tr|A0ABZ0PNQ4|A0ABZ0PNQ4_9PROT	181	0				
CMD-like	tr|A0ABZ0PV10|A0ABZ0PV10_9PSED	145	0				
CMD-like	tr|A0ABZ0RPJ9|A0ABZ0RPJ9_9BACT	183	0				
CMD-like	tr|A0ABZ0SMS1|A0ABZ0SMS1_9MICO	175	0				
CMD-like	tr|A0ABZ0TNR2|A0ABZ0TNR2_9SPHI	177	0				
CMD-like	tr|A0ABZ0TSN6|A0ABZ0TSN6_9SPHI	179	0				
CMD-like	tr|A0ABZ0TT83|A0ABZ0TT83_9SPHI	155	0				
CMD-like	tr|A0ABZ0TVQ2|A0ABZ0TVQ2_9SPHI	149	0				
CMD-like	tr|A0ABZ0U9D3|A0ABZ0U9D3_9FIRM	148	0				
CMD-like	tr|A0ABZ0W8E1|A0ABZ0W8E1_9BACT	159	0				
CMD-like	tr|A0ABZ0ZP60|A0ABZ0ZP60_9ACTN	207	0				
CMD-like	tr|A0ABZ0ZSN3|A0ABZ0ZSN3_9ACTN	156	0				
CMD-like	tr|A0ABZ1C7L0|A0ABZ1C7L0_9BACT	195	0				
CMD-like	tr|A0ABZ1C8I3|A0ABZ1C8I3_9BACT	137	0				
CMD-like	tr|A0ABZ1CJW8|A0ABZ1CJW8_9PROT	155	0				
CMD-like	tr|A0ABZ1FGA6|A0ABZ1FGA6_9ACTN	188	0				
CMD-like	tr|A0ABZ1GUR1|A0ABZ1GUR1_9ACTN	204	0				
CMD-like	tr|A0ABZ1H1R5|A0ABZ1H1R5_STRPH	157	0				
CMD-like	tr|A0ABZ1HYW3|A0ABZ1HYW3_9PSEU	133	0				
CMD-like	tr|A0ABZ1I339|A0ABZ1I339_9PSEU	157	0				
CMD-like	tr|A0ABZ1I7Z3|A0ABZ1I7Z3_9PSEU	183	0				
CMD-like	tr|A0ABZ1I8X6|A0ABZ1I8X6_9PSEU	191	0				
CMD-like	tr|A0ABZ1IDK4|A0ABZ1IDK4_9PSEU	157	0				
CMD-like	tr|A0ABZ1IDW7|A0ABZ1IDW7_9PSEU	151	0				
CMD-like	tr|A0ABZ1QNN6|A0ABZ1QNN6_9ACTN	148	0				
CMD-like	tr|A0ABZ1T2Q4|A0ABZ1T2Q4_9ACTN	174	0				
CMD-like	tr|A0ABZ1T3U3|A0ABZ1T3U3_9ACTN	134	0				
CMD-like	tr|A0ABZ1W1E0|A0ABZ1W1E0_9ACTN	133	0				
CMD-like	tr|A0ABZ1W9E9|A0ABZ1W9E9_9ACTN	171	0				
CMD-like	tr|A0ABZ1WB07|A0ABZ1WB07_9ACTN	160	0				
CMD-like	tr|A0ABZ1XD91|A0ABZ1XD91_9ACTN	161	0				
CMD-like	tr|A0ABZ1XN26|A0ABZ1XN26_9ACTN	149	0				
CMD-like	tr|A0ABZ1XSS7|A0ABZ1XSS7_9ACTN	151	0				
CMD-like	tr|A0ABZ1XT99|A0ABZ1XT99_9ACTN	157	0				
CMD-like	tr|A0ABZ1YUH1|A0ABZ1YUH1_9NOCA	190	0				
CMD-like	tr|A0ABZ1YWD9|A0ABZ1YWD9_9NOCA	192	0				
CMD-like	tr|A0ABZ1YWG9|A0ABZ1YWG9_9NOCA	131	0				
CMD-like	tr|A0ABZ1YWT6|A0ABZ1YWT6_9NOCA	131	0				
CMD-like	tr|A0ABZ1ZC60|A0ABZ1ZC60_STRAQ	192	0				
CMD-like	tr|A0ABZ2C8U3|A0ABZ2C8U3_9BACI	133	0				
CMD-like	tr|A0ABZ2FI76|A0ABZ2FI76_9MICO	150	0				
CMD-like	tr|A0ABZ2I825|A0ABZ2I825_9HYPH	120	0				
CMD-like	tr|A0ABZ2JD62|A0ABZ2JD62_9PSED	151	0				
CMD-like	tr|A0ABZ2JUN1|A0ABZ2JUN1_9BACT	155	0				
CMD-like	tr|A0ABZ2KG30|A0ABZ2KG30_9BACT	188	0				
CMD-like	tr|A0ABZ2L8G4|A0ABZ2L8G4_9BACT	189	0				
CMD-like	tr|A0ABZ2LG86|A0ABZ2LG86_9BACT	160	0				
CMD-like	tr|A0ABZ2LPX6|A0ABZ2LPX6_9BACT	192	0				
CMD-like	tr|A0ABZ2M126|A0ABZ2M126_9BACT	191	0				
CMD-like	tr|A0ABZ2M1G3|A0ABZ2M1G3_9BACT	178	0				
CMD-like	tr|A0ABZ2MA82|A0ABZ2MA82_9BACT	151	0				
CMD-like	tr|A0ABZ2MAG4|A0ABZ2MAG4_9BACT	153	0				
CMD-like	tr|A0ABZ2MKF2|A0ABZ2MKF2_9MICO	155	0				
CMD-like	tr|A0ABZ2NRM9|A0ABZ2NRM9_9BRAD	146	0				
CMD-like	tr|A0ABZ2P586|A0ABZ2P586_9BRAD	122	0				
CMD-like	tr|A0ABZ2PES8|A0ABZ2PES8_9NOCA	152	0				
CMD-like	tr|A0ABZ2PVX6|A0ABZ2PVX6_9BURK	153	0				
CMD-like	tr|A0ABZ2QR88|A0ABZ2QR88_9ACTN	190	0				
CMD-like	tr|A0ABZ2U6X4|A0ABZ2U6X4_9ACTN	129	0				
CMD-like	tr|A0ABZ2V884|A0ABZ2V884_9RHOB	152	0				
CMD-like	tr|A0ABZ2YKW0|A0ABZ2YKW0_9BACT	152	0				
CMD-like	tr|A0ABZ3DYC0|A0ABZ3DYC0_9GAMM	153	0				
CMD-like	tr|A0ABZ3FJ57|A0ABZ3FJ57_9ACTN	189	0				
CMD-like	tr|A0ABZ3FLW2|A0ABZ3FLW2_9ACTN	188	0				
CMD-like	tr|A0ABZ3FMF5|A0ABZ3FMF5_9ACTN	185	0				
CMD-like	tr|A0ABZ3IX36|A0ABZ3IX36_SPOA4	185	0				
CMD-like	tr|A0AC61NBX0|A0AC61NBX0_9BACT	175	0				
CMD-like	tr|A0AC61T3H6|A0AC61T3H6_9BACI	146	0				
CMD-like	tr|A0AC61TKI7|A0AC61TKI7_EDWTA	141	0				
CMD-like	tr|A0ACA8R2P3|A0ACA8R2P3_METAZ	133	0				
CMD-like	tr|A0ACB5RPJ6|A0ACB5RPJ6_9PEZI	150	0				
CMD-like	tr|A0ACB8QX63|A0ACB8QX63_9AGAM	198	0				
CMD-like	tr|A0ACB8RQK9|A0ACB8RQK9_9AGAM	193	0				
CMD-like	tr|A0ACB8TBY6|A0ACB8TBY6_9AGAM	204	0				
CMD-like	tr|A0ACC1HRM7|A0ACC1HRM7_9FUNG	158	0				
CMD-like	tr|A0ACC1J0V4|A0ACC1J0V4_9FUNG	135	0				
CMD-like	tr|A0ACC1N5R3|A0ACC1N5R3_9HYPO	188	0				
CMD-like	tr|A0ACC1NYI9|A0ACC1NYI9_9HYPO	160	0				
CMD-like	tr|A0ACC1SA08|A0ACC1SA08_9HYPO	199	0				
CMD-like	tr|A0ACC1SYS8|A0ACC1SYS8_9HYPO	189	0				
CMD-like	tr|A0ACC2IWV5|A0ACC2IWV5_9PEZI	180	0				
CMD-like	tr|A0ACC2ZXK2|A0ACC2ZXK2_9EURO	190	0				
CMD-like	tr|A0ACC3A161|A0ACC3A161_9EURO	154	0				
CMD-like	tr|A0ACC3DNA5|A0ACC3DNA5_9PEZI	207	0				
CMD-like	tr|A0ACC3DZ54|A0ACC3DZ54_9PEZI	136	0				
CMD-like	tr|A0ACC3N6L1|A0ACC3N6L1_9PEZI	139	0				
CMD-like	tr|A0ACC3ZEN5|A0ACC3ZEN5_COLTU	196	0				
CMD-like	tr|A0ACC4W4N6|A0ACC4W4N6_STRFR	147	0				
CMD-like	tr|A0ACC4WGL9|A0ACC4WGL9_STRFR	194	0				
CMD-like	tr|A0ACC5R0B6|A0ACC5R0B6_9HYPH	127	0				
CMD-like	tr|A0ACC5R0G0|A0ACC5R0G0_9HYPH	148	0				
CMD-like	tr|A0ACC5USR9|A0ACC5USR9_9PSED	172	0				
CMD-like	tr|A0ACC5VFH8|A0ACC5VFH8_STUCH	149	0				
CMD-like	tr|A0ACC5VFW9|A0ACC5VFW9_STUCH	160	0				
CMD-like	tr|A0ACC6PW79|A0ACC6PW79_9ACTN	156	0				
CMD-like	tr|A0ACC6QRS0|A0ACC6QRS0_9ACTN	134	0				
CMD-like	tr|A0ACC6QV91|A0ACC6QV91_9ACTN	160	0				
CMD-like	tr|A0ACC6U529|A0ACC6U529_9BURK	147	0				
CMD-like	tr|A0ACC7N693|A0ACC7N693_9BURK	138	0				
CMD-like	tr|A0ACC7NJT3|A0ACC7NJT3_9BURK	125	0				
CMD-like	tr|A0ACD0P541|A0ACD0P541_9BASI	166	0				
CMD-like	tr|A0ACD1I986|A0ACD1I986_9EURO	135	0				
CMD-like	tr|A0ACD3SRD0|A0ACD3SRD0_9BURK	146	0				
CMD-like	tr|A0ACD3SSJ1|A0ACD3SSJ1_9BURK	148	0				
CMD-like	tr|A0ACD3V8E7|A0ACD3V8E7_9BRAD	134	0				
CMD-like	tr|A0ACD5H810|A0ACD5H810_9PROT	126	0				
CMD-like	tr|A0KNU1|A0KNU1_AERHH	144	0				
CMD-like	tr|A0LTA8|A0LTA8_ACIC1	205	0				
CMD-like	tr|A0R5Z5|A0R5Z5_MYCS2	153	0				
CMD-like	tr|A0YFY6|A0YFY6_9GAMM	182	0				
CMD-like	tr|A0YGY1|A0YGY1_9GAMM	140	0				
CMD-like	tr|A1B742|A1B742_PARDP	148	0				
CMD-like	tr|A1S953|A1S953_SHEAM	139	0				
CMD-like	tr|A1TEV7|A1TEV7_MYCVP	150	0				
CMD-like	tr|A1WW36|A1WW36_HALHL	198	0				
CMD-like	tr|A2SJ72|A2SJ72_METPP	192	0				
CMD-like	tr|A3VIA5|A3VIA5_9RHOB	138	0				
CMD-like	tr|A4BB33|A4BB33_9GAMM	181	0				
CMD-like	tr|A4BDF9|A4BDF9_9GAMM	202	0				
CMD-like	tr|A4BWX9|A4BWX9_9FLAO	177	0				
CMD-like	tr|A4FJT5|A4FJT5_SACEN	186	0				
CMD-like	tr|A5EUV6|A5EUV6_DICNV	196	0				
CMD-like	tr|A6GC11|A6GC11_9BACT	199	0				
CMD-like	tr|A7HTP4|A7HTP4_PARL1	187	0				
CMD-like	tr|A7HVT1|A7HVT1_PARL1	184	0				
CMD-like	tr|A8AHF1|A8AHF1_CITK8	148	0				
CMD-like	tr|A8HVW8|A8HVW8_AZOC5	173	0				
CMD-like	tr|A8LPE6|A8LPE6_DINSH	128	0				
CMD-like	tr|A8ZK64|A8ZK64_ACAM1	185	0				
CMD-like	tr|A8ZRQ8|A8ZRQ8_DESOH	173	0				
CMD-like	tr|A8ZX07|A8ZX07_DESOH	187	0				
CMD-like	tr|A9DD75|A9DD75_9GAMM	148	0				
CMD-like	tr|A9GUA8|A9GUA8_SORC5	155	0				
CMD-like	tr|A9H2S6|A9H2S6_GLUDA	209	0				
CMD-like	tr|A9HQT2|A9HQT2_GLUDA	171	0				
CMD-like	tr|A9WKG0|A9WKG0_CHLAA	160	0				
CMD-like	tr|A9WKP2|A9WKP2_RENSM	155	0				
CMD-like	tr|A9WS35|A9WS35_RENSM	151	0				
CMD-like	tr|B0C6B0|B0C6B0_ACAM1	153	0				
CMD-like	tr|B0XY54|B0XY54_ASPFC	123	0				
CMD-like	tr|B1FV06|B1FV06_PARG4	137	0				
CMD-like	tr|B1KGZ3|B1KGZ3_SHEWM	134	0				
CMD-like	tr|B1MK50|B1MK50_MYCA9	174	0				
CMD-like	tr|B1VEG1|B1VEG1_CORU7	162	0				
CMD-like	tr|B1XYK3|B1XYK3_LEPCP	152	0				
CMD-like	tr|B1Z9I6|B1Z9I6_METPB	210	0				
CMD-like	tr|B2JQN4|B2JQN4_PARP8	128	0				
CMD-like	tr|B2T3R4|B2T3R4_PARPJ	152	0				
CMD-like	tr|B2TG86|B2TG86_PARPJ	123	0				
CMD-like	tr|B4R8D4|B4R8D4_PHEZH	189	0				
CMD-like	tr|B5HVC6|B5HVC6_STRX2	168	0				
CMD-like	tr|B6JHV7|B6JHV7_AFIC5	150	0				
CMD-like	tr|B7KLV5|B7KLV5_GLOC7	197	0				
CMD-like	tr|B8FCI6|B8FCI6_DESAL	206	0				
CMD-like	tr|B8FLK9|B8FLK9_DESAL	184	0				
CMD-like	tr|B8MN68|B8MN68_TALSN	204	0				
CMD-like	tr|B9DIC6|B9DIC6_STACT	146	0				
CMD-like	tr|B9J8U7|B9J8U7_RHIR8	153	0				
CMD-like	tr|B9KYE1|B9KYE1_THERP	131	0				
CMD-like	tr|B9Z2E2|B9Z2E2_9NEIS	134	0				
CMD-like	tr|C1A0F8|C1A0F8_RHOE4	147	0				
CMD-like	tr|C1ABY9|C1ABY9_GEMAT	154	0				
CMD-like	tr|C1CUM5|C1CUM5_DEIDV	132	0				
CMD-like	tr|C1D516|C1D516_LARHH	134	0				
CMD-like	tr|C1F7V6|C1F7V6_ACIC5	151	0				
CMD-like	tr|C3X8A5|C3X8A5_OXAFO	185	0				
CMD-like	tr|C4JQ50|C4JQ50_UNCRE	122	0				
CMD-like	tr|C5FSY3|C5FSY3_ARTOC	183	0				
CMD-like	tr|C6LC90|C6LC90_9FIRM	132	0				
CMD-like	tr|C6XL91|C6XL91_HIRBI	133	0				
CMD-like	tr|C7M1N9|C7M1N9_ACIFD	131	0				
CMD-like	tr|C7MES5|C7MES5_BRAFD	123	0				
CMD-like	tr|C8P587|C8P587_9LACO	123	0				
CMD-like	tr|C8XB43|C8XB43_NAKMY	203	0				
CMD-like	tr|C9KP62|C9KP62_9FIRM	159	0				
CMD-like	tr|D0L1F5|D0L1F5_HALNC	131	0				
CMD-like	tr|D0Z2H3|D0Z2H3_PHODD	147	0				
CMD-like	tr|D1C272|D1C272_SPHTD	136	0				
CMD-like	tr|D2PM82|D2PM82_KRIFD	183	0				
CMD-like	tr|D2RIN5|D2RIN5_ACIFV	145	0				
CMD-like	tr|D3F5V9|D3F5V9_CONWI	186	0				
CMD-like	tr|D3PYS0|D3PYS0_STANL	184	0				
CMD-like	tr|D4AYN1|D4AYN1_ARTBC	184	0				
CMD-like	tr|D4Z183|D4Z183_SPHIU	151	0				
CMD-like	tr|D5PEE8|D5PEE8_9MYCO	126	0				
CMD-like	tr|D5RUC7|D5RUC7_9PROT	201	0				
CMD-like	tr|D5XB16|D5XB16_THEPJ	121	0				
CMD-like	tr|D6CUC8|D6CUC8_THIA3	120	0				
CMD-like	tr|D6U6L7|D6U6L7_KTERA	195	0				
CMD-like	tr|D6Y329|D6Y329_THEBD	129	0				
CMD-like	tr|D6ZBE7|D6ZBE7_SEGRD	131	0				
CMD-like	tr|D7CFM8|D7CFM8_STRBB	157	0				
CMD-like	tr|D7CUE5|D7CUE5_TRURR	133	0				
CMD-like	tr|D7GCH1|D7GCH1_PROFC	135	0				
CMD-like	tr|E0UP86|E0UP86_SULAO	126	0				
CMD-like	tr|E1K1P6|E1K1P6_SOLFR	181	0				
CMD-like	tr|E1RBP1|E1RBP1_SEDSS	205	0				
CMD-like	tr|E3IU78|E3IU78_PSEI1	203	0				
CMD-like	tr|E3J823|E3J823_PSEI1	194	0				
CMD-like	tr|E3J9M2|E3J9M2_PSEI1	137	0				
CMD-like	tr|E3JD76|E3JD76_PSEI1	197	0				
CMD-like	tr|E3S7C5|E3S7C5_PYRTT	196	0				
CMD-like	tr|E4N6B6|E4N6B6_KITSK	141	0				
CMD-like	tr|E5XL92|E5XL92_SEGRC	181	0				
CMD-like	tr|E5XLL5|E5XLL5_SEGRC	173	0				
CMD-like	tr|E6R216|E6R216_CRYGW	197	0				
CMD-like	tr|E8KF73|E8KF73_9PAST	181	0				
CMD-like	tr|E8LV01|E8LV01_9VIBR	183	0				
CMD-like	tr|E8X520|E8X520_GRATM	137	0				
CMD-like	tr|F0JE66|F0JE66_PSEME	128	0				
CMD-like	tr|F0ND73|F0ND73_SACI5	145	0				
CMD-like	tr|F0Q5J1|F0Q5J1_PARA1	160	0				
CMD-like	tr|F0RRC6|F0RRC6_DEIPM	194	0				
CMD-like	tr|F1YGU5|F1YGU5_9ACTN	187	0				
CMD-like	tr|F2IXH5|F2IXH5_POLGS	126	0				
CMD-like	tr|F2LNM4|F2LNM4_BURGS	129	0				
CMD-like	tr|F3GCK0|F3GCK0_PSESJ	192	1	3-57	2.58e-08	130-179	1.04e-06
CMD-like	tr|F3KUP8|F3KUP8_9BURK	172	0				
CMD-like	tr|F4CQG2|F4CQG2_PSEUX	190	0				
CMD-like	tr|F5RGX1|F5RGX1_METUF	150	0				
CMD-like	tr|F5S7K6|F5S7K6_KINKI	127	0				
CMD-like	tr|F5Y509|F5Y509_RAMTT	200	0				
CMD-like	tr|F5Y5Y4|F5Y5Y4_RAMTT	162	0				
CMD-like	tr|F6EKZ2|F6EKZ2_HOYSD	151	0				
CMD-like	tr|F8DYL0|F8DYL0_CORRG	155	0				
CMD-like	tr|F8JT02|F8JT02_STREN	194	0				
CMD-like	tr|F8X2U7|F8X2U7_9BACT	147	0				
CMD-like	tr|G0AFN3|G0AFN3_COLFT	184	0				
CMD-like	tr|G0AIG3|G0AIG3_COLFT	197	0				
CMD-like	tr|G1XDW3|G1XDW3_ARTOA	151	0				
CMD-like	tr|G2KN38|G2KN38_MICAA	159	0				
CMD-like	tr|G4SX14|G4SX14_META2	185	0				
CMD-like	tr|G5JS75|G5JS75_STRCG	120	0				
CMD-like	tr|G6ECL6|G6ECL6_9SPHN	126	0				
CMD-like	tr|G6YNE5|G6YNE5_9GAMM	126	0				
CMD-like	tr|G7DSG1|G7DSG1_MIXOS	192	0				
CMD-like	tr|G7GQ44|G7GQ44_9ACTN	166	0				
CMD-like	tr|G7GTV7|G7GTV7_9ACTN	180	0				
CMD-like	tr|G7H2K5|G7H2K5_9ACTN	207	0				
CMD-like	tr|G7UNI0|G7UNI0_PSEUP	197	0				
CMD-like	tr|G8RP59|G8RP59_MYCRN	198	0				
CMD-like	tr|G8RV02|G8RV02_MYCRN	193	0				
CMD-like	tr|G9YK76|G9YK76_9FIRM	128	0				
CMD-like	tr|H0DZZ6|H0DZZ6_9ACTN	140	0				
CMD-like	tr|H0E3Z3|H0E3Z3_9ACTN	203	0				
CMD-like	tr|H0E441|H0E441_9ACTN	210	0				
CMD-like	tr|H0HU95|H0HU95_9HYPH	200	0				
CMD-like	tr|H0QJZ6|H0QJZ6_ARTG1	170	0				
CMD-like	tr|H0QLT6|H0QLT6_ARTG1	132	0				
CMD-like	tr|H0QTB3|H0QTB3_ARTG1	186	0				
CMD-like	tr|H0R2K1|H0R2K1_9ACTN	160	0				
CMD-like	tr|H1D107|H1D107_9FIRM	143	0				
CMD-like	tr|H1YZF7|H1YZF7_9EURY	134	0				
CMD-like	tr|H2C1Z1|H2C1Z1_9CREN	122	0				
CMD-like	tr|H3SKK2|H3SKK2_9BACL	145	0				
CMD-like	tr|H5TGB0|H5TGB0_GORO1	141	0				
CMD-like	tr|H5V4P5|H5V4P5_ATLHE	159	0				
CMD-like	tr|H5WXK4|H5WXK4_9PSEU	201	0				
CMD-like	tr|H5WZL4|H5WZL4_9PSEU	187	0				
CMD-like	tr|H5X1B1|H5X1B1_9PSEU	183	0				
CMD-like	tr|H6N4H5|H6N4H5_GORPV	202	0				
CMD-like	tr|H6NHK3|H6NHK3_9BACL	129	0				
CMD-like	tr|H8I727|H8I727_METCZ	124	0				
CMD-like	tr|H8I9U6|H8I9U6_METCZ	160	0				
CMD-like	tr|I0AKZ5|I0AKZ5_IGNAJ	185	0				
CMD-like	tr|I0AM52|I0AM52_IGNAJ	120	0				
CMD-like	tr|I0HZ90|I0HZ90_CALAS	196	0				
CMD-like	tr|I0IN57|I0IN57_LEPFC	137	0				
CMD-like	tr|I0SEU3|I0SEU3_STRAP	195	0				
CMD-like	tr|I0USL7|I0USL7_9MICC	138	0				
CMD-like	tr|I1D7L3|I1D7L3_9PSEU	182	0				
CMD-like	tr|I2B5E8|I2B5E8_SHIBC	167	0				
CMD-like	tr|I2GPU0|I2GPU0_9BACT	146	0				
CMD-like	tr|I3TJH4|I3TJH4_TISMK	162	0				
CMD-like	tr|I3TND5|I3TND5_TISMK	137	0				
CMD-like	tr|I3U958|I3U958_ADVKW	143	0				
CMD-like	tr|I4A4C2|I4A4C2_DESDJ	125	0				
CMD-like	tr|I6YXJ0|I6YXJ0_MELRP	121	0				
CMD-like	tr|I7IVV1|I7IVV1_9LACO	156	0				
CMD-like	tr|I8I3R0|I8I3R0_9GAMM	129	0				
CMD-like	tr|J0MXH9|J0MXH9_9ACTO	181	0				
CMD-like	tr|K0CIE7|K0CIE7_ALCDB	171	0				
CMD-like	tr|K0ENT2|K0ENT2_NOCB7	156	0				
CMD-like	tr|K0ES36|K0ES36_NOCB7	138	0				
CMD-like	tr|K0F1Q5|K0F1Q5_NOCB7	198	0				
CMD-like	tr|K0K4M4|K0K4M4_SACES	146	0				
CMD-like	tr|K0NC10|K0NC10_DESTT	139	0				
CMD-like	tr|K2J439|K2J439_9RHOB	120	0				
CMD-like	tr|K2JL49|K2JL49_9GAMM	154	0				
CMD-like	tr|K2JVT3|K2JVT3_9RHOB	127	0				
CMD-like	tr|K2L656|K2L656_9GAMM	151	0				
CMD-like	tr|K2N1V3|K2N1V3_9HYPH	181	0				
CMD-like	tr|K2N4L2|K2N4L2_9HYPH	174	0				
CMD-like	tr|K2PQ02|K2PQ02_9FLAO	153	0				
CMD-like	tr|K2R6G7|K2R6G7_METFP	131	0				
CMD-like	tr|K2RSC2|K2RSC2_METFP	129	0				
CMD-like	tr|K4L193|K4L193_SIMAS	127	0				
CMD-like	tr|K4QTJ5|K4QTJ5_STRDJ	157	0				
CMD-like	tr|K4R9F4|K4R9F4_STRDJ	157	0				
CMD-like	tr|K6D7W1|K6D7W1_SCHAZ	120	0				
CMD-like	tr|K6FEV2|K6FEV2_9GAMM	196	0				
CMD-like	tr|K6W0B1|K6W0B1_9ACTN	125	0				
CMD-like	tr|K6W9S0|K6W9S0_9ACTN	192	0				
CMD-like	tr|K6WA94|K6WA94_9ACTN	163	0				
CMD-like	tr|K6XN07|K6XN07_9ALTE	120	0				
CMD-like	tr|K8P7Y1|K8P7Y1_9BRAD	132	0				
CMD-like	tr|K8PGQ2|K8PGQ2_9BRAD	131	0				
CMD-like	tr|K8WQQ2|K8WQQ2_9GAMM	195	0				
CMD-like	tr|K9D7L1|K9D7L1_9FIRM	163	0				
CMD-like	tr|K9W8F9|K9W8F9_9CYAN	180	0				
CMD-like	tr|L0HBJ5|L0HBJ5_METFS	135	0				
CMD-like	tr|L0K895|L0K895_HALHC	176	0				
CMD-like	tr|L0KAP6|L0KAP6_HALHC	127	0				
CMD-like	tr|L7U2S6|L7U2S6_MYXSD	183	0				
CMD-like	tr|L8G9J4|L8G9J4_PSED2	190	0				
CMD-like	tr|L8JJ54|L8JJ54_9BACT	153	0				
CMD-like	tr|L9ZE84|L9ZE84_9EURY	123	0				
CMD-like	tr|M0LMN4|M0LMN4_NATLA	192	0				
CMD-like	tr|M0LNI3|M0LNI3_NATLA	192	0				
CMD-like	tr|M0NM90|M0NM90_9EURY	198	0				
CMD-like	tr|M0QFJ2|M0QFJ2_9ACTN	180	0				
CMD-like	tr|M0QS79|M0QS79_9ACTN	203	0				
CMD-like	tr|M1WRM6|M1WRM6_PSEP2	134	0				
CMD-like	tr|M1Z226|M1Z226_NITG3	170	0				
CMD-like	tr|M2Y204|M2Y204_9NOCA	203	0				
CMD-like	tr|M3A9D3|M3A9D3_9PROT	148	0				
CMD-like	tr|M3CJW3|M3CJW3_STREZ	163	0				
CMD-like	tr|M4VPV5|M4VPV5_9BACT	182	0				
CMD-like	tr|M4Z113|M4Z113_9BRAD	183	0				
CMD-like	tr|M5DUU4|M5DUU4_9GAMM	205	0				
CMD-like	tr|M7AQ71|M7AQ71_CHEMY	176	0				
CMD-like	tr|M7TG50|M7TG50_EUTLA	210	0				
CMD-like	tr|M9SEW1|M9SEW1_METAX	126	0				
CMD-like	tr|N0B2F2|N0B2F2_9HYPH	177	0				
CMD-like	tr|N0B9D3|N0B9D3_9HYPH	191	0				
CMD-like	tr|N0E3D3|N0E3D3_9MICO	200	0				
CMD-like	tr|N1UUR3|N1UUR3_9MICC	199	0				
CMD-like	tr|N1UYS4|N1UYS4_9MICC	182	0				
CMD-like	tr|N4VDF8|N4VDF8_COLOR	153	0				
CMD-like	tr|N4VE56|N4VE56_COLOR	162	0				
CMD-like	tr|N8YII8|N8YII8_ACIVR	206	0				
CMD-like	tr|N9DI89|N9DI89_ACIBZ	137	0				
CMD-like	tr|O29899|O29899_ARCFU	126	0				
CMD-like	tr|O30263|O30263_ARCFU	150	0				
CMD-like	tr|Q0BTJ8|Q0BTJ8_GRABC	148	0				
CMD-like	tr|Q0C1F3|Q0C1F3_HYPNA	182	0				
CMD-like	tr|Q0F1J8|Q0F1J8_9PROT	147	0				
CMD-like	tr|Q0K193|Q0K193_CUPNH	184	0				
CMD-like	tr|Q0KD14|Q0KD14_CUPNH	160	0				
CMD-like	tr|Q0KE86|Q0KE86_CUPNH	125	0				
CMD-like	tr|Q0W0Y9|Q0W0Y9_METAR	123	0				
CMD-like	tr|Q12YT0|Q12YT0_METBU	200	0				
CMD-like	tr|Q13GE4|Q13GE4_PARXL	170	0				
CMD-like	tr|Q13GF0|Q13GF0_PARXL	180	0				
CMD-like	tr|Q13HE3|Q13HE3_PARXL	169	0				
CMD-like	tr|Q13HH1|Q13HH1_PARXL	140	0				
CMD-like	tr|Q1AVN9|Q1AVN9_RUBXD	128	0				
CMD-like	tr|Q1LEC0|Q1LEC0_CUPMC	177	0				
CMD-like	tr|Q1N280|Q1N280_9GAMM	122	0				
CMD-like	tr|Q1QCS5|Q1QCS5_PSYCK	153	0				
CMD-like	tr|Q21TP9|Q21TP9_ALBFT	166	0				
CMD-like	tr|Q2RYW5|Q2RYW5_SALRD	174	0				
CMD-like	tr|Q2T186|Q2T186_BURTA	203	0				
CMD-like	tr|Q2T997|Q2T997_BURTA	128	0				
CMD-like	tr|Q2W684|Q2W684_PARM1	187	0				
CMD-like	tr|Q3SLH2|Q3SLH2_THIDA	177	0				
CMD-like	tr|Q47ZD4|Q47ZD4_COLP3	132	0				
CMD-like	tr|Q4J7V9|Q4J7V9_SULAC	130	0				
CMD-like	tr|Q5BDX8|Q5BDX8_EMENI	157	0				
CMD-like	tr|Q5NZZ9|Q5NZZ9_AROAE	188	0				
CMD-like	tr|Q5P1V2|Q5P1V2_AROAE	144	0				
CMD-like	tr|Q5P8J0|Q5P8J0_AROAE	129	0				
CMD-like	tr|Q5QV73|Q5QV73_IDILO	154	0				
CMD-like	tr|Q5WDP6|Q5WDP6_SHOC1	121	0				
CMD-like	tr|Q5YWL4|Q5YWL4_NOCFA	127	0				
CMD-like	tr|Q5ZSN4|Q5ZSN4_LEGPH	185	0				
CMD-like	tr|Q63L10|Q63L10_BURPS	149	0				
CMD-like	tr|Q6MC27|Q6MC27_PARUW	179	0				
CMD-like	tr|Q7UPD1|Q7UPD1_RHOBA	129	0				
CMD-like	tr|Q7VG56|Q7VG56_HELHP	169	0				
CMD-like	tr|Q81PH6|Q81PH6_BACAN	146	0				
CMD-like	tr|Q8D1N8|Q8D1N8_YERPE	145	0				
CMD-like	tr|Q8FQN1|Q8FQN1_COREF	125	0				
CMD-like	tr|Q978P3|Q978P3_THEVO	120	0				
CMD-like	tr|R0EGR3|R0EGR3_CAUVI	187	0				
CMD-like	tr|R1FUC0|R1FUC0_9PSEU	164	0				
CMD-like	tr|R2VCU0|R2VCU0_9ENTE	123	0				
CMD-like	tr|R4T4I9|R4T4I9_9PSEU	156	0				
CMD-like	tr|R4YR26|R4YR26_OLEAN	128	0				
CMD-like	tr|R4YXF4|R4YXF4_9ACTN	124	0				
CMD-like	tr|R4Z776|R4Z776_9ACTN	192	0				
CMD-like	tr|R7WMA7|R7WMA7_9NOCA	154	0				
CMD-like	tr|R8ARE5|R8ARE5_PLESH	204	0				
CMD-like	tr|R9T4E2|R9T4E2_METII	157	0				
CMD-like	tr|S2JB24|S2JB24_MUCC1	178	0				
CMD-like	tr|S2KPG0|S2KPG0_LITA3	143	0				
CMD-like	tr|S2L5Z8|S2L5Z8_LITA3	156	0				
CMD-like	tr|S3D8Q6|S3D8Q6_OPHP1	196	0				
CMD-like	tr|S3ZEK3|S3ZEK3_9ACTN	157	0				
CMD-like	tr|S5TKW1|S5TKW1_9CORY	155	0				
CMD-like	tr|S5TWD0|S5TWD0_9GAMM	154	0				
CMD-like	tr|S6A0E9|S6A0E9_GEOG3	148	0				
CMD-like	tr|S7TQD7|S7TQD7_DESML	138	0				
CMD-like	tr|S8ATZ6|S8ATZ6_DACHA	206	0				
CMD-like	tr|S9Q693|S9Q693_CYSF2	151	0				
CMD-like	tr|S9QTA7|S9QTA7_9RHOB	182	0				
CMD-like	tr|S9S9Y8|S9S9Y8_9RHOB	182	0				
CMD-like	tr|T0GF95|T0GF95_9LEPT	181	0				
CMD-like	tr|T0GGF8|T0GGF8_9SPHN	135	0				
CMD-like	tr|T0GWF0|T0GWF0_9SPHN	180	0				
CMD-like	tr|T0I2J2|T0I2J2_9SPHN	132	0				
CMD-like	tr|A0A167UV37|A0A167UV37_9EURO	210	0				
CMD-like	tr|A0A168K4H5|A0A168K4H5_MUCCL	206	0				
CMD-like	tr|A0A171ANN4|A0A171ANN4_9BACT	141	0				
CMD-like	tr|A0A171C186|A0A171C186_9ACTN	168	0				
CMD-like	tr|A0A172TQR4|A0A172TQR4_9BACT	183	0				
CMD-like	tr|A0A172TR37|A0A172TR37_9BACT	176	0				
CMD-like	tr|A0A172U1Z7|A0A172U1Z7_9BACT	164	0				
CMD-like	tr|A0A172YGC3|A0A172YGC3_9GAMM	133	0				
CMD-like	tr|A0A172ZEG0|A0A172ZEG0_9BACL	130	0				
CMD-like	tr|A0A173LML4|A0A173LML4_9ACTN	187	0				
CMD-like	tr|A0A173LNZ4|A0A173LNZ4_9ACTN	126	0				
CMD-like	tr|A0A173MIC6|A0A173MIC6_9BACT	143	0				
CMD-like	tr|A0A176QG86|A0A176QG86_9MICO	180	0				
CMD-like	tr|A0A177CEI1|A0A177CEI1_9PLEO	154	0				
CMD-like	tr|A0A177EZ26|A0A177EZ26_9EURO	127	0				
CMD-like	tr|A0A177FFX2|A0A177FFX2_9EURO	134	0				
CMD-like	tr|A0A177HKF6|A0A177HKF6_9ACTN	137	0				
CMD-like	tr|A0A178CN28|A0A178CN28_9EURO	191	0				
CMD-like	tr|A0A178J7Q2|A0A178J7Q2_9VIBR	152	0				
CMD-like	tr|A0A178MMP5|A0A178MMP5_9PROT	125	0				
CMD-like	tr|A0A178Z9X2|A0A178Z9X2_9EURO	195	0				
CMD-like	tr|A0A191UY76|A0A191UY76_9ACTN	157	0				
CMD-like	tr|A0A191YU04|A0A191YU04_9PSED	133	0				
CMD-like	tr|A0A192TP98|A0A192TP98_9HYPH	129	0				
CMD-like	tr|A0A193GF41|A0A193GF41_9BORD	203	0				
CMD-like	tr|A0A194V996|A0A194V996_CYTMA	150	0				
CMD-like	tr|A0A198FA81|A0A198FA81_9GAMM	149	0				
CMD-like	tr|A0A1A3MUC4|A0A1A3MUC4_MYCAS	153	0				
CMD-like	tr|A0A1A6C217|A0A1A6C217_9GAMM	132	0				
CMD-like	tr|A0A1A9GJ78|A0A1A9GJ78_9ACTN	203	0				
CMD-like	tr|A0A137ZRM8|A0A137ZRM8_9ACTN	169	0				
CMD-like	tr|A0A139A915|A0A139A915_GONPJ	141	0				
CMD-like	tr|A0A139GYL1|A0A139GYL1_9PEZI	171	0				
CMD-like	tr|A0A139X865|A0A139X865_9CYAN	130	0				
CMD-like	tr|A0A143BLV4|A0A143BLV4_9BACT	181	0				
CMD-like	tr|A0A143PIZ0|A0A143PIZ0_LUTPR	129	0				
CMD-like	tr|A0A143PUA3|A0A143PUA3_LUTPR	147	0				
CMD-like	tr|A0A143QGB2|A0A143QGB2_RHOFA	186	0				
CMD-like	tr|A0A146GG77|A0A146GG77_TERSA	142	0				
CMD-like	tr|A0A147GXD2|A0A147GXD2_9BURK	123	0				
CMD-like	tr|A0A150WMP3|A0A150WMP3_BDEBC	158	0				
CMD-like	tr|A0A150XID4|A0A150XID4_9BACT	146	0				
CMD-like	tr|A0A154QEJ8|A0A154QEJ8_9GAMM	185	0				
CMD-like	tr|A0A0W0Z3G8|A0A0W0Z3G8_9GAMM	184	0				
CMD-like	tr|A0A0W0Z567|A0A0W0Z567_LEGSP	180	0				
CMD-like	tr|A0A0W1APM9|A0A0W1APM9_9BACL	145	0				
CMD-like	tr|A0A0W1SGI5|A0A0W1SGI5_9EURY	153	0				
CMD-like	tr|A0A0W7WDR5|A0A0W7WDR5_9RHOB	189	0				
CMD-like	tr|A0A0R0DTA0|A0A0R0DTA0_9GAMM	185	0				
CMD-like	tr|A0A0R1PXB1|A0A0R1PXB1_9LACO	125	0				
CMD-like	tr|A0A0R1RT07|A0A0R1RT07_9LACO	127	0				
CMD-like	tr|A0A0R1VCG4|A0A0R1VCG4_9LACO	180	0				
CMD-like	tr|A0A2U2AEQ6|A0A2U2AEQ6_9GAMM	180	0				
CMD-like	tr|A0A2U2ALU1|A0A2U2ALU1_9GAMM	182	0				
CMD-like	tr|A0A2U2BXP7|A0A2U2BXP7_9PROT	186	0				
CMD-like	tr|A0A2U2N6B8|A0A2U2N6B8_9GAMM	184	0				
CMD-like	tr|A0A2U2PF83|A0A2U2PF83_9SPHI	147	0				
CMD-like	tr|A0A2U3CZ20|A0A2U3CZ20_SULT2	122	0				
CMD-like	tr|A0A2U3DZI1|A0A2U3DZI1_PURLI	178	0				
CMD-like	tr|A0A2U3MZ96|A0A2U3MZ96_9GAMM	143	0				
CMD-like	tr|A0A2U3NT60|A0A2U3NT60_9MYCO	130	0				
CMD-like	tr|A0A2S9GZG8|A0A2S9GZG8_9BURK	133	0				
CMD-like	tr|A0A2S9I6J7|A0A2S9I6J7_9GAMM	129	0				
CMD-like	tr|A0A2S9YJM3|A0A2S9YJM3_9BACT	192	0				
CMD-like	tr|A0A2T0BF52|A0A2T0BF52_9CLOT	130	0				
CMD-like	tr|A0A2T0GT38|A0A2T0GT38_ACTMO	185	0				
CMD-like	tr|A0A1S8AXQ2|A0A1S8AXQ2_9EURY	139	0				
CMD-like	tr|A0A1S9PAF8|A0A1S9PAF8_9SPHI	182	0				
CMD-like	tr|A0A1S9PB60|A0A1S9PB60_9SPHI	150	0				
CMD-like	tr|A0A1T2L9J3|A0A1T2L9J3_9GAMM	194	0				
CMD-like	tr|A0A1T3CJD9|A0A1T3CJD9_9HYPO	152	0				
CMD-like	tr|A0A1T3M9H8|A0A1T3M9H8_9FLAO	147	0				
CMD-like	tr|A0A1T3NQ87|A0A1T3NQ87_9ACTN	183	0				
CMD-like	tr|A0A1T3P6F0|A0A1T3P6F0_9ACTN	193	0				
CMD-like	tr|A0A1T4NGJ6|A0A1T4NGJ6_9FIRM	184	0				
CMD-like	tr|A0A1T4PX88|A0A1T4PX88_9HYPH	133	0				
CMD-like	tr|A0A1T4WF29|A0A1T4WF29_9BACT	188	0				
CMD-like	tr|A0A1T4XLS8|A0A1T4XLS8_9MICO	135	0				
CMD-like	tr|A0A1T4XR22|A0A1T4XR22_9BACL	125	0				
CMD-like	tr|A0A1T5AQQ8|A0A1T5AQQ8_9SPHN	184	0				
CMD-like	tr|A0A1T5DWX5|A0A1T5DWX5_9SPHN	182	0				
CMD-like	tr|A0A1T5FRX0|A0A1T5FRX0_9SPHN	175	0				
CMD-like	tr|A0A1T5FYM0|A0A1T5FYM0_9SPHN	139	0				
CMD-like	tr|A0A1T5G2H6|A0A1T5G2H6_9SPHN	129	0				
CMD-like	tr|A0A1U7CUG4|A0A1U7CUG4_9BACT	154	0				
CMD-like	tr|A0A1U7HTK1|A0A1U7HTK1_9CYAN	201	0				
CMD-like	tr|A0A1U9JZK1|A0A1U9JZK1_9BURK	190	0				
CMD-like	tr|A0A1U9MF98|A0A1U9MF98_9HYPH	207	0				
CMD-like	tr|A0A1U9Z1K5|A0A1U9Z1K5_9HYPH	128	0				
CMD-like	tr|A0A1V0AKR8|A0A1V0AKR8_9ACTN	181	0				
CMD-like	tr|A0A1V0RQF2|A0A1V0RQF2_9RHOB	127	0				
CMD-like	tr|A0A1V2ER22|A0A1V2ER22_9SPHN	151	0				
CMD-like	tr|A0A1V2EWG1|A0A1V2EWG1_9SPHN	151	0				
CMD-like	tr|A0A1V2H7T7|A0A1V2H7T7_9PROT	185	0				
CMD-like	tr|A0A1V2I0G5|A0A1V2I0G5_9ACTN	136	0				
CMD-like	tr|A0A1V2I531|A0A1V2I531_9ACTN	198	0				
CMD-like	tr|A0A1V2ZZ17|A0A1V2ZZ17_9GAMM	188	0				
AhpD	tr|A0A0D8B5T5|A0A0D8B5T5_9ACTN	185	0				
AhpD	tr|A0A0G3GTN8|A0A0G3GTN8_9CORY	174	0				
AhpD	tr|A0A172UQ54|A0A172UQ54_9MYCO	178	0				
AhpD	tr|A0A177I942|A0A177I942_9CORY	179	0				
AhpD	tr|A0A1D9MLQ7|A0A1D9MLQ7_9ACTO	176	0				
AhpD	tr|A0A1X1TM37|A0A1X1TM37_9MYCO	181	0				
AhpD	tr|A0A5C4J0G8|A0A5C4J0G8_9ACTN	161	0				
AhpD	tr|A0A7H2BD90|A0A7H2BD90_9MICC	177	0				
AhpD	tr|A0A7V8RYV1|A0A7V8RYV1_9MYCO	175	0				
AhpD	tr|A0A841BRU7|A0A841BRU7_9ACTN	196	0				
AhpD	tr|A0A8J3VZR4|A0A8J3VZR4_9ACTN	177	0				
AhpD	tr|A0A917WPW1|A0A917WPW1_9ACTN	168	0				
AhpD	tr|A0A918Z231|A0A918Z231_9ACTN	171	0				
AhpD	tr|A0A919L1W5|A0A919L1W5_9ACTN	180	0				
AhpD	tr|A0AAT9HC27|A0AAT9HC27_9ACTN	124	0				
AhpD	tr|A0ABN0AIJ8|A0ABN0AIJ8_CORAM	181	0				
AhpD	tr|A0ABN3W320|A0ABN3W320_9ACTN	178	0				
AhpD	tr|A0ABW0EL19|A0ABW0EL19_9PSEU	184	0				
AhpD	tr|A0ABW1SZL1|A0ABW1SZL1_9ACTN	183	0				
AhpD	tr|A0ABW6SVA5|A0ABW6SVA5_9ACTN	178	0				
AhpD	tr|A0ABP6QIN5|A0ABP6QIN5_9ACTN	178	0				
AhpD	tr|A0ABP8TH20|A0ABP8TH20_9ACTN	179	0				
AhpD	tr|A0ABQ2EK09|A0ABQ2EK09_9ACTN	187	0				
AhpD	tr|A0ABS0JMC5|A0ABS0JMC5_9ACTN	198	0				
AhpD	tr|A0ABS5AED4|A0ABS5AED4_9PSEU	178	0				
AhpD	tr|A0ABS5KKP8|A0ABS5KKP8_9ACTN	176	0				
AhpD	tr|A0ABT9N0R0|A0ABT9N0R0_9ACTN	175	0				
AhpD	tr|A0ABU4CWE2|A0ABU4CWE2_9NOCA	179	0				
AhpD	tr|A0ABV3G8X1|A0ABV3G8X1_MICGL	178	0				
AhpD	tr|A0ABY3TNW6|A0ABY3TNW6_9MYCO	177	0				
AhpD	tr|A0ABY8K072|A0ABY8K072_9ACTN	177	0				
AhpD	sp|A9KBI4|AHPD_COXBN	177	0				
AhpD	tr|D6Y350|D6Y350_THEBD	178	0				
AhpD	tr|E3JD65|E3JD65_PSEI1	179	0				
AhpD	tr|A0A094J6F8|A0A094J6F8_9GAMM	175	0				
AhpD	tr|A0A098QW79|A0A098QW79_9SPIO	197	0				
AhpD	tr|A0A099CTK7|A0A099CTK7_9GAMM	187	0				
AhpD	tr|A0A0A1FJZ3|A0A0A1FJZ3_9BURK	169	0				
AhpD	tr|A0A0A1W9N5|A0A0A1W9N5_9SPHN	173	0				
AhpD	tr|A0A0E3V6K0|A0A0E3V6K0_9BACT	195	1	77-101	0.000357	150-190	4.66e-06
AhpD	tr|A0A0F3KHQ0|A0A0F3KHQ0_9GAMM	180	0				
AhpD	tr|A0A0F6YHZ9|A0A0F6YHZ9_9BACT	187	0				
AhpD	tr|A0A0H2MI05|A0A0H2MI05_9PROT	176	0				
AhpD	tr|A0A0H4VRX3|A0A0H4VRX3_9BACT	194	0				
AhpD	tr|A0A0K0XWV8|A0A0K0XWV8_9GAMM	184	0				
AhpD	tr|A0A0K1PGB3|A0A0K1PGB3_9BACT	176	0				
AhpD	tr|A0A0R3M8H1|A0A0R3M8H1_9BRAD	189	0				
AhpD	tr|A0A172TY21|A0A172TY21_9BACT	197	0				
AhpD	tr|A0A1B1AKW3|A0A1B1AKW3_9PROT	177	0				
AhpD	tr|A0A432WB07|A0A432WB07_9GAMM	175	0				
AhpD	tr|A0A432ZFY8|A0A432ZFY8_9GAMM	175	0				
AhpD	tr|A0A4Q1C217|A0A4Q1C217_9BACT	190	0				
AhpD	tr|A0A4Q7YSF8|A0A4Q7YSF8_9BACT	185	0				
AhpD	tr|A0A4Q9BBI7|A0A4Q9BBI7_9BACT	190	0				
AhpD	tr|A0A4R2E6Z3|A0A4R2E6Z3_9BACT	192	0				
AhpD	tr|A0A4U1IY88|A0A4U1IY88_9BACT	180	0				
AhpD	tr|A0A4V3D7G7|A0A4V3D7G7_9GAMM	176	0				
AhpD	tr|A0A517YR92|A0A517YR92_9BACT	179	0				
AhpD	tr|A0A518BZF2|A0A518BZF2_9BACT	174	0				
AhpD	tr|A0A552X0W9|A0A552X0W9_9GAMM	175	0				
AhpD	tr|A0A286DQZ4|A0A286DQZ4_9ACTN	181	0				
AhpD	tr|A0A2C9DCG8|A0A2C9DCG8_9HYPH	181	0				
AhpD	tr|A0A1G9LDG7|A0A1G9LDG7_9PROT	175	0				
AhpD	tr|A0A1H3Z796|A0A1H3Z796_9BACT	195	0				
AhpD	tr|A0A1H9LYH5|A0A1H9LYH5_9HYPH	182	0				
AhpD	tr|A0A1I0V8H7|A0A1I0V8H7_9BACT	196	0				
AhpD	tr|A0A1I1XN00|A0A1I1XN00_9BACT	175	0				
AhpD	tr|A0A1L9B6L6|A0A1L9B6L6_9BACT	175	0				
AhpD	tr|A0A1Y6CLK4|A0A1Y6CLK4_9PROT	182	0				
AhpD	tr|A0A212Q7D8|A0A212Q7D8_9PROT	177	0				
AhpD	tr|A0A255XTB6|A0A255XTB6_9PROT	177	0				
AhpD	tr|A0A2I7N2X1|A0A2I7N2X1_9NEIS	177	0				
AhpD	tr|A0A2P8D9I9|A0A2P8D9I9_9BACT	191	0				
AhpD	tr|A0A2S5A2J8|A0A2S5A2J8_9SPHI	194	0				
AhpD	tr|A0A2S7IQT0|A0A2S7IQT0_9BACT	195	0				
AhpD	tr|A0A2S9JGP9|A0A2S9JGP9_9HYPH	172	0				
AhpD	tr|A0A2U2AFN8|A0A2U2AFN8_9GAMM	175	0				
AhpD	tr|A0A2W2AGX1|A0A2W2AGX1_9BACT	192	0				
AhpD	tr|A0A2Z5UWN1|A0A2Z5UWN1_9COXI	176	0				
AhpD	tr|A0A317ZIQ1|A0A317ZIQ1_9BACT	177	0				
AhpD	tr|A0A370GYU8|A0A370GYU8_9COXI	176	0				
AhpD	tr|A0A378IG47|A0A378IG47_9GAMM	170	0				
AhpD	tr|A0A378JHZ4|A0A378JHZ4_9GAMM	171	0				
AhpD	tr|A0A378L3X1|A0A378L3X1_9GAMM	171	0				
AhpD	tr|A0A3B7MT39|A0A3B7MT39_9BACT	199	1	82-106	0.000306	155-193	0.000368
AhpD	tr|A0A3N1L0U7|A0A3N1L0U7_9PROT	182	0				
AhpD	tr|A0A3N4PNJ3|A0A3N4PNJ3_9BACT	195	0				
AhpD	tr|A0A418X0P8|A0A418X0P8_9BURK	135	0				
AhpD	tr|A0A5A7MSW6|A0A5A7MSW6_9PROT	176	0				
AhpD	tr|A0A5B2VWD3|A0A5B2VWD3_9BACT	195	0				
AhpD	tr|A0A5B8VHE7|A0A5B8VHE7_9BACT	199	0				
AhpD	tr|A0A5B8XEV6|A0A5B8XEV6_9RICK	169	0				
AhpD	tr|A0A5N1ITQ9|A0A5N1ITQ9_9BACT	194	0				
AhpD	tr|A0A5P2G9M2|A0A5P2G9M2_9BACT	196	1	81-104	2.09e-05	150-184	0.000143
AhpD	tr|A0A6N4SXG8|A0A6N4SXG8_CYTH3	169	0				
AhpD	tr|A0A7G5ILM5|A0A7G5ILM5_9SPHN	173	0				
AhpD	tr|A0A7M2WVI4|A0A7M2WVI4_9BACT	175	0				
AhpD	tr|A0A7S7SNJ8|A0A7S7SNJ8_PALFE	174	0				
AhpD	tr|A0A7W8DR01|A0A7W8DR01_9BACT	175	0				
AhpD	tr|A0A7X5YLC7|A0A7X5YLC7_9CAUL	179	0				
AhpD	tr|A0A7Y3RNF4|A0A7Y3RNF4_9PROT	177	0				
AhpD	tr|A0A7Z2NXB1|A0A7Z2NXB1_9SPHN	173	0				
AhpD	tr|A0A829Y5M7|A0A829Y5M7_9GAMM	185	0				
AhpD	tr|A0A839EXB9|A0A839EXB9_9GAMM	186	0				
AhpD	tr|A0A840AB32|A0A840AB32_9PROT	176	0				
AhpD	tr|A0A841EYK0|A0A841EYK0_9BACT	194	0				
AhpD	tr|A0A848IZZ2|A0A848IZZ2_9BACT	191	0				
AhpD	tr|A0A8A4TRT5|A0A8A4TRT5_SULCO	180	0				
AhpD	tr|A0A8B6M3U0|A0A8B6M3U0_METTU	178	0				
AhpD	tr|A0A8B6X3P2|A0A8B6X3P2_9BURK	174	0				
AhpD	tr|A0A8J2V6I9|A0A8J2V6I9_9PROT	176	0				
AhpD	tr|A0A8J3CRA2|A0A8J3CRA2_9PROT	175	0				
AhpD	tr|A0A8J3EBN6|A0A8J3EBN6_9PROT	188	0				
AhpD	tr|A0A8J7QPH8|A0A8J7QPH8_9BACT	181	0				
AhpD	tr|A0A8J7VU76|A0A8J7VU76_9GAMM	191	0				
AhpD	tr|A0A8S8XC05|A0A8S8XC05_9PROT	178	0				
AhpD	tr|A0A915VK94|A0A915VK94_9BACT	191	1	74-99	0.000116	146-180	0.000865
AhpD	tr|A0A918ULW3|A0A918ULW3_9CAUL	189	0				
AhpD	tr|A0A953LDE7|A0A953LDE7_9BACT	193	0				
AhpD	tr|A0A974SKI1|A0A974SKI1_9HYPH	181	0				
AhpD	tr|A0A9X3Z6M6|A0A9X3Z6M6_9PROT	179	0				
AhpD	tr|A0AAP6MLZ6|A0AAP6MLZ6_9GAMM	176	0				
AhpD	tr|A0AAW9S7F6|A0AAW9S7F6_9BACT	190	0				
AhpD	tr|A0ABM6TLQ7|A0ABM6TLQ7_9CAUL	183	0				
AhpD	tr|A0ABQ6VX36|A0ABQ6VX36_9PROT	175	0				
AhpD	tr|A0ABS0SUV5|A0ABS0SUV5_9CAUL	176	0				
AhpD	tr|A0ABS3YRC5|A0ABS3YRC5_9BACT	199	0				
AhpD	tr|A0ABS6BDV0|A0ABS6BDV0_9SPHN	174	0				
AhpD	tr|A0ABS7WK25|A0ABS7WK25_9SPHN	173	0				
AhpD	tr|A0ABT5YKW3|A0ABT5YKW3_9PROT	183	0				
AhpD	tr|A0ABT6FHQ2|A0ABT6FHQ2_9BACT	179	0				
AhpD	tr|A0ABT7CFD9|A0ABT7CFD9_9BACT	194	0				
AhpD	tr|A0ABU0W4B6|A0ABU0W4B6_9GAMM	176	0				
AhpD	tr|A0ABU1LNA2|A0ABU1LNA2_9BURK	134	0				
AhpD	tr|A0ABU7LVP0|A0ABU7LVP0_9PROT	174	0				
AhpD	tr|A0ABU9XYN1|A0ABU9XYN1_9SPHN	173	0				
AhpD	tr|A0ABV2T6W7|A0ABV2T6W7_9BACT	195	0				
AhpD	tr|A0ABV7VGG8|A0ABV7VGG8_9PROT	186	0				
AhpD	tr|A0ABV7XDE4|A0ABV7XDE4_9SPHN	173	0				
AhpD	tr|A0ABV7YXW6|A0ABV7YXW6_9BACT	195	0				
AhpD	tr|A0A3S5EM43|A0A3S5EM43_9ACTO	176	0				
AhpD	tr|A0A4R4T9E0|A0A4R4T9E0_9ACTN	189	0				
AhpD	tr|A0A518BG20|A0A518BG20_9BACT	179	0				
AhpD	tr|A0A553G3N2|A0A553G3N2_9CORY	177	0				
AhpD	tr|A0A561UFP1|A0A561UFP1_9ACTN	177	0				
AhpD	tr|A0A5B1BVY1|A0A5B1BVY1_MYCSI	178	0				
AhpD	tr|A0ABW5AN51|A0ABW5AN51_9BRAD	195	0				
AhpD	tr|A0ABX0JXY6|A0ABX0JXY6_9PROT	175	0				
AhpD	tr|A0ABX3A5N0|A0ABX3A5N0_9GAMM	178	0				
AhpD	tr|A0ABX8TFT8|A0ABX8TFT8_9CAUL	178	0				
AhpD	tr|A0ABY4ZTM1|A0ABY4ZTM1_9CAUL	186	0				
AhpD	tr|A0ABY6J5I6|A0ABY6J5I6_9BACT	196	0				
AhpD	tr|A0ABZ0UQP0|A0ABZ0UQP0_9RICK	188	0				
AhpD	tr|A0ABZ2LLB2|A0ABZ2LLB2_9BACT	177	0				
AhpD	sp|B0UAJ8|AHPD_METS4	176	0				
AhpD	tr|B3QWF3|B3QWF3_CHLT3	192	0				
AhpD	sp|B4UA87|AHPD_ANASK	186	0				
AhpD	tr|F4QLA6|F4QLA6_9CAUL	174	0				
AhpD	tr|F7XVL2|F7XVL2_MIDMI	189	0				
AhpD	tr|G2KLL5|G2KLL5_MICAA	183	0				
AhpD	tr|G4QAA7|G4QAA7_TAYAM	171	0				
AhpD	tr|H6L9D3|H6L9D3_SAPGL	192	0				
AhpD	tr|M2TR12|M2TR12_9SPHN	173	0				
AhpD	sp|Q02BZ5|AHPD_SOLUE	177	0				
AhpD	sp|Q0AKM4|AHPD_MARMM	173	0				
AhpD	tr|Q5ZT16|Q5ZT16_LEGPH	187	0				
AhpD	tr|R4WQB0|R4WQB0_9BURK	182	0				
AhpD	tr|A0A327K9Q0|A0A327K9Q0_9BRAD	120	0				
AhpD	tr|A0ABW1J285|A0ABW1J285_9PSEU	155	0				
